{"project_apps":[{"app_build_type":null,"app_project":"076960f9-3339-413c-aa61-19ab7e9a41d4","app_classes":[{"class_vars":[{"var_type":"boolean","var_isTransient":false,"var_isVolatile":false,"var_isFinal":false,"var_array":false,"var_isStatic":false},{"var_type":"Canvas","var_isTransient":false,"var_isVolatile":false,"var_isFinal":false,"var_array":false,"var_isStatic":false},{"var_type":"float","var_isTransient":false,"var_isVolatile":false,"var_isFinal":false,"var_array":false,"var_isStatic":false},{"var_type":"float","var_isTransient":false,"var_isVolatile":false,"var_isFinal":false,"var_array":false,"var_isStatic":false},{"var_type":"Context","var_isTransient":false,"var_isVolatile":false,"var_isFinal":false,"var_array":false,"var_isStatic":false},{"var_type":"Paint","var_isTransient":false,"var_isVolatile":false,"var_isFinal":false,"var_array":false,"var_isStatic":false},{"var_type":"int","var_isTransient":false,"var_isVolatile":false,"var_isFinal":false,"var_array":false,"var_isStatic":false},{"var_type":"int","var_isTransient":false,"var_isVolatile":false,"var_isFinal":false,"var_array":false,"var_isStatic":false},{"var_type":"float","var_isTransient":false,"var_isVolatile":false,"var_isFinal":false,"var_array":false,"var_isStatic":false},{"var_type":"Path","var_isTransient":false,"var_isVolatile":false,"var_isFinal":false,"var_array":false,"var_isStatic":false},{"var_type":"Bitmap","var_isTransient":false,"var_isVolatile":false,"var_isFinal":false,"var_array":false,"var_isStatic":false},{"var_type":"int","var_isTransient":false,"var_isVolatile":false,"var_isFinal":false,"var_array":false,"var_isStatic":false},{"var_type":"boolean","var_isTransient":false,"var_isVolatile":false,"var_isFinal":false,"var_array":false,"var_isStatic":false},{"var_type":"int","var_isTransient":false,"var_isVolatile":false,"var_isFinal":false,"var_array":false,"var_isStatic":false},{"var_type":"BitmapShader","var_isTransient":false,"var_isVolatile":false,"var_isFinal":false,"var_array":false,"var_isStatic":false},{"var_type":"Paint","var_isTransient":false,"var_isVolatile":false,"var_isFinal":false,"var_array":false,"var_isStatic":false},{"var_type":"int","var_isTransient":false,"var_isVolatile":false,"var_isFinal":false,"var_array":false,"var_isStatic":false},{"var_type":"float","var_isTransient":false,"var_isVolatile":false,"var_isFinal":false,"var_array":false,"var_isStatic":false},{"var_type":"float","var_isTransient":false,"var_isVolatile":false,"var_isFinal":false,"var_array":false,"var_isStatic":false},{"var_type":"boolean","var_isTransient":false,"var_isVolatile":false,"var_isFinal":false,"var_array":false,"var_isStatic":false},{"var_type":"float","var_isTransient":false,"var_isVolatile":false,"var_isFinal":false,"var_array":false,"var_isStatic":false},{"var_type":"int","var_isTransient":false,"var_isVolatile":false,"var_isFinal":false,"var_array":false,"var_isStatic":false},{"var_type":"int","var_isTransient":false,"var_isVolatile":false,"var_isFinal":false,"var_array":false,"var_isStatic":false},{"var_type":"boolean","var_isTransient":false,"var_isVolatile":false,"var_isFinal":false,"var_array":false,"var_isStatic":false},{"var_type":"int","var_isTransient":false,"var_isVolatile":false,"var_isFinal":false,"var_array":false,"var_isStatic":false}],"class_is_interface":false,"class_superclass":"ImageView","class_id":"076960f9-3339-413c-aa61-19ab7e9a41d4#com.psaravan.flexiimageview.lib.View.FlexiImageView","class_app":"076960f9-3339-413c-aa61-19ab7e9a41d4#com.psaravan.flexiimageview.demo","class_package":"com.psaravan.flexiimageview.lib.View","class_imports":[{"import_name":"android.graphics.name","import_class":"076960f9-3339-413c-aa61-19ab7e9a41d4#com.psaravan.flexiimageview.lib.View.FlexiImageView"},{"import_name":"com.psaravan.flexiimageview.lib.Shapes.name","import_class":"076960f9-3339-413c-aa61-19ab7e9a41d4#com.psaravan.flexiimageview.lib.View.FlexiImageView"},{"import_name":"android.graphics.name","import_class":"076960f9-3339-413c-aa61-19ab7e9a41d4#com.psaravan.flexiimageview.lib.View.FlexiImageView"},{"import_name":"android.graphics.name","import_class":"076960f9-3339-413c-aa61-19ab7e9a41d4#com.psaravan.flexiimageview.lib.View.FlexiImageView"},{"import_name":"android.graphics.name","import_class":"076960f9-3339-413c-aa61-19ab7e9a41d4#com.psaravan.flexiimageview.lib.View.FlexiImageView"},{"import_name":"android.content.name","import_class":"076960f9-3339-413c-aa61-19ab7e9a41d4#com.psaravan.flexiimageview.lib.View.FlexiImageView"},{"import_name":"android.util.name","import_class":"076960f9-3339-413c-aa61-19ab7e9a41d4#com.psaravan.flexiimageview.lib.View.FlexiImageView"},{"import_name":"android.graphics.name","import_class":"076960f9-3339-413c-aa61-19ab7e9a41d4#com.psaravan.flexiimageview.lib.View.FlexiImageView"},{"import_name":"android.graphics.drawable.name","import_class":"076960f9-3339-413c-aa61-19ab7e9a41d4#com.psaravan.flexiimageview.lib.View.FlexiImageView"},{"import_name":"android.graphics.drawable.name","import_class":"076960f9-3339-413c-aa61-19ab7e9a41d4#com.psaravan.flexiimageview.lib.View.FlexiImageView"},{"import_name":"android.graphics.name","import_class":"076960f9-3339-413c-aa61-19ab7e9a41d4#com.psaravan.flexiimageview.lib.View.FlexiImageView"},{"import_name":"android.widget.name","import_class":"076960f9-3339-413c-aa61-19ab7e9a41d4#com.psaravan.flexiimageview.lib.View.FlexiImageView"}],"class_implemented_ifaces":"","class_acc_modifier":"private","class_non_acc_mod":"","class_name":"FlexiImageView","class_methods":[{"method_declared_vars":[],"method_name":"isBlurEnabled","method_acc_modifier":"public","method_id":"com.psaravan.flexiimageview.lib.View.FlexiImageView.isBlurEnabled()","method_metrics":[{"mm_value":1,"mm_metric":"loc","mm_method":"com.psaravan.flexiimageview.lib.View.FlexiImageView.isBlurEnabled()","mm_value_text":""},{"mm_value":1,"mm_metric":"cc","mm_method":"com.psaravan.flexiimageview.lib.View.FlexiImageView.isBlurEnabled()","mm_value_text":""},{"mm_value":0,"mm_metric":"nr_args","mm_method":"com.psaravan.flexiimageview.lib.View.FlexiImageView.isBlurEnabled()","mm_value_text":""}],"method_non_acc_mod":"","method_args":"","method_class":"076960f9-3339-413c-aa61-19ab7e9a41d4#com.psaravan.flexiimageview.lib.View.FlexiImageView"},{"method_declared_vars":[],"method_name":"isMultiImage","method_acc_modifier":"public","method_id":"com.psaravan.flexiimageview.lib.View.FlexiImageView.isMultiImage()","method_metrics":[{"mm_value":1,"mm_metric":"loc","mm_method":"com.psaravan.flexiimageview.lib.View.FlexiImageView.isMultiImage()","mm_value_text":""},{"mm_value":1,"mm_metric":"cc","mm_method":"com.psaravan.flexiimageview.lib.View.FlexiImageView.isMultiImage()","mm_value_text":""},{"mm_value":0,"mm_metric":"nr_args","mm_method":"com.psaravan.flexiimageview.lib.View.FlexiImageView.isMultiImage()","mm_value_text":""}],"method_non_acc_mod":"","method_args":"","method_class":"076960f9-3339-413c-aa61-19ab7e9a41d4#com.psaravan.flexiimageview.lib.View.FlexiImageView"},{"method_declared_vars":[],"method_name":"setMultiImage","method_acc_modifier":"public","method_id":"com.psaravan.flexiimageview.lib.View.FlexiImageView.setMultiImage(#boolean)","method_metrics":[{"mm_value":2,"mm_metric":"loc","mm_method":"com.psaravan.flexiimageview.lib.View.FlexiImageView.setMultiImage(#boolean)","mm_value_text":""},{"mm_value":1,"mm_metric":"cc","mm_method":"com.psaravan.flexiimageview.lib.View.FlexiImageView.setMultiImage(#boolean)","mm_value_text":""},{"mm_value":1,"mm_metric":"nr_args","mm_method":"com.psaravan.flexiimageview.lib.View.FlexiImageView.setMultiImage(#boolean)","mm_value_text":""}],"method_non_acc_mod":"","method_args":"boolean#","method_class":"076960f9-3339-413c-aa61-19ab7e9a41d4#com.psaravan.flexiimageview.lib.View.FlexiImageView"},{"method_declared_vars":[],"method_name":"setRectWidth","method_acc_modifier":"public","method_id":"com.psaravan.flexiimageview.lib.View.FlexiImageView.setRectWidth(#int)","method_metrics":[{"mm_value":1,"mm_metric":"loc","mm_method":"com.psaravan.flexiimageview.lib.View.FlexiImageView.setRectWidth(#int)","mm_value_text":""},{"mm_value":1,"mm_metric":"cc","mm_method":"com.psaravan.flexiimageview.lib.View.FlexiImageView.setRectWidth(#int)","mm_value_text":""},{"mm_value":1,"mm_metric":"nr_args","mm_method":"com.psaravan.flexiimageview.lib.View.FlexiImageView.setRectWidth(#int)","mm_value_text":""}],"method_non_acc_mod":"","method_args":"int#","method_class":"076960f9-3339-413c-aa61-19ab7e9a41d4#com.psaravan.flexiimageview.lib.View.FlexiImageView"},{"method_declared_vars":[],"method_name":"getShape","method_acc_modifier":"public","method_id":"com.psaravan.flexiimageview.lib.View.FlexiImageView.getShape()","method_metrics":[{"mm_value":1,"mm_metric":"loc","mm_method":"com.psaravan.flexiimageview.lib.View.FlexiImageView.getShape()","mm_value_text":""},{"mm_value":1,"mm_metric":"cc","mm_method":"com.psaravan.flexiimageview.lib.View.FlexiImageView.getShape()","mm_value_text":""},{"mm_value":0,"mm_metric":"nr_args","mm_method":"com.psaravan.flexiimageview.lib.View.FlexiImageView.getShape()","mm_value_text":""}],"method_non_acc_mod":"","method_args":"","method_class":"076960f9-3339-413c-aa61-19ab7e9a41d4#com.psaravan.flexiimageview.lib.View.FlexiImageView"},{"method_declared_vars":[],"method_name":"isShadowEnabled","method_acc_modifier":"public","method_id":"com.psaravan.flexiimageview.lib.View.FlexiImageView.isShadowEnabled()","method_metrics":[{"mm_value":1,"mm_metric":"loc","mm_method":"com.psaravan.flexiimageview.lib.View.FlexiImageView.isShadowEnabled()","mm_value_text":""},{"mm_value":1,"mm_metric":"cc","mm_method":"com.psaravan.flexiimageview.lib.View.FlexiImageView.isShadowEnabled()","mm_value_text":""},{"mm_value":0,"mm_metric":"nr_args","mm_method":"com.psaravan.flexiimageview.lib.View.FlexiImageView.isShadowEnabled()","mm_value_text":""}],"method_non_acc_mod":"","method_args":"","method_class":"076960f9-3339-413c-aa61-19ab7e9a41d4#com.psaravan.flexiimageview.lib.View.FlexiImageView"},{"method_declared_vars":[],"method_name":"setOvalVerticalRadius","method_acc_modifier":"public","method_id":"com.psaravan.flexiimageview.lib.View.FlexiImageView.setOvalVerticalRadius(#float)","method_metrics":[{"mm_value":3,"mm_metric":"loc","mm_method":"com.psaravan.flexiimageview.lib.View.FlexiImageView.setOvalVerticalRadius(#float)","mm_value_text":""},{"mm_value":2,"mm_metric":"cc","mm_method":"com.psaravan.flexiimageview.lib.View.FlexiImageView.setOvalVerticalRadius(#float)","mm_value_text":""},{"mm_value":1,"mm_metric":"nr_args","mm_method":"com.psaravan.flexiimageview.lib.View.FlexiImageView.setOvalVerticalRadius(#float)","mm_value_text":""}],"method_non_acc_mod":"","method_args":"float#","method_class":"076960f9-3339-413c-aa61-19ab7e9a41d4#com.psaravan.flexiimageview.lib.View.FlexiImageView"},{"method_declared_vars":[],"method_name":"getShadowDx","method_acc_modifier":"public","method_id":"com.psaravan.flexiimageview.lib.View.FlexiImageView.getShadowDx()","method_metrics":[{"mm_value":1,"mm_metric":"loc","mm_method":"com.psaravan.flexiimageview.lib.View.FlexiImageView.getShadowDx()","mm_value_text":""},{"mm_value":1,"mm_metric":"cc","mm_method":"com.psaravan.flexiimageview.lib.View.FlexiImageView.getShadowDx()","mm_value_text":""},{"mm_value":0,"mm_metric":"nr_args","mm_method":"com.psaravan.flexiimageview.lib.View.FlexiImageView.getShadowDx()","mm_value_text":""}],"method_non_acc_mod":"","method_args":"","method_class":"076960f9-3339-413c-aa61-19ab7e9a41d4#com.psaravan.flexiimageview.lib.View.FlexiImageView"},{"method_declared_vars":[],"method_name":"setMultiImageBitmaps","method_acc_modifier":"public","method_id":"com.psaravan.flexiimageview.lib.View.FlexiImageView.setMultiImageBitmaps(#Bitmap[])","method_metrics":[{"mm_value":3,"mm_metric":"loc","mm_method":"com.psaravan.flexiimageview.lib.View.FlexiImageView.setMultiImageBitmaps(#Bitmap[])","mm_value_text":""},{"mm_value":3,"mm_metric":"cc","mm_method":"com.psaravan.flexiimageview.lib.View.FlexiImageView.setMultiImageBitmaps(#Bitmap[])","mm_value_text":""},{"mm_value":1,"mm_metric":"nr_args","mm_method":"com.psaravan.flexiimageview.lib.View.FlexiImageView.setMultiImageBitmaps(#Bitmap[])","mm_value_text":""}],"method_non_acc_mod":"","method_args":"Bitmap[][]#","method_class":"076960f9-3339-413c-aa61-19ab7e9a41d4#com.psaravan.flexiimageview.lib.View.FlexiImageView"},{"method_declared_vars":[],"method_name":"getShadowDy","method_acc_modifier":"public","method_id":"com.psaravan.flexiimageview.lib.View.FlexiImageView.getShadowDy()","method_metrics":[{"mm_value":1,"mm_metric":"loc","mm_method":"com.psaravan.flexiimageview.lib.View.FlexiImageView.getShadowDy()","mm_value_text":""},{"mm_value":1,"mm_metric":"cc","mm_method":"com.psaravan.flexiimageview.lib.View.FlexiImageView.getShadowDy()","mm_value_text":""},{"mm_value":0,"mm_metric":"nr_args","mm_method":"com.psaravan.flexiimageview.lib.View.FlexiImageView.getShadowDy()","mm_value_text":""}],"method_non_acc_mod":"","method_args":"","method_class":"076960f9-3339-413c-aa61-19ab7e9a41d4#com.psaravan.flexiimageview.lib.View.FlexiImageView"},{"method_declared_vars":[],"method_name":"setShadow","method_acc_modifier":"public","method_id":"com.psaravan.flexiimageview.lib.View.FlexiImageView.setShadow(#float#boolean#float#float#int)","method_metrics":[{"mm_value":6,"mm_metric":"loc","mm_method":"com.psaravan.flexiimageview.lib.View.FlexiImageView.setShadow(#float#boolean#float#float#int)","mm_value_text":""},{"mm_value":1,"mm_metric":"cc","mm_method":"com.psaravan.flexiimageview.lib.View.FlexiImageView.setShadow(#float#boolean#float#float#int)","mm_value_text":""},{"mm_value":5,"mm_metric":"nr_args","mm_method":"com.psaravan.flexiimageview.lib.View.FlexiImageView.setShadow(#float#boolean#float#float#int)","mm_value_text":""}],"method_non_acc_mod":"","method_args":"float#boolean#float#float#int#","method_class":"076960f9-3339-413c-aa61-19ab7e9a41d4#com.psaravan.flexiimageview.lib.View.FlexiImageView"},{"method_declared_vars":[],"method_name":"getOvalVerticalRadiusFactor","method_acc_modifier":"public","method_id":"com.psaravan.flexiimageview.lib.View.FlexiImageView.getOvalVerticalRadiusFactor()","method_metrics":[{"mm_value":1,"mm_metric":"loc","mm_method":"com.psaravan.flexiimageview.lib.View.FlexiImageView.getOvalVerticalRadiusFactor()","mm_value_text":""},{"mm_value":1,"mm_metric":"cc","mm_method":"com.psaravan.flexiimageview.lib.View.FlexiImageView.getOvalVerticalRadiusFactor()","mm_value_text":""},{"mm_value":0,"mm_metric":"nr_args","mm_method":"com.psaravan.flexiimageview.lib.View.FlexiImageView.getOvalVerticalRadiusFactor()","mm_value_text":""}],"method_non_acc_mod":"","method_args":"","method_class":"076960f9-3339-413c-aa61-19ab7e9a41d4#com.psaravan.flexiimageview.lib.View.FlexiImageView"},{"method_declared_vars":[],"method_name":"setImageResource","method_acc_modifier":"public","method_id":"com.psaravan.flexiimageview.lib.View.FlexiImageView.setImageResource(#int)","method_metrics":[{"mm_value":5,"mm_metric":"loc","mm_method":"com.psaravan.flexiimageview.lib.View.FlexiImageView.setImageResource(#int)","mm_value_text":""},{"mm_value":3,"mm_metric":"cc","mm_method":"com.psaravan.flexiimageview.lib.View.FlexiImageView.setImageResource(#int)","mm_value_text":""},{"mm_value":1,"mm_metric":"nr_args","mm_method":"com.psaravan.flexiimageview.lib.View.FlexiImageView.setImageResource(#int)","mm_value_text":""},{"mm_value":0,"mm_metric":"androidapi","mm_method":"com.psaravan.flexiimageview.lib.View.FlexiImageView.setImageResource(#int)","mm_value_text":"API: android.content.Context|method: null|()"},{"mm_value":0,"mm_metric":"androidapi","mm_method":"com.psaravan.flexiimageview.lib.View.FlexiImageView.setImageResource(#int)","mm_value_text":"API: android.graphics.Bitmap|method: null|()"},{"mm_value":0,"mm_metric":"androidapi","mm_method":"com.psaravan.flexiimageview.lib.View.FlexiImageView.setImageResource(#int)","mm_value_text":"API: android.graphics.BitmapFactory|method: decodeResource|()"},{"mm_value":0,"mm_metric":"androidapi","mm_method":"com.psaravan.flexiimageview.lib.View.FlexiImageView.setImageResource(#int)","mm_value_text":"API: android.content.Context|method: mContext|()"},{"mm_value":0,"mm_metric":"androidapi","mm_method":"com.psaravan.flexiimageview.lib.View.FlexiImageView.setImageResource(#int)","mm_value_text":"API: android.widget.ImageView|method: super|()"},{"mm_value":0,"mm_metric":"androidapi","mm_method":"com.psaravan.flexiimageview.lib.View.FlexiImageView.setImageResource(#int)","mm_value_text":"API: android.widget.ImageView|method: null|()"},{"mm_value":0,"mm_metric":"androidapi","mm_method":"com.psaravan.flexiimageview.lib.View.FlexiImageView.setImageResource(#int)","mm_value_text":"API: android.graphics.BitmapFactory|method: null|()"},{"mm_value":0,"mm_metric":"androidapi","mm_method":"com.psaravan.flexiimageview.lib.View.FlexiImageView.setImageResource(#int)","mm_value_text":"API: android.widget.ImageView|method: setImageBitmap|()"},{"mm_value":0,"mm_metric":"androidapi","mm_method":"com.psaravan.flexiimageview.lib.View.FlexiImageView.setImageResource(#int)","mm_value_text":"API: android.graphics.BitmapFactory|method: BitmapFactory|()"},{"mm_value":0,"mm_metric":"androidapi","mm_method":"com.psaravan.flexiimageview.lib.View.FlexiImageView.setImageResource(#int)","mm_value_text":"API: android.content.Context|method: getResources|()"}],"method_non_acc_mod":"","method_args":"int#","method_class":"076960f9-3339-413c-aa61-19ab7e9a41d4#com.psaravan.flexiimageview.lib.View.FlexiImageView"},{"method_declared_vars":[],"method_name":"getPath","method_acc_modifier":"public","method_id":"com.psaravan.flexiimageview.lib.View.FlexiImageView.getPath()","method_metrics":[{"mm_value":1,"mm_metric":"loc","mm_method":"com.psaravan.flexiimageview.lib.View.FlexiImageView.getPath()","mm_value_text":""},{"mm_value":1,"mm_metric":"cc","mm_method":"com.psaravan.flexiimageview.lib.View.FlexiImageView.getPath()","mm_value_text":""},{"mm_value":0,"mm_metric":"nr_args","mm_method":"com.psaravan.flexiimageview.lib.View.FlexiImageView.getPath()","mm_value_text":""},{"mm_value":0,"mm_metric":"androidapi","mm_method":"com.psaravan.flexiimageview.lib.View.FlexiImageView.getPath()","mm_value_text":"API: android.graphics.Path|method: null|()"}],"method_non_acc_mod":"","method_args":"","method_class":"076960f9-3339-413c-aa61-19ab7e9a41d4#com.psaravan.flexiimageview.lib.View.FlexiImageView"},{"method_declared_vars":[],"method_name":"getRectHeight","method_acc_modifier":"public","method_id":"com.psaravan.flexiimageview.lib.View.FlexiImageView.getRectHeight()","method_metrics":[{"mm_value":1,"mm_metric":"loc","mm_method":"com.psaravan.flexiimageview.lib.View.FlexiImageView.getRectHeight()","mm_value_text":""},{"mm_value":1,"mm_metric":"cc","mm_method":"com.psaravan.flexiimageview.lib.View.FlexiImageView.getRectHeight()","mm_value_text":""},{"mm_value":0,"mm_metric":"nr_args","mm_method":"com.psaravan.flexiimageview.lib.View.FlexiImageView.getRectHeight()","mm_value_text":""}],"method_non_acc_mod":"","method_args":"","method_class":"076960f9-3339-413c-aa61-19ab7e9a41d4#com.psaravan.flexiimageview.lib.View.FlexiImageView"},{"method_declared_vars":[],"method_name":"getShadowRadius","method_acc_modifier":"public","method_id":"com.psaravan.flexiimageview.lib.View.FlexiImageView.getShadowRadius()","method_metrics":[{"mm_value":1,"mm_metric":"loc","mm_method":"com.psaravan.flexiimageview.lib.View.FlexiImageView.getShadowRadius()","mm_value_text":""},{"mm_value":1,"mm_metric":"cc","mm_method":"com.psaravan.flexiimageview.lib.View.FlexiImageView.getShadowRadius()","mm_value_text":""},{"mm_value":0,"mm_metric":"nr_args","mm_method":"com.psaravan.flexiimageview.lib.View.FlexiImageView.getShadowRadius()","mm_value_text":""}],"method_non_acc_mod":"","method_args":"","method_class":"076960f9-3339-413c-aa61-19ab7e9a41d4#com.psaravan.flexiimageview.lib.View.FlexiImageView"},{"method_declared_vars":[],"method_name":"setCanvas","method_acc_modifier":"public","method_id":"com.psaravan.flexiimageview.lib.View.FlexiImageView.setCanvas(#Canvas)","method_metrics":[{"mm_value":1,"mm_metric":"loc","mm_method":"com.psaravan.flexiimageview.lib.View.FlexiImageView.setCanvas(#Canvas)","mm_value_text":""},{"mm_value":1,"mm_metric":"cc","mm_method":"com.psaravan.flexiimageview.lib.View.FlexiImageView.setCanvas(#Canvas)","mm_value_text":""},{"mm_value":1,"mm_metric":"nr_args","mm_method":"com.psaravan.flexiimageview.lib.View.FlexiImageView.setCanvas(#Canvas)","mm_value_text":""},{"mm_value":0,"mm_metric":"androidapi","mm_method":"com.psaravan.flexiimageview.lib.View.FlexiImageView.setCanvas(#Canvas)","mm_value_text":"API: android.graphics.Canvas|method: null|()"}],"method_non_acc_mod":"","method_args":"Canvas#","method_class":"076960f9-3339-413c-aa61-19ab7e9a41d4#com.psaravan.flexiimageview.lib.View.FlexiImageView"},{"method_declared_vars":[],"method_name":"getPaint","method_acc_modifier":"public","method_id":"com.psaravan.flexiimageview.lib.View.FlexiImageView.getPaint()","method_metrics":[{"mm_value":1,"mm_metric":"loc","mm_method":"com.psaravan.flexiimageview.lib.View.FlexiImageView.getPaint()","mm_value_text":""},{"mm_value":1,"mm_metric":"cc","mm_method":"com.psaravan.flexiimageview.lib.View.FlexiImageView.getPaint()","mm_value_text":""},{"mm_value":0,"mm_metric":"nr_args","mm_method":"com.psaravan.flexiimageview.lib.View.FlexiImageView.getPaint()","mm_value_text":""},{"mm_value":0,"mm_metric":"androidapi","mm_method":"com.psaravan.flexiimageview.lib.View.FlexiImageView.getPaint()","mm_value_text":"API: android.graphics.Paint|method: null|()"}],"method_non_acc_mod":"","method_args":"","method_class":"076960f9-3339-413c-aa61-19ab7e9a41d4#com.psaravan.flexiimageview.lib.View.FlexiImageView"},{"method_declared_vars":[],"method_name":"getCanvas","method_acc_modifier":"public","method_id":"com.psaravan.flexiimageview.lib.View.FlexiImageView.getCanvas()","method_metrics":[{"mm_value":1,"mm_metric":"loc","mm_method":"com.psaravan.flexiimageview.lib.View.FlexiImageView.getCanvas()","mm_value_text":""},{"mm_value":1,"mm_metric":"cc","mm_method":"com.psaravan.flexiimageview.lib.View.FlexiImageView.getCanvas()","mm_value_text":""},{"mm_value":0,"mm_metric":"nr_args","mm_method":"com.psaravan.flexiimageview.lib.View.FlexiImageView.getCanvas()","mm_value_text":""},{"mm_value":0,"mm_metric":"androidapi","mm_method":"com.psaravan.flexiimageview.lib.View.FlexiImageView.getCanvas()","mm_value_text":"API: android.graphics.Canvas|method: null|()"}],"method_non_acc_mod":"","method_args":"","method_class":"076960f9-3339-413c-aa61-19ab7e9a41d4#com.psaravan.flexiimageview.lib.View.FlexiImageView"},{"method_declared_vars":[],"method_name":"setPaint","method_acc_modifier":"public","method_id":"com.psaravan.flexiimageview.lib.View.FlexiImageView.setPaint(#Paint)","method_metrics":[{"mm_value":1,"mm_metric":"loc","mm_method":"com.psaravan.flexiimageview.lib.View.FlexiImageView.setPaint(#Paint)","mm_value_text":""},{"mm_value":1,"mm_metric":"cc","mm_method":"com.psaravan.flexiimageview.lib.View.FlexiImageView.setPaint(#Paint)","mm_value_text":""},{"mm_value":1,"mm_metric":"nr_args","mm_method":"com.psaravan.flexiimageview.lib.View.FlexiImageView.setPaint(#Paint)","mm_value_text":""},{"mm_value":0,"mm_metric":"androidapi","mm_method":"com.psaravan.flexiimageview.lib.View.FlexiImageView.setPaint(#Paint)","mm_value_text":"API: android.graphics.Paint|method: null|()"}],"method_non_acc_mod":"","method_args":"Paint#","method_class":"076960f9-3339-413c-aa61-19ab7e9a41d4#com.psaravan.flexiimageview.lib.View.FlexiImageView"},{"method_declared_vars":[],"method_name":"FlexiImageView","method_acc_modifier":"public","method_id":"com.psaravan.flexiimageview.lib.View.FlexiImageView.FlexiImageView()","method_metrics":[{"mm_value":2,"mm_metric":"loc","mm_method":"com.psaravan.flexiimageview.lib.View.FlexiImageView.FlexiImageView()","mm_value_text":""},{"mm_value":1,"mm_metric":"cc","mm_method":"com.psaravan.flexiimageview.lib.View.FlexiImageView.FlexiImageView()","mm_value_text":""},{"mm_value":0,"mm_metric":"nr_args","mm_method":"com.psaravan.flexiimageview.lib.View.FlexiImageView.FlexiImageView()","mm_value_text":""},{"mm_value":0,"mm_metric":"externalapi","mm_method":"com.psaravan.flexiimageview.lib.View.FlexiImageView.FlexiImageView()","mm_value_text":"API: context|method: null|()"},{"mm_value":0,"mm_metric":"androidapi","mm_method":"com.psaravan.flexiimageview.lib.View.FlexiImageView.FlexiImageView()","mm_value_text":"API: android.content.Context|method: null|()"}],"method_non_acc_mod":"","method_args":"","method_class":"076960f9-3339-413c-aa61-19ab7e9a41d4#com.psaravan.flexiimageview.lib.View.FlexiImageView"},{"method_declared_vars":[],"method_name":"setImageBitmap","method_acc_modifier":"public","method_id":"com.psaravan.flexiimageview.lib.View.FlexiImageView.setImageBitmap(#Bitmap)","method_metrics":[{"mm_value":5,"mm_metric":"loc","mm_method":"com.psaravan.flexiimageview.lib.View.FlexiImageView.setImageBitmap(#Bitmap)","mm_value_text":""},{"mm_value":3,"mm_metric":"cc","mm_method":"com.psaravan.flexiimageview.lib.View.FlexiImageView.setImageBitmap(#Bitmap)","mm_value_text":""},{"mm_value":1,"mm_metric":"nr_args","mm_method":"com.psaravan.flexiimageview.lib.View.FlexiImageView.setImageBitmap(#Bitmap)","mm_value_text":""},{"mm_value":0,"mm_metric":"androidapi","mm_method":"com.psaravan.flexiimageview.lib.View.FlexiImageView.setImageBitmap(#Bitmap)","mm_value_text":"API: android.graphics.Bitmap|method: null|()"},{"mm_value":0,"mm_metric":"androidapi","mm_method":"com.psaravan.flexiimageview.lib.View.FlexiImageView.setImageBitmap(#Bitmap)","mm_value_text":"API: android.widget.ImageView|method: super|()"},{"mm_value":0,"mm_metric":"androidapi","mm_method":"com.psaravan.flexiimageview.lib.View.FlexiImageView.setImageBitmap(#Bitmap)","mm_value_text":"API: android.widget.ImageView|method: null|()"},{"mm_value":0,"mm_metric":"androidapi","mm_method":"com.psaravan.flexiimageview.lib.View.FlexiImageView.setImageBitmap(#Bitmap)","mm_value_text":"API: android.widget.ImageView|method: setImageBitmap|()"}],"method_non_acc_mod":"","method_args":"Bitmap#","method_class":"076960f9-3339-413c-aa61-19ab7e9a41d4#com.psaravan.flexiimageview.lib.View.FlexiImageView"},{"method_declared_vars":[],"method_name":"setBlur","method_acc_modifier":"public","method_id":"com.psaravan.flexiimageview.lib.View.FlexiImageView.setBlur(#boolean)","method_metrics":[{"mm_value":2,"mm_metric":"loc","mm_method":"com.psaravan.flexiimageview.lib.View.FlexiImageView.setBlur(#boolean)","mm_value_text":""},{"mm_value":1,"mm_metric":"cc","mm_method":"com.psaravan.flexiimageview.lib.View.FlexiImageView.setBlur(#boolean)","mm_value_text":""},{"mm_value":1,"mm_metric":"nr_args","mm_method":"com.psaravan.flexiimageview.lib.View.FlexiImageView.setBlur(#boolean)","mm_value_text":""}],"method_non_acc_mod":"","method_args":"boolean#","method_class":"076960f9-3339-413c-aa61-19ab7e9a41d4#com.psaravan.flexiimageview.lib.View.FlexiImageView"},{"method_declared_vars":[],"method_name":"getOvalHorizontalRadiusFactor","method_acc_modifier":"public","method_id":"com.psaravan.flexiimageview.lib.View.FlexiImageView.getOvalHorizontalRadiusFactor()","method_metrics":[{"mm_value":1,"mm_metric":"loc","mm_method":"com.psaravan.flexiimageview.lib.View.FlexiImageView.getOvalHorizontalRadiusFactor()","mm_value_text":""},{"mm_value":1,"mm_metric":"cc","mm_method":"com.psaravan.flexiimageview.lib.View.FlexiImageView.getOvalHorizontalRadiusFactor()","mm_value_text":""},{"mm_value":0,"mm_metric":"nr_args","mm_method":"com.psaravan.flexiimageview.lib.View.FlexiImageView.getOvalHorizontalRadiusFactor()","mm_value_text":""}],"method_non_acc_mod":"","method_args":"","method_class":"076960f9-3339-413c-aa61-19ab7e9a41d4#com.psaravan.flexiimageview.lib.View.FlexiImageView"},{"method_declared_vars":[],"method_name":"setPath","method_acc_modifier":"public","method_id":"com.psaravan.flexiimageview.lib.View.FlexiImageView.setPath(#Path)","method_metrics":[{"mm_value":1,"mm_metric":"loc","mm_method":"com.psaravan.flexiimageview.lib.View.FlexiImageView.setPath(#Path)","mm_value_text":""},{"mm_value":1,"mm_metric":"cc","mm_method":"com.psaravan.flexiimageview.lib.View.FlexiImageView.setPath(#Path)","mm_value_text":""},{"mm_value":1,"mm_metric":"nr_args","mm_method":"com.psaravan.flexiimageview.lib.View.FlexiImageView.setPath(#Path)","mm_value_text":""},{"mm_value":0,"mm_metric":"androidapi","mm_method":"com.psaravan.flexiimageview.lib.View.FlexiImageView.setPath(#Path)","mm_value_text":"API: android.graphics.Path|method: null|()"}],"method_non_acc_mod":"","method_args":"Path#","method_class":"076960f9-3339-413c-aa61-19ab7e9a41d4#com.psaravan.flexiimageview.lib.View.FlexiImageView"},{"method_declared_vars":[{"var_type":"ShapeHelper","var_array":false,"var_name":"shapeHelper"}],"method_name":"draw","method_acc_modifier":"public","method_id":"com.psaravan.flexiimageview.lib.View.FlexiImageView.draw()","method_metrics":[{"mm_value":7,"mm_metric":"loc","mm_method":"com.psaravan.flexiimageview.lib.View.FlexiImageView.draw()","mm_value_text":""},{"mm_value":5,"mm_metric":"cc","mm_method":"com.psaravan.flexiimageview.lib.View.FlexiImageView.draw()","mm_value_text":""},{"mm_value":0,"mm_metric":"nr_args","mm_method":"com.psaravan.flexiimageview.lib.View.FlexiImageView.draw()","mm_value_text":""},{"mm_value":0,"mm_metric":"externalapi","mm_method":"com.psaravan.flexiimageview.lib.View.FlexiImageView.draw()","mm_value_text":"API: com.psaravan.flexiimageview.lib.Shapes.ShapeHelper|method: null|()"},{"mm_value":0,"mm_metric":"externalapi","mm_method":"com.psaravan.flexiimageview.lib.View.FlexiImageView.draw()","mm_value_text":"API: com.psaravan.flexiimageview.lib.Shapes.ShapeHelper|method: applyShape|()"},{"mm_value":0,"mm_metric":"externalapi","mm_method":"com.psaravan.flexiimageview.lib.View.FlexiImageView.draw()","mm_value_text":"API: com.psaravan.flexiimageview.lib.Shapes.ShapeHelper|method: shapeHelper|()"},{"mm_value":0,"mm_metric":"androidapi","mm_method":"com.psaravan.flexiimageview.lib.View.FlexiImageView.draw()","mm_value_text":"API: android.content.Context|method: null|()"},{"mm_value":0,"mm_metric":"androidapi","mm_method":"com.psaravan.flexiimageview.lib.View.FlexiImageView.draw()","mm_value_text":"API: android.graphics.Bitmap|method: null|()"},{"mm_value":0,"mm_metric":"androidapi","mm_method":"com.psaravan.flexiimageview.lib.View.FlexiImageView.draw()","mm_value_text":"API: android.widget.ImageView|method: super|()"},{"mm_value":0,"mm_metric":"androidapi","mm_method":"com.psaravan.flexiimageview.lib.View.FlexiImageView.draw()","mm_value_text":"API: android.widget.ImageView|method: null|()"},{"mm_value":0,"mm_metric":"androidapi","mm_method":"com.psaravan.flexiimageview.lib.View.FlexiImageView.draw()","mm_value_text":"API: android.widget.ImageView|method: setImageBitmap|()"}],"method_non_acc_mod":"","method_args":"","method_class":"076960f9-3339-413c-aa61-19ab7e9a41d4#com.psaravan.flexiimageview.lib.View.FlexiImageView"},{"method_declared_vars":[],"method_name":"getBitmapShader","method_acc_modifier":"public","method_id":"com.psaravan.flexiimageview.lib.View.FlexiImageView.getBitmapShader()","method_metrics":[{"mm_value":1,"mm_metric":"loc","mm_method":"com.psaravan.flexiimageview.lib.View.FlexiImageView.getBitmapShader()","mm_value_text":""},{"mm_value":1,"mm_metric":"cc","mm_method":"com.psaravan.flexiimageview.lib.View.FlexiImageView.getBitmapShader()","mm_value_text":""},{"mm_value":0,"mm_metric":"nr_args","mm_method":"com.psaravan.flexiimageview.lib.View.FlexiImageView.getBitmapShader()","mm_value_text":""},{"mm_value":0,"mm_metric":"androidapi","mm_method":"com.psaravan.flexiimageview.lib.View.FlexiImageView.getBitmapShader()","mm_value_text":"API: android.graphics.BitmapShader|method: null|()"}],"method_non_acc_mod":"","method_args":"","method_class":"076960f9-3339-413c-aa61-19ab7e9a41d4#com.psaravan.flexiimageview.lib.View.FlexiImageView"},{"method_declared_vars":[],"method_name":"setBorderDrawable","method_acc_modifier":"public","method_id":"com.psaravan.flexiimageview.lib.View.FlexiImageView.setBorderDrawable(#Drawable)","method_metrics":[{"mm_value":3,"mm_metric":"loc","mm_method":"com.psaravan.flexiimageview.lib.View.FlexiImageView.setBorderDrawable(#Drawable)","mm_value_text":""},{"mm_value":3,"mm_metric":"cc","mm_method":"com.psaravan.flexiimageview.lib.View.FlexiImageView.setBorderDrawable(#Drawable)","mm_value_text":""},{"mm_value":1,"mm_metric":"nr_args","mm_method":"com.psaravan.flexiimageview.lib.View.FlexiImageView.setBorderDrawable(#Drawable)","mm_value_text":""}],"method_non_acc_mod":"","method_args":"Drawable#","method_class":"076960f9-3339-413c-aa61-19ab7e9a41d4#com.psaravan.flexiimageview.lib.View.FlexiImageView"},{"method_declared_vars":[],"method_name":"getShadowPaint","method_acc_modifier":"public","method_id":"com.psaravan.flexiimageview.lib.View.FlexiImageView.getShadowPaint()","method_metrics":[{"mm_value":1,"mm_metric":"loc","mm_method":"com.psaravan.flexiimageview.lib.View.FlexiImageView.getShadowPaint()","mm_value_text":""},{"mm_value":1,"mm_metric":"cc","mm_method":"com.psaravan.flexiimageview.lib.View.FlexiImageView.getShadowPaint()","mm_value_text":""},{"mm_value":0,"mm_metric":"nr_args","mm_method":"com.psaravan.flexiimageview.lib.View.FlexiImageView.getShadowPaint()","mm_value_text":""},{"mm_value":0,"mm_metric":"androidapi","mm_method":"com.psaravan.flexiimageview.lib.View.FlexiImageView.getShadowPaint()","mm_value_text":"API: android.graphics.Paint|method: null|()"}],"method_non_acc_mod":"","method_args":"","method_class":"076960f9-3339-413c-aa61-19ab7e9a41d4#com.psaravan.flexiimageview.lib.View.FlexiImageView"},{"method_declared_vars":[],"method_name":"setShape","method_acc_modifier":"public","method_id":"com.psaravan.flexiimageview.lib.View.FlexiImageView.setShape(#int)","method_metrics":[{"mm_value":4,"mm_metric":"loc","mm_method":"com.psaravan.flexiimageview.lib.View.FlexiImageView.setShape(#int)","mm_value_text":""},{"mm_value":4,"mm_metric":"cc","mm_method":"com.psaravan.flexiimageview.lib.View.FlexiImageView.setShape(#int)","mm_value_text":""},{"mm_value":1,"mm_metric":"nr_args","mm_method":"com.psaravan.flexiimageview.lib.View.FlexiImageView.setShape(#int)","mm_value_text":""}],"method_non_acc_mod":"","method_args":"int#","method_class":"076960f9-3339-413c-aa61-19ab7e9a41d4#com.psaravan.flexiimageview.lib.View.FlexiImageView"},{"method_declared_vars":[],"method_name":"isBorderEnabled","method_acc_modifier":"public","method_id":"com.psaravan.flexiimageview.lib.View.FlexiImageView.isBorderEnabled()","method_metrics":[{"mm_value":1,"mm_metric":"loc","mm_method":"com.psaravan.flexiimageview.lib.View.FlexiImageView.isBorderEnabled()","mm_value_text":""},{"mm_value":1,"mm_metric":"cc","mm_method":"com.psaravan.flexiimageview.lib.View.FlexiImageView.isBorderEnabled()","mm_value_text":""},{"mm_value":0,"mm_metric":"nr_args","mm_method":"com.psaravan.flexiimageview.lib.View.FlexiImageView.isBorderEnabled()","mm_value_text":""}],"method_non_acc_mod":"","method_args":"","method_class":"076960f9-3339-413c-aa61-19ab7e9a41d4#com.psaravan.flexiimageview.lib.View.FlexiImageView"},{"method_declared_vars":[],"method_name":"setRectHeight","method_acc_modifier":"public","method_id":"com.psaravan.flexiimageview.lib.View.FlexiImageView.setRectHeight(#int)","method_metrics":[{"mm_value":1,"mm_metric":"loc","mm_method":"com.psaravan.flexiimageview.lib.View.FlexiImageView.setRectHeight(#int)","mm_value_text":""},{"mm_value":1,"mm_metric":"cc","mm_method":"com.psaravan.flexiimageview.lib.View.FlexiImageView.setRectHeight(#int)","mm_value_text":""},{"mm_value":1,"mm_metric":"nr_args","mm_method":"com.psaravan.flexiimageview.lib.View.FlexiImageView.setRectHeight(#int)","mm_value_text":""}],"method_non_acc_mod":"","method_args":"int#","method_class":"076960f9-3339-413c-aa61-19ab7e9a41d4#com.psaravan.flexiimageview.lib.View.FlexiImageView"},{"method_declared_vars":[],"method_name":"setOvalHorizontalRadius","method_acc_modifier":"public","method_id":"com.psaravan.flexiimageview.lib.View.FlexiImageView.setOvalHorizontalRadius(#float)","method_metrics":[{"mm_value":3,"mm_metric":"loc","mm_method":"com.psaravan.flexiimageview.lib.View.FlexiImageView.setOvalHorizontalRadius(#float)","mm_value_text":""},{"mm_value":2,"mm_metric":"cc","mm_method":"com.psaravan.flexiimageview.lib.View.FlexiImageView.setOvalHorizontalRadius(#float)","mm_value_text":""},{"mm_value":1,"mm_metric":"nr_args","mm_method":"com.psaravan.flexiimageview.lib.View.FlexiImageView.setOvalHorizontalRadius(#float)","mm_value_text":""}],"method_non_acc_mod":"","method_args":"float#","method_class":"076960f9-3339-413c-aa61-19ab7e9a41d4#com.psaravan.flexiimageview.lib.View.FlexiImageView"},{"method_declared_vars":[],"method_name":"setImageDrawable","method_acc_modifier":"public","method_id":"com.psaravan.flexiimageview.lib.View.FlexiImageView.setImageDrawable(#Drawable)","method_metrics":[{"mm_value":6,"mm_metric":"loc","mm_method":"com.psaravan.flexiimageview.lib.View.FlexiImageView.setImageDrawable(#Drawable)","mm_value_text":""},{"mm_value":3,"mm_metric":"cc","mm_method":"com.psaravan.flexiimageview.lib.View.FlexiImageView.setImageDrawable(#Drawable)","mm_value_text":""},{"mm_value":1,"mm_metric":"nr_args","mm_method":"com.psaravan.flexiimageview.lib.View.FlexiImageView.setImageDrawable(#Drawable)","mm_value_text":""},{"mm_value":0,"mm_metric":"externalapi","mm_method":"com.psaravan.flexiimageview.lib.View.FlexiImageView.setImageDrawable(#Drawable)","mm_value_text":"API: ((BitmapDrawable) drawable)|method: ((BitmapDrawable) drawable)|()"},{"mm_value":0,"mm_metric":"externalapi","mm_method":"com.psaravan.flexiimageview.lib.View.FlexiImageView.setImageDrawable(#Drawable)","mm_value_text":"API: ((BitmapDrawable) drawable)|method: getBitmap|()"},{"mm_value":0,"mm_metric":"androidapi","mm_method":"com.psaravan.flexiimageview.lib.View.FlexiImageView.setImageDrawable(#Drawable)","mm_value_text":"API: android.widget.ImageView|method: setImageDrawable|()"},{"mm_value":0,"mm_metric":"androidapi","mm_method":"com.psaravan.flexiimageview.lib.View.FlexiImageView.setImageDrawable(#Drawable)","mm_value_text":"API: android.graphics.Bitmap|method: null|()"},{"mm_value":0,"mm_metric":"androidapi","mm_method":"com.psaravan.flexiimageview.lib.View.FlexiImageView.setImageDrawable(#Drawable)","mm_value_text":"API: android.widget.ImageView|method: super|()"},{"mm_value":0,"mm_metric":"androidapi","mm_method":"com.psaravan.flexiimageview.lib.View.FlexiImageView.setImageDrawable(#Drawable)","mm_value_text":"API: android.widget.ImageView|method: null|()"},{"mm_value":0,"mm_metric":"androidapi","mm_method":"com.psaravan.flexiimageview.lib.View.FlexiImageView.setImageDrawable(#Drawable)","mm_value_text":"API: android.graphics.drawable.Drawable|method: null|()"}],"method_non_acc_mod":"","method_args":"Drawable#","method_class":"076960f9-3339-413c-aa61-19ab7e9a41d4#com.psaravan.flexiimageview.lib.View.FlexiImageView"},{"method_declared_vars":[],"method_name":"getBitmap","method_acc_modifier":"public","method_id":"com.psaravan.flexiimageview.lib.View.FlexiImageView.getBitmap()","method_metrics":[{"mm_value":1,"mm_metric":"loc","mm_method":"com.psaravan.flexiimageview.lib.View.FlexiImageView.getBitmap()","mm_value_text":""},{"mm_value":1,"mm_metric":"cc","mm_method":"com.psaravan.flexiimageview.lib.View.FlexiImageView.getBitmap()","mm_value_text":""},{"mm_value":0,"mm_metric":"nr_args","mm_method":"com.psaravan.flexiimageview.lib.View.FlexiImageView.getBitmap()","mm_value_text":""},{"mm_value":0,"mm_metric":"androidapi","mm_method":"com.psaravan.flexiimageview.lib.View.FlexiImageView.getBitmap()","mm_value_text":"API: android.graphics.Bitmap|method: null|()"}],"method_non_acc_mod":"","method_args":"","method_class":"076960f9-3339-413c-aa61-19ab7e9a41d4#com.psaravan.flexiimageview.lib.View.FlexiImageView"},{"method_declared_vars":[],"method_name":"setBorder","method_acc_modifier":"public","method_id":"com.psaravan.flexiimageview.lib.View.FlexiImageView.setBorder(#boolean)","method_metrics":[{"mm_value":2,"mm_metric":"loc","mm_method":"com.psaravan.flexiimageview.lib.View.FlexiImageView.setBorder(#boolean)","mm_value_text":""},{"mm_value":1,"mm_metric":"cc","mm_method":"com.psaravan.flexiimageview.lib.View.FlexiImageView.setBorder(#boolean)","mm_value_text":""},{"mm_value":1,"mm_metric":"nr_args","mm_method":"com.psaravan.flexiimageview.lib.View.FlexiImageView.setBorder(#boolean)","mm_value_text":""}],"method_non_acc_mod":"","method_args":"boolean#","method_class":"076960f9-3339-413c-aa61-19ab7e9a41d4#com.psaravan.flexiimageview.lib.View.FlexiImageView"},{"method_declared_vars":[],"method_name":"setShadowPaint","method_acc_modifier":"public","method_id":"com.psaravan.flexiimageview.lib.View.FlexiImageView.setShadowPaint(#Paint)","method_metrics":[{"mm_value":1,"mm_metric":"loc","mm_method":"com.psaravan.flexiimageview.lib.View.FlexiImageView.setShadowPaint(#Paint)","mm_value_text":""},{"mm_value":1,"mm_metric":"cc","mm_method":"com.psaravan.flexiimageview.lib.View.FlexiImageView.setShadowPaint(#Paint)","mm_value_text":""},{"mm_value":1,"mm_metric":"nr_args","mm_method":"com.psaravan.flexiimageview.lib.View.FlexiImageView.setShadowPaint(#Paint)","mm_value_text":""},{"mm_value":0,"mm_metric":"androidapi","mm_method":"com.psaravan.flexiimageview.lib.View.FlexiImageView.setShadowPaint(#Paint)","mm_value_text":"API: android.graphics.Paint|method: null|()"}],"method_non_acc_mod":"","method_args":"Paint#","method_class":"076960f9-3339-413c-aa61-19ab7e9a41d4#com.psaravan.flexiimageview.lib.View.FlexiImageView"},{"method_declared_vars":[],"method_name":"getShadowColor","method_acc_modifier":"public","method_id":"com.psaravan.flexiimageview.lib.View.FlexiImageView.getShadowColor()","method_metrics":[{"mm_value":1,"mm_metric":"loc","mm_method":"com.psaravan.flexiimageview.lib.View.FlexiImageView.getShadowColor()","mm_value_text":""},{"mm_value":1,"mm_metric":"cc","mm_method":"com.psaravan.flexiimageview.lib.View.FlexiImageView.getShadowColor()","mm_value_text":""},{"mm_value":0,"mm_metric":"nr_args","mm_method":"com.psaravan.flexiimageview.lib.View.FlexiImageView.getShadowColor()","mm_value_text":""}],"method_non_acc_mod":"","method_args":"","method_class":"076960f9-3339-413c-aa61-19ab7e9a41d4#com.psaravan.flexiimageview.lib.View.FlexiImageView"},{"method_declared_vars":[],"method_name":"setBitmapShader","method_acc_modifier":"public","method_id":"com.psaravan.flexiimageview.lib.View.FlexiImageView.setBitmapShader(#BitmapShader)","method_metrics":[{"mm_value":1,"mm_metric":"loc","mm_method":"com.psaravan.flexiimageview.lib.View.FlexiImageView.setBitmapShader(#BitmapShader)","mm_value_text":""},{"mm_value":1,"mm_metric":"cc","mm_method":"com.psaravan.flexiimageview.lib.View.FlexiImageView.setBitmapShader(#BitmapShader)","mm_value_text":""},{"mm_value":1,"mm_metric":"nr_args","mm_method":"com.psaravan.flexiimageview.lib.View.FlexiImageView.setBitmapShader(#BitmapShader)","mm_value_text":""},{"mm_value":0,"mm_metric":"androidapi","mm_method":"com.psaravan.flexiimageview.lib.View.FlexiImageView.setBitmapShader(#BitmapShader)","mm_value_text":"API: android.graphics.BitmapShader|method: null|()"}],"method_non_acc_mod":"","method_args":"BitmapShader#","method_class":"076960f9-3339-413c-aa61-19ab7e9a41d4#com.psaravan.flexiimageview.lib.View.FlexiImageView"},{"method_declared_vars":[],"method_name":"getRectWidth","method_acc_modifier":"public","method_id":"com.psaravan.flexiimageview.lib.View.FlexiImageView.getRectWidth()","method_metrics":[{"mm_value":1,"mm_metric":"loc","mm_method":"com.psaravan.flexiimageview.lib.View.FlexiImageView.getRectWidth()","mm_value_text":""},{"mm_value":1,"mm_metric":"cc","mm_method":"com.psaravan.flexiimageview.lib.View.FlexiImageView.getRectWidth()","mm_value_text":""},{"mm_value":0,"mm_metric":"nr_args","mm_method":"com.psaravan.flexiimageview.lib.View.FlexiImageView.getRectWidth()","mm_value_text":""}],"method_non_acc_mod":"","method_args":"","method_class":"076960f9-3339-413c-aa61-19ab7e9a41d4#com.psaravan.flexiimageview.lib.View.FlexiImageView"}]},{"class_vars":[{"var_type":"Context","var_isTransient":false,"var_isVolatile":false,"var_isFinal":false,"var_array":false,"var_isStatic":false}],"class_is_interface":false,"class_superclass":"BaseShape","class_id":"076960f9-3339-413c-aa61-19ab7e9a41d4#com.psaravan.flexiimageview.lib.Shapes.Circle","class_app":"076960f9-3339-413c-aa61-19ab7e9a41d4#com.psaravan.flexiimageview.demo","class_package":"com.psaravan.flexiimageview.lib.Shapes","class_imports":[{"import_name":"android.graphics.name","import_class":"076960f9-3339-413c-aa61-19ab7e9a41d4#com.psaravan.flexiimageview.lib.Shapes.Circle"},{"import_name":"android.content.name","import_class":"076960f9-3339-413c-aa61-19ab7e9a41d4#com.psaravan.flexiimageview.lib.Shapes.Circle"},{"import_name":"android.graphics.name","import_class":"076960f9-3339-413c-aa61-19ab7e9a41d4#com.psaravan.flexiimageview.lib.Shapes.Circle"},{"import_name":"android.graphics.name","import_class":"076960f9-3339-413c-aa61-19ab7e9a41d4#com.psaravan.flexiimageview.lib.Shapes.Circle"},{"import_name":"android.graphics.name","import_class":"076960f9-3339-413c-aa61-19ab7e9a41d4#com.psaravan.flexiimageview.lib.Shapes.Circle"},{"import_name":"android.graphics.name","import_class":"076960f9-3339-413c-aa61-19ab7e9a41d4#com.psaravan.flexiimageview.lib.Shapes.Circle"},{"import_name":"android.graphics.name","import_class":"076960f9-3339-413c-aa61-19ab7e9a41d4#com.psaravan.flexiimageview.lib.Shapes.Circle"}],"class_implemented_ifaces":"","class_acc_modifier":"private","class_non_acc_mod":"","class_name":"Circle","class_methods":[{"method_declared_vars":[],"method_name":"Circle","method_acc_modifier":"public","method_id":"com.psaravan.flexiimageview.lib.Shapes.Circle.Circle()","method_metrics":[{"mm_value":1,"mm_metric":"loc","mm_method":"com.psaravan.flexiimageview.lib.Shapes.Circle.Circle()","mm_value_text":""},{"mm_value":1,"mm_metric":"cc","mm_method":"com.psaravan.flexiimageview.lib.Shapes.Circle.Circle()","mm_value_text":""},{"mm_value":0,"mm_metric":"nr_args","mm_method":"com.psaravan.flexiimageview.lib.Shapes.Circle.Circle()","mm_value_text":""},{"mm_value":0,"mm_metric":"externalapi","mm_method":"com.psaravan.flexiimageview.lib.Shapes.Circle.Circle()","mm_value_text":"API: context|method: null|()"},{"mm_value":0,"mm_metric":"androidapi","mm_method":"com.psaravan.flexiimageview.lib.Shapes.Circle.Circle()","mm_value_text":"API: android.content.Context|method: null|()"}],"method_non_acc_mod":"","method_args":"","method_class":"076960f9-3339-413c-aa61-19ab7e9a41d4#com.psaravan.flexiimageview.lib.Shapes.Circle"},{"method_declared_vars":[{"var_type":"Bitmap","var_array":false,"var_name":"output"},{"var_type":"Rect","var_array":false,"var_name":"rect"},{"var_type":"Canvas","var_array":false,"var_name":"canvas"},{"var_type":"int","var_array":false,"var_name":"centerCoordinates"},{"var_type":"int","var_array":false,"var_name":"width"},{"var_type":"Paint","var_array":false,"var_name":"paint"},{"var_type":"int","var_array":false,"var_name":"height"}],"method_name":"applyShape","method_acc_modifier":"public","method_id":"com.psaravan.flexiimageview.lib.Shapes.Circle.applyShape(#Bitmap)","method_metrics":[{"mm_value":22,"mm_metric":"loc","mm_method":"com.psaravan.flexiimageview.lib.Shapes.Circle.applyShape(#Bitmap)","mm_value_text":""},{"mm_value":3,"mm_metric":"cc","mm_method":"com.psaravan.flexiimageview.lib.Shapes.Circle.applyShape(#Bitmap)","mm_value_text":""},{"mm_value":1,"mm_metric":"nr_args","mm_method":"com.psaravan.flexiimageview.lib.Shapes.Circle.applyShape(#Bitmap)","mm_value_text":""},{"mm_value":0,"mm_metric":"externalapi","mm_method":"com.psaravan.flexiimageview.lib.Shapes.Circle.applyShape(#Bitmap)","mm_value_text":"API: PorterDuff.Mode|method: null|()"},{"mm_value":0,"mm_metric":"externalapi","mm_method":"com.psaravan.flexiimageview.lib.Shapes.Circle.applyShape(#Bitmap)","mm_value_text":"API: Bitmap.Config|method: null|()"},{"mm_value":0,"mm_metric":"androidapi","mm_method":"com.psaravan.flexiimageview.lib.Shapes.Circle.applyShape(#Bitmap)","mm_value_text":"API: android.graphics.Paint|method: paint|()"},{"mm_value":0,"mm_metric":"androidapi","mm_method":"com.psaravan.flexiimageview.lib.Shapes.Circle.applyShape(#Bitmap)","mm_value_text":"API: android.graphics.Rect|method: null|()"},{"mm_value":0,"mm_metric":"androidapi","mm_method":"com.psaravan.flexiimageview.lib.Shapes.Circle.applyShape(#Bitmap)","mm_value_text":"API: android.graphics.Bitmap|method: Bitmap|()"},{"mm_value":0,"mm_metric":"androidapi","mm_method":"com.psaravan.flexiimageview.lib.Shapes.Circle.applyShape(#Bitmap)","mm_value_text":"API: android.graphics.Bitmap|method: getWidth|()"},{"mm_value":0,"mm_metric":"androidapi","mm_method":"com.psaravan.flexiimageview.lib.Shapes.Circle.applyShape(#Bitmap)","mm_value_text":"API: android.graphics.Bitmap|method: getHeight|()"},{"mm_value":0,"mm_metric":"androidapi","mm_method":"com.psaravan.flexiimageview.lib.Shapes.Circle.applyShape(#Bitmap)","mm_value_text":"API: android.graphics.Canvas|method: drawCircle|()"},{"mm_value":0,"mm_metric":"androidapi","mm_method":"com.psaravan.flexiimageview.lib.Shapes.Circle.applyShape(#Bitmap)","mm_value_text":"API: android.graphics.Canvas|method: drawBitmap|()"},{"mm_value":0,"mm_metric":"androidapi","mm_method":"com.psaravan.flexiimageview.lib.Shapes.Circle.applyShape(#Bitmap)","mm_value_text":"API: android.graphics.Bitmap|method: createBitmap|()"},{"mm_value":0,"mm_metric":"androidapi","mm_method":"com.psaravan.flexiimageview.lib.Shapes.Circle.applyShape(#Bitmap)","mm_value_text":"API: android.graphics.Paint|method: setAntiAlias|()"},{"mm_value":0,"mm_metric":"androidapi","mm_method":"com.psaravan.flexiimageview.lib.Shapes.Circle.applyShape(#Bitmap)","mm_value_text":"API: android.graphics.PorterDuffXfermode|method: null|()"},{"mm_value":0,"mm_metric":"androidapi","mm_method":"com.psaravan.flexiimageview.lib.Shapes.Circle.applyShape(#Bitmap)","mm_value_text":"API: android.graphics.Canvas|method: canvas|()"},{"mm_value":0,"mm_metric":"androidapi","mm_method":"com.psaravan.flexiimageview.lib.Shapes.Circle.applyShape(#Bitmap)","mm_value_text":"API: android.graphics.Paint|method: setXfermode|()"},{"mm_value":0,"mm_metric":"androidapi","mm_method":"com.psaravan.flexiimageview.lib.Shapes.Circle.applyShape(#Bitmap)","mm_value_text":"API: android.graphics.Bitmap|method: null|()"},{"mm_value":0,"mm_metric":"androidapi","mm_method":"com.psaravan.flexiimageview.lib.Shapes.Circle.applyShape(#Bitmap)","mm_value_text":"API: android.graphics.Canvas|method: drawARGB|()"},{"mm_value":0,"mm_metric":"androidapi","mm_method":"com.psaravan.flexiimageview.lib.Shapes.Circle.applyShape(#Bitmap)","mm_value_text":"API: android.graphics.Canvas|method: null|()"},{"mm_value":0,"mm_metric":"androidapi","mm_method":"com.psaravan.flexiimageview.lib.Shapes.Circle.applyShape(#Bitmap)","mm_value_text":"API: android.graphics.Paint|method: null|()"},{"mm_value":0,"mm_metric":"androidapi","mm_method":"com.psaravan.flexiimageview.lib.Shapes.Circle.applyShape(#Bitmap)","mm_value_text":"API: android.graphics.Bitmap|method: bitmap|()"}],"method_non_acc_mod":"","method_args":"Bitmap#","method_class":"076960f9-3339-413c-aa61-19ab7e9a41d4#com.psaravan.flexiimageview.lib.Shapes.Circle"}]},{"class_vars":[{"var_type":"Context","var_isTransient":false,"var_isVolatile":false,"var_isFinal":false,"var_array":false,"var_isStatic":false}],"class_is_interface":false,"class_superclass":"BaseShape","class_id":"076960f9-3339-413c-aa61-19ab7e9a41d4#com.psaravan.flexiimageview.lib.Shapes.Oval","class_app":"076960f9-3339-413c-aa61-19ab7e9a41d4#com.psaravan.flexiimageview.demo","class_package":"com.psaravan.flexiimageview.lib.Shapes","class_imports":[{"import_name":"android.graphics.name","import_class":"076960f9-3339-413c-aa61-19ab7e9a41d4#com.psaravan.flexiimageview.lib.Shapes.Oval"},{"import_name":"android.graphics.name","import_class":"076960f9-3339-413c-aa61-19ab7e9a41d4#com.psaravan.flexiimageview.lib.Shapes.Oval"},{"import_name":"android.graphics.name","import_class":"076960f9-3339-413c-aa61-19ab7e9a41d4#com.psaravan.flexiimageview.lib.Shapes.Oval"},{"import_name":"android.graphics.name","import_class":"076960f9-3339-413c-aa61-19ab7e9a41d4#com.psaravan.flexiimageview.lib.Shapes.Oval"},{"import_name":"android.graphics.name","import_class":"076960f9-3339-413c-aa61-19ab7e9a41d4#com.psaravan.flexiimageview.lib.Shapes.Oval"},{"import_name":"android.graphics.name","import_class":"076960f9-3339-413c-aa61-19ab7e9a41d4#com.psaravan.flexiimageview.lib.Shapes.Oval"},{"import_name":"android.content.name","import_class":"076960f9-3339-413c-aa61-19ab7e9a41d4#com.psaravan.flexiimageview.lib.Shapes.Oval"},{"import_name":"android.graphics.name","import_class":"076960f9-3339-413c-aa61-19ab7e9a41d4#com.psaravan.flexiimageview.lib.Shapes.Oval"}],"class_implemented_ifaces":"","class_acc_modifier":"private","class_non_acc_mod":"","class_name":"Oval","class_methods":[{"method_declared_vars":[],"method_name":"applyShape","method_acc_modifier":"public","method_id":"com.psaravan.flexiimageview.lib.Shapes.Oval.applyShape(#Bitmap)","method_metrics":[{"mm_value":1,"mm_metric":"loc","mm_method":"com.psaravan.flexiimageview.lib.Shapes.Oval.applyShape(#Bitmap)","mm_value_text":""},{"mm_value":1,"mm_metric":"cc","mm_method":"com.psaravan.flexiimageview.lib.Shapes.Oval.applyShape(#Bitmap)","mm_value_text":""},{"mm_value":1,"mm_metric":"nr_args","mm_method":"com.psaravan.flexiimageview.lib.Shapes.Oval.applyShape(#Bitmap)","mm_value_text":""}],"method_non_acc_mod":"","method_args":"Bitmap#","method_class":"076960f9-3339-413c-aa61-19ab7e9a41d4#com.psaravan.flexiimageview.lib.Shapes.Oval"},{"method_declared_vars":[],"method_name":"Oval","method_acc_modifier":"public","method_id":"com.psaravan.flexiimageview.lib.Shapes.Oval.Oval()","method_metrics":[{"mm_value":1,"mm_metric":"loc","mm_method":"com.psaravan.flexiimageview.lib.Shapes.Oval.Oval()","mm_value_text":""},{"mm_value":1,"mm_metric":"cc","mm_method":"com.psaravan.flexiimageview.lib.Shapes.Oval.Oval()","mm_value_text":""},{"mm_value":0,"mm_metric":"nr_args","mm_method":"com.psaravan.flexiimageview.lib.Shapes.Oval.Oval()","mm_value_text":""},{"mm_value":0,"mm_metric":"externalapi","mm_method":"com.psaravan.flexiimageview.lib.Shapes.Oval.Oval()","mm_value_text":"API: context|method: null|()"},{"mm_value":0,"mm_metric":"androidapi","mm_method":"com.psaravan.flexiimageview.lib.Shapes.Oval.Oval()","mm_value_text":"API: android.content.Context|method: null|()"}],"method_non_acc_mod":"","method_args":"","method_class":"076960f9-3339-413c-aa61-19ab7e9a41d4#com.psaravan.flexiimageview.lib.Shapes.Oval"}]},{"class_vars":[{"var_type":"FlexiImageView","var_isTransient":false,"var_isVolatile":false,"var_isFinal":false,"var_array":false,"var_isStatic":false}],"class_is_interface":false,"class_superclass":"Activity","class_id":"076960f9-3339-413c-aa61-19ab7e9a41d4#com.psaravan.flexiimageview.demo.MainActivity","class_app":"076960f9-3339-413c-aa61-19ab7e9a41d4#com.psaravan.flexiimageview.demo","class_package":"com.psaravan.flexiimageview.demo","class_imports":[{"import_name":"android.view.name","import_class":"076960f9-3339-413c-aa61-19ab7e9a41d4#com.psaravan.flexiimageview.demo.MainActivity"},{"import_name":"android.app.name","import_class":"076960f9-3339-413c-aa61-19ab7e9a41d4#com.psaravan.flexiimageview.demo.MainActivity"},{"import_name":"android.view.name","import_class":"076960f9-3339-413c-aa61-19ab7e9a41d4#com.psaravan.flexiimageview.demo.MainActivity"},{"import_name":"android.graphics.name","import_class":"076960f9-3339-413c-aa61-19ab7e9a41d4#com.psaravan.flexiimageview.demo.MainActivity"},{"import_name":"com.psaravan.flexiimageview.lib.View.name","import_class":"076960f9-3339-413c-aa61-19ab7e9a41d4#com.psaravan.flexiimageview.demo.MainActivity"},{"import_name":"android.os.name","import_class":"076960f9-3339-413c-aa61-19ab7e9a41d4#com.psaravan.flexiimageview.demo.MainActivity"}],"class_implemented_ifaces":"","class_acc_modifier":"private","class_non_acc_mod":"","class_name":"MainActivity","class_methods":[{"method_declared_vars":[],"method_name":"onCreate","method_acc_modifier":"protected","method_id":"com.psaravan.flexiimageview.demo.MainActivity.onCreate(#Bundle)","method_metrics":[{"mm_value":5,"mm_metric":"loc","mm_method":"com.psaravan.flexiimageview.demo.MainActivity.onCreate(#Bundle)","mm_value_text":""},{"mm_value":1,"mm_metric":"cc","mm_method":"com.psaravan.flexiimageview.demo.MainActivity.onCreate(#Bundle)","mm_value_text":""},{"mm_value":1,"mm_metric":"nr_args","mm_method":"com.psaravan.flexiimageview.demo.MainActivity.onCreate(#Bundle)","mm_value_text":""},{"mm_value":0,"mm_metric":"externalapi","mm_method":"com.psaravan.flexiimageview.demo.MainActivity.onCreate(#Bundle)","mm_value_text":"API: com.psaravan.flexiimageview.lib.View.FlexiImageView|method: mFlexiImageView|()"},{"mm_value":0,"mm_metric":"externalapi","mm_method":"com.psaravan.flexiimageview.demo.MainActivity.onCreate(#Bundle)","mm_value_text":"API: com.psaravan.flexiimageview.lib.View.FlexiImageView|method: null|()"},{"mm_value":0,"mm_metric":"externalapi","mm_method":"com.psaravan.flexiimageview.demo.MainActivity.onCreate(#Bundle)","mm_value_text":"API: mFlexiImageView.setShape(FlexiImageView.SHAPE_EQUILATERAL_TRIANGLE)|method: setShadow|()"},{"mm_value":0,"mm_metric":"externalapi","mm_method":"com.psaravan.flexiimageview.demo.MainActivity.onCreate(#Bundle)","mm_value_text":"API: Color.BLACK)|method: draw|()"},{"mm_value":0,"mm_metric":"externalapi","mm_method":"com.psaravan.flexiimageview.demo.MainActivity.onCreate(#Bundle)","mm_value_text":"API: R.id|method: null|()"},{"mm_value":0,"mm_metric":"externalapi","mm_method":"com.psaravan.flexiimageview.demo.MainActivity.onCreate(#Bundle)","mm_value_text":"API: 10.0f|method: draw|()"},{"mm_value":0,"mm_metric":"externalapi","mm_method":"com.psaravan.flexiimageview.demo.MainActivity.onCreate(#Bundle)","mm_value_text":"API: com.psaravan.flexiimageview.lib.View.FlexiImageView|method: mFlexiImageView.setShape(FlexiImageView.SHAPE_EQUILATERAL_TRIANGLE)|()"},{"mm_value":0,"mm_metric":"externalapi","mm_method":"com.psaravan.flexiimageview.demo.MainActivity.onCreate(#Bundle)","mm_value_text":"API: com.psaravan.flexiimageview.lib.View.FlexiImageView|method: setShape|()"},{"mm_value":0,"mm_metric":"externalapi","mm_method":"com.psaravan.flexiimageview.demo.MainActivity.onCreate(#Bundle)","mm_value_text":"API: R.drawable|method: null|()"},{"mm_value":0,"mm_metric":"externalapi","mm_method":"com.psaravan.flexiimageview.demo.MainActivity.onCreate(#Bundle)","mm_value_text":"API: com.psaravan.flexiimageview.lib.View.FlexiImageView|method: setImageResource|()"},{"mm_value":0,"mm_metric":"externalapi","mm_method":"com.psaravan.flexiimageview.demo.MainActivity.onCreate(#Bundle)","mm_value_text":"API: com.psaravan.flexiimageview.lib.View.FlexiImageView|method: mFlexiImageView.setShape(FlexiImageView.SHAPE_EQUILATERAL_TRIANGLE).setShadow(true, 50.0f, 0.0f, 10.0f, Color.BLACK)|()"},{"mm_value":0,"mm_metric":"externalapi","mm_method":"com.psaravan.flexiimageview.demo.MainActivity.onCreate(#Bundle)","mm_value_text":"API: mFlexiImageView.setShape(FlexiImageView.SHAPE_EQUILATERAL_TRIANGLE).setShadow(true|method: draw|()"},{"mm_value":0,"mm_metric":"externalapi","mm_method":"com.psaravan.flexiimageview.demo.MainActivity.onCreate(#Bundle)","mm_value_text":"API: R.layout|method: null|()"},{"mm_value":0,"mm_metric":"externalapi","mm_method":"com.psaravan.flexiimageview.demo.MainActivity.onCreate(#Bundle)","mm_value_text":"API: 50.0f|method: draw|()"},{"mm_value":0,"mm_metric":"externalapi","mm_method":"com.psaravan.flexiimageview.demo.MainActivity.onCreate(#Bundle)","mm_value_text":"API: 0.0f|method: draw|()"},{"mm_value":0,"mm_metric":"androidapi","mm_method":"com.psaravan.flexiimageview.demo.MainActivity.onCreate(#Bundle)","mm_value_text":"API: android.graphics.Color|method: null|()"},{"mm_value":0,"mm_metric":"androidapi","mm_method":"com.psaravan.flexiimageview.demo.MainActivity.onCreate(#Bundle)","mm_value_text":"API: android.os.Bundle|method: null|()"},{"mm_value":0,"mm_metric":"androidapi","mm_method":"com.psaravan.flexiimageview.demo.MainActivity.onCreate(#Bundle)","mm_value_text":"API: android.app.Activity|method: super|()"},{"mm_value":0,"mm_metric":"androidapi","mm_method":"com.psaravan.flexiimageview.demo.MainActivity.onCreate(#Bundle)","mm_value_text":"API: android.app.Activity|method: onCreate|()"},{"mm_value":0,"mm_metric":"androidapi","mm_method":"com.psaravan.flexiimageview.demo.MainActivity.onCreate(#Bundle)","mm_value_text":"API: android.app.Activity|method: null|()"}],"method_non_acc_mod":"","method_args":"Bundle#","method_class":"076960f9-3339-413c-aa61-19ab7e9a41d4#com.psaravan.flexiimageview.demo.MainActivity"},{"method_declared_vars":[],"method_name":"onCreateOptionsMenu","method_acc_modifier":"public","method_id":"com.psaravan.flexiimageview.demo.MainActivity.onCreateOptionsMenu(#Menu)","method_metrics":[{"mm_value":2,"mm_metric":"loc","mm_method":"com.psaravan.flexiimageview.demo.MainActivity.onCreateOptionsMenu(#Menu)","mm_value_text":""},{"mm_value":1,"mm_metric":"cc","mm_method":"com.psaravan.flexiimageview.demo.MainActivity.onCreateOptionsMenu(#Menu)","mm_value_text":""},{"mm_value":1,"mm_metric":"nr_args","mm_method":"com.psaravan.flexiimageview.demo.MainActivity.onCreateOptionsMenu(#Menu)","mm_value_text":""},{"mm_value":0,"mm_metric":"externalapi","mm_method":"com.psaravan.flexiimageview.demo.MainActivity.onCreateOptionsMenu(#Menu)","mm_value_text":"API: R.menu|method: null|()"},{"mm_value":0,"mm_metric":"externalapi","mm_method":"com.psaravan.flexiimageview.demo.MainActivity.onCreateOptionsMenu(#Menu)","mm_value_text":"API: getMenuInflater()|method: getMenuInflater()|()"},{"mm_value":0,"mm_metric":"externalapi","mm_method":"com.psaravan.flexiimageview.demo.MainActivity.onCreateOptionsMenu(#Menu)","mm_value_text":"API: getMenuInflater()|method: inflate|()"},{"mm_value":0,"mm_metric":"androidapi","mm_method":"com.psaravan.flexiimageview.demo.MainActivity.onCreateOptionsMenu(#Menu)","mm_value_text":"API: android.view.Menu|method: null|()"}],"method_non_acc_mod":"","method_args":"Menu#","method_class":"076960f9-3339-413c-aa61-19ab7e9a41d4#com.psaravan.flexiimageview.demo.MainActivity"},{"method_declared_vars":[{"var_type":"int","var_array":false,"var_name":"id"}],"method_name":"onOptionsItemSelected","method_acc_modifier":"public","method_id":"com.psaravan.flexiimageview.demo.MainActivity.onOptionsItemSelected(#MenuItem)","method_metrics":[{"mm_value":5,"mm_metric":"loc","mm_method":"com.psaravan.flexiimageview.demo.MainActivity.onOptionsItemSelected(#MenuItem)","mm_value_text":""},{"mm_value":3,"mm_metric":"cc","mm_method":"com.psaravan.flexiimageview.demo.MainActivity.onOptionsItemSelected(#MenuItem)","mm_value_text":""},{"mm_value":1,"mm_metric":"nr_args","mm_method":"com.psaravan.flexiimageview.demo.MainActivity.onOptionsItemSelected(#MenuItem)","mm_value_text":""},{"mm_value":0,"mm_metric":"androidapi","mm_method":"com.psaravan.flexiimageview.demo.MainActivity.onOptionsItemSelected(#MenuItem)","mm_value_text":"API: android.app.Activity|method: onOptionsItemSelected|()"},{"mm_value":0,"mm_metric":"androidapi","mm_method":"com.psaravan.flexiimageview.demo.MainActivity.onOptionsItemSelected(#MenuItem)","mm_value_text":"API: android.app.Activity|method: super|()"},{"mm_value":0,"mm_metric":"androidapi","mm_method":"com.psaravan.flexiimageview.demo.MainActivity.onOptionsItemSelected(#MenuItem)","mm_value_text":"API: android.view.MenuItem|method: getItemId|()"},{"mm_value":0,"mm_metric":"androidapi","mm_method":"com.psaravan.flexiimageview.demo.MainActivity.onOptionsItemSelected(#MenuItem)","mm_value_text":"API: android.view.MenuItem|method: item|()"},{"mm_value":0,"mm_metric":"androidapi","mm_method":"com.psaravan.flexiimageview.demo.MainActivity.onOptionsItemSelected(#MenuItem)","mm_value_text":"API: android.app.Activity|method: null|()"},{"mm_value":0,"mm_metric":"androidapi","mm_method":"com.psaravan.flexiimageview.demo.MainActivity.onOptionsItemSelected(#MenuItem)","mm_value_text":"API: android.view.MenuItem|method: null|()"}],"method_non_acc_mod":"","method_args":"MenuItem#","method_class":"076960f9-3339-413c-aa61-19ab7e9a41d4#com.psaravan.flexiimageview.demo.MainActivity"}]},{"class_vars":[],"class_is_interface":false,"class_superclass":"ActionBarActivity","class_id":"076960f9-3339-413c-aa61-19ab7e9a41d4#com.psaravan.flexiimageview.MainActivity","class_app":"076960f9-3339-413c-aa61-19ab7e9a41d4#com.psaravan.flexiimageview.demo","class_package":"com.psaravan.flexiimageview","class_imports":[{"import_name":"android.view.name","import_class":"076960f9-3339-413c-aa61-19ab7e9a41d4#com.psaravan.flexiimageview.MainActivity"},{"import_name":"android.os.name","import_class":"076960f9-3339-413c-aa61-19ab7e9a41d4#com.psaravan.flexiimageview.MainActivity"},{"import_name":"android.support.v7.app.name","import_class":"076960f9-3339-413c-aa61-19ab7e9a41d4#com.psaravan.flexiimageview.MainActivity"},{"import_name":"com.psaravan.flexiimageview.demo.name","import_class":"076960f9-3339-413c-aa61-19ab7e9a41d4#com.psaravan.flexiimageview.MainActivity"},{"import_name":"android.view.name","import_class":"076960f9-3339-413c-aa61-19ab7e9a41d4#com.psaravan.flexiimageview.MainActivity"}],"class_implemented_ifaces":"","class_acc_modifier":"public","class_non_acc_mod":"","class_name":"MainActivity","class_methods":[{"method_declared_vars":[],"method_name":"onCreate","method_acc_modifier":"protected","method_id":"com.psaravan.flexiimageview.MainActivity.onCreate(#Bundle)","method_metrics":[{"mm_value":2,"mm_metric":"loc","mm_method":"com.psaravan.flexiimageview.MainActivity.onCreate(#Bundle)","mm_value_text":""},{"mm_value":1,"mm_metric":"cc","mm_method":"com.psaravan.flexiimageview.MainActivity.onCreate(#Bundle)","mm_value_text":""},{"mm_value":1,"mm_metric":"nr_args","mm_method":"com.psaravan.flexiimageview.MainActivity.onCreate(#Bundle)","mm_value_text":""},{"mm_value":0,"mm_metric":"externalapi","mm_method":"com.psaravan.flexiimageview.MainActivity.onCreate(#Bundle)","mm_value_text":"API: R.layout|method: null|()"},{"mm_value":0,"mm_metric":"androidapi","mm_method":"com.psaravan.flexiimageview.MainActivity.onCreate(#Bundle)","mm_value_text":"API: android.os.Bundle|method: null|()"},{"mm_value":0,"mm_metric":"androidapi","mm_method":"com.psaravan.flexiimageview.MainActivity.onCreate(#Bundle)","mm_value_text":"API: android.support.v7.app.ActionBarActivity|method: null|()"},{"mm_value":0,"mm_metric":"androidapi","mm_method":"com.psaravan.flexiimageview.MainActivity.onCreate(#Bundle)","mm_value_text":"API: android.support.v7.app.ActionBarActivity|method: super|()"},{"mm_value":0,"mm_metric":"androidapi","mm_method":"com.psaravan.flexiimageview.MainActivity.onCreate(#Bundle)","mm_value_text":"API: android.support.v7.app.ActionBarActivity|method: onCreate|()"}],"method_non_acc_mod":"","method_args":"Bundle#","method_class":"076960f9-3339-413c-aa61-19ab7e9a41d4#com.psaravan.flexiimageview.MainActivity"},{"method_declared_vars":[],"method_name":"onCreateOptionsMenu","method_acc_modifier":"public","method_id":"com.psaravan.flexiimageview.MainActivity.onCreateOptionsMenu(#Menu)","method_metrics":[{"mm_value":2,"mm_metric":"loc","mm_method":"com.psaravan.flexiimageview.MainActivity.onCreateOptionsMenu(#Menu)","mm_value_text":""},{"mm_value":1,"mm_metric":"cc","mm_method":"com.psaravan.flexiimageview.MainActivity.onCreateOptionsMenu(#Menu)","mm_value_text":""},{"mm_value":1,"mm_metric":"nr_args","mm_method":"com.psaravan.flexiimageview.MainActivity.onCreateOptionsMenu(#Menu)","mm_value_text":""},{"mm_value":0,"mm_metric":"externalapi","mm_method":"com.psaravan.flexiimageview.MainActivity.onCreateOptionsMenu(#Menu)","mm_value_text":"API: R.menu|method: null|()"},{"mm_value":0,"mm_metric":"externalapi","mm_method":"com.psaravan.flexiimageview.MainActivity.onCreateOptionsMenu(#Menu)","mm_value_text":"API: getMenuInflater()|method: getMenuInflater()|()"},{"mm_value":0,"mm_metric":"externalapi","mm_method":"com.psaravan.flexiimageview.MainActivity.onCreateOptionsMenu(#Menu)","mm_value_text":"API: getMenuInflater()|method: inflate|()"},{"mm_value":0,"mm_metric":"androidapi","mm_method":"com.psaravan.flexiimageview.MainActivity.onCreateOptionsMenu(#Menu)","mm_value_text":"API: android.view.Menu|method: null|()"}],"method_non_acc_mod":"","method_args":"Menu#","method_class":"076960f9-3339-413c-aa61-19ab7e9a41d4#com.psaravan.flexiimageview.MainActivity"},{"method_declared_vars":[{"var_type":"int","var_array":false,"var_name":"id"}],"method_name":"onOptionsItemSelected","method_acc_modifier":"public","method_id":"com.psaravan.flexiimageview.MainActivity.onOptionsItemSelected(#MenuItem)","method_metrics":[{"mm_value":5,"mm_metric":"loc","mm_method":"com.psaravan.flexiimageview.MainActivity.onOptionsItemSelected(#MenuItem)","mm_value_text":""},{"mm_value":3,"mm_metric":"cc","mm_method":"com.psaravan.flexiimageview.MainActivity.onOptionsItemSelected(#MenuItem)","mm_value_text":""},{"mm_value":1,"mm_metric":"nr_args","mm_method":"com.psaravan.flexiimageview.MainActivity.onOptionsItemSelected(#MenuItem)","mm_value_text":""},{"mm_value":0,"mm_metric":"androidapi","mm_method":"com.psaravan.flexiimageview.MainActivity.onOptionsItemSelected(#MenuItem)","mm_value_text":"API: android.support.v7.app.ActionBarActivity|method: onOptionsItemSelected|()"},{"mm_value":0,"mm_metric":"androidapi","mm_method":"com.psaravan.flexiimageview.MainActivity.onOptionsItemSelected(#MenuItem)","mm_value_text":"API: android.view.MenuItem|method: getItemId|()"},{"mm_value":0,"mm_metric":"androidapi","mm_method":"com.psaravan.flexiimageview.MainActivity.onOptionsItemSelected(#MenuItem)","mm_value_text":"API: android.support.v7.app.ActionBarActivity|method: null|()"},{"mm_value":0,"mm_metric":"androidapi","mm_method":"com.psaravan.flexiimageview.MainActivity.onOptionsItemSelected(#MenuItem)","mm_value_text":"API: android.view.MenuItem|method: item|()"},{"mm_value":0,"mm_metric":"androidapi","mm_method":"com.psaravan.flexiimageview.MainActivity.onOptionsItemSelected(#MenuItem)","mm_value_text":"API: android.support.v7.app.ActionBarActivity|method: super|()"},{"mm_value":0,"mm_metric":"androidapi","mm_method":"com.psaravan.flexiimageview.MainActivity.onOptionsItemSelected(#MenuItem)","mm_value_text":"API: android.view.MenuItem|method: null|()"}],"method_non_acc_mod":"","method_args":"MenuItem#","method_class":"076960f9-3339-413c-aa61-19ab7e9a41d4#com.psaravan.flexiimageview.MainActivity"}]},{"class_vars":[],"class_is_interface":false,"class_superclass":null,"class_id":"076960f9-3339-413c-aa61-19ab7e9a41d4#com.psaravan.flexiimageview.lib.Shapes.Square","class_app":"076960f9-3339-413c-aa61-19ab7e9a41d4#com.psaravan.flexiimageview.demo","class_package":"com.psaravan.flexiimageview.lib.Shapes","class_imports":[],"class_implemented_ifaces":"","class_acc_modifier":"public","class_non_acc_mod":"","class_name":"Square","class_methods":[]},{"class_vars":[{"var_type":"FlexiImageView","var_isTransient":false,"var_isVolatile":false,"var_isFinal":false,"var_array":false,"var_isStatic":false},{"var_type":"Context","var_isTransient":false,"var_isVolatile":false,"var_isFinal":false,"var_array":false,"var_isStatic":false}],"class_is_interface":false,"class_superclass":null,"class_id":"076960f9-3339-413c-aa61-19ab7e9a41d4#com.psaravan.flexiimageview.lib.Shapes.ShapeHelper","class_app":"076960f9-3339-413c-aa61-19ab7e9a41d4#com.psaravan.flexiimageview.demo","class_package":"com.psaravan.flexiimageview.lib.Shapes","class_imports":[{"import_name":"android.content.name","import_class":"076960f9-3339-413c-aa61-19ab7e9a41d4#com.psaravan.flexiimageview.lib.Shapes.ShapeHelper"},{"import_name":"com.psaravan.flexiimageview.lib.View.name","import_class":"076960f9-3339-413c-aa61-19ab7e9a41d4#com.psaravan.flexiimageview.lib.Shapes.ShapeHelper"},{"import_name":"android.graphics.name","import_class":"076960f9-3339-413c-aa61-19ab7e9a41d4#com.psaravan.flexiimageview.lib.Shapes.ShapeHelper"}],"class_implemented_ifaces":"","class_acc_modifier":"private","class_non_acc_mod":"","class_name":"ShapeHelper","class_methods":[{"method_declared_vars":[{"var_type":"Oval","var_array":false,"var_name":"oval"},{"var_type":"Circle","var_array":false,"var_name":"circle"},{"var_type":"EquilateralTriangle","var_array":false,"var_name":"triangle"}],"method_name":"applyShape","method_acc_modifier":"public","method_id":"com.psaravan.flexiimageview.lib.Shapes.ShapeHelper.applyShape(#int#float#Bitmap#float#float)","method_metrics":[{"mm_value":13,"mm_metric":"loc","mm_method":"com.psaravan.flexiimageview.lib.Shapes.ShapeHelper.applyShape(#int#float#Bitmap#float#float)","mm_value_text":""},{"mm_value":13,"mm_metric":"cc","mm_method":"com.psaravan.flexiimageview.lib.Shapes.ShapeHelper.applyShape(#int#float#Bitmap#float#float)","mm_value_text":""},{"mm_value":5,"mm_metric":"nr_args","mm_method":"com.psaravan.flexiimageview.lib.Shapes.ShapeHelper.applyShape(#int#float#Bitmap#float#float)","mm_value_text":""},{"mm_value":0,"mm_metric":"externalapi","mm_method":"com.psaravan.flexiimageview.lib.Shapes.ShapeHelper.applyShape(#int#float#Bitmap#float#float)","mm_value_text":"API: EquilateralTriangle|method: triangle|()"},{"mm_value":0,"mm_metric":"externalapi","mm_method":"com.psaravan.flexiimageview.lib.Shapes.ShapeHelper.applyShape(#int#float#Bitmap#float#float)","mm_value_text":"API: Circle|method: null|()"},{"mm_value":0,"mm_metric":"externalapi","mm_method":"com.psaravan.flexiimageview.lib.Shapes.ShapeHelper.applyShape(#int#float#Bitmap#float#float)","mm_value_text":"API: com.psaravan.flexiimageview.lib.View.FlexiImageView|method: null|()"},{"mm_value":0,"mm_metric":"externalapi","mm_method":"com.psaravan.flexiimageview.lib.Shapes.ShapeHelper.applyShape(#int#float#Bitmap#float#float)","mm_value_text":"API: Circle|method: applyShape|()"},{"mm_value":0,"mm_metric":"externalapi","mm_method":"com.psaravan.flexiimageview.lib.Shapes.ShapeHelper.applyShape(#int#float#Bitmap#float#float)","mm_value_text":"API: EquilateralTriangle|method: applyShape|()"},{"mm_value":0,"mm_metric":"externalapi","mm_method":"com.psaravan.flexiimageview.lib.Shapes.ShapeHelper.applyShape(#int#float#Bitmap#float#float)","mm_value_text":"API: Oval|method: null|()"},{"mm_value":0,"mm_metric":"externalapi","mm_method":"com.psaravan.flexiimageview.lib.Shapes.ShapeHelper.applyShape(#int#float#Bitmap#float#float)","mm_value_text":"API: Oval|method: oval|()"},{"mm_value":0,"mm_metric":"externalapi","mm_method":"com.psaravan.flexiimageview.lib.Shapes.ShapeHelper.applyShape(#int#float#Bitmap#float#float)","mm_value_text":"API: Oval|method: applyShape|()"},{"mm_value":0,"mm_metric":"externalapi","mm_method":"com.psaravan.flexiimageview.lib.Shapes.ShapeHelper.applyShape(#int#float#Bitmap#float#float)","mm_value_text":"API: Circle|method: circle|()"},{"mm_value":0,"mm_metric":"externalapi","mm_method":"com.psaravan.flexiimageview.lib.Shapes.ShapeHelper.applyShape(#int#float#Bitmap#float#float)","mm_value_text":"API: EquilateralTriangle|method: null|()"},{"mm_value":0,"mm_metric":"androidapi","mm_method":"com.psaravan.flexiimageview.lib.Shapes.ShapeHelper.applyShape(#int#float#Bitmap#float#float)","mm_value_text":"API: android.content.Context|method: null|()"},{"mm_value":0,"mm_metric":"androidapi","mm_method":"com.psaravan.flexiimageview.lib.Shapes.ShapeHelper.applyShape(#int#float#Bitmap#float#float)","mm_value_text":"API: android.graphics.Bitmap|method: null|()"}],"method_non_acc_mod":"","method_args":"int#float#Bitmap#float#float#","method_class":"076960f9-3339-413c-aa61-19ab7e9a41d4#com.psaravan.flexiimageview.lib.Shapes.ShapeHelper"},{"method_declared_vars":[],"method_name":"ShapeHelper","method_acc_modifier":"public","method_id":"com.psaravan.flexiimageview.lib.Shapes.ShapeHelper.ShapeHelper()","method_metrics":[{"mm_value":2,"mm_metric":"loc","mm_method":"com.psaravan.flexiimageview.lib.Shapes.ShapeHelper.ShapeHelper()","mm_value_text":""},{"mm_value":1,"mm_metric":"cc","mm_method":"com.psaravan.flexiimageview.lib.Shapes.ShapeHelper.ShapeHelper()","mm_value_text":""},{"mm_value":0,"mm_metric":"nr_args","mm_method":"com.psaravan.flexiimageview.lib.Shapes.ShapeHelper.ShapeHelper()","mm_value_text":""},{"mm_value":0,"mm_metric":"externalapi","mm_method":"com.psaravan.flexiimageview.lib.Shapes.ShapeHelper.ShapeHelper()","mm_value_text":"API: view|method: null|()"},{"mm_value":0,"mm_metric":"externalapi","mm_method":"com.psaravan.flexiimageview.lib.Shapes.ShapeHelper.ShapeHelper()","mm_value_text":"API: com.psaravan.flexiimageview.lib.View.FlexiImageView|method: null|()"},{"mm_value":0,"mm_metric":"externalapi","mm_method":"com.psaravan.flexiimageview.lib.Shapes.ShapeHelper.ShapeHelper()","mm_value_text":"API: context|method: null|()"},{"mm_value":0,"mm_metric":"androidapi","mm_method":"com.psaravan.flexiimageview.lib.Shapes.ShapeHelper.ShapeHelper()","mm_value_text":"API: android.content.Context|method: null|()"}],"method_non_acc_mod":"","method_args":"","method_class":"076960f9-3339-413c-aa61-19ab7e9a41d4#com.psaravan.flexiimageview.lib.Shapes.ShapeHelper"}]},{"class_vars":[{"var_type":"FlexiImageView","var_isTransient":false,"var_isVolatile":false,"var_isFinal":false,"var_array":false,"var_isStatic":false},{"var_type":"Context","var_isTransient":false,"var_isVolatile":false,"var_isFinal":false,"var_array":false,"var_isStatic":false}],"class_is_interface":false,"class_superclass":"BaseShape","class_id":"076960f9-3339-413c-aa61-19ab7e9a41d4#com.psaravan.flexiimageview.lib.Shapes.EquilateralTriangle","class_app":"076960f9-3339-413c-aa61-19ab7e9a41d4#com.psaravan.flexiimageview.demo","class_package":"com.psaravan.flexiimageview.lib.Shapes","class_imports":[{"import_name":"android.graphics.name","import_class":"076960f9-3339-413c-aa61-19ab7e9a41d4#com.psaravan.flexiimageview.lib.Shapes.EquilateralTriangle"},{"import_name":"android.view.name","import_class":"076960f9-3339-413c-aa61-19ab7e9a41d4#com.psaravan.flexiimageview.lib.Shapes.EquilateralTriangle"},{"import_name":"android.graphics.name","import_class":"076960f9-3339-413c-aa61-19ab7e9a41d4#com.psaravan.flexiimageview.lib.Shapes.EquilateralTriangle"},{"import_name":"android.graphics.name","import_class":"076960f9-3339-413c-aa61-19ab7e9a41d4#com.psaravan.flexiimageview.lib.Shapes.EquilateralTriangle"},{"import_name":"android.graphics.name","import_class":"076960f9-3339-413c-aa61-19ab7e9a41d4#com.psaravan.flexiimageview.lib.Shapes.EquilateralTriangle"},{"import_name":"android.graphics.name","import_class":"076960f9-3339-413c-aa61-19ab7e9a41d4#com.psaravan.flexiimageview.lib.Shapes.EquilateralTriangle"},{"import_name":"android.content.name","import_class":"076960f9-3339-413c-aa61-19ab7e9a41d4#com.psaravan.flexiimageview.lib.Shapes.EquilateralTriangle"},{"import_name":"android.os.name","import_class":"076960f9-3339-413c-aa61-19ab7e9a41d4#com.psaravan.flexiimageview.lib.Shapes.EquilateralTriangle"},{"import_name":"android.graphics.name","import_class":"076960f9-3339-413c-aa61-19ab7e9a41d4#com.psaravan.flexiimageview.lib.Shapes.EquilateralTriangle"},{"import_name":"com.psaravan.flexiimageview.lib.View.name","import_class":"076960f9-3339-413c-aa61-19ab7e9a41d4#com.psaravan.flexiimageview.lib.Shapes.EquilateralTriangle"},{"import_name":"android.graphics.name","import_class":"076960f9-3339-413c-aa61-19ab7e9a41d4#com.psaravan.flexiimageview.lib.Shapes.EquilateralTriangle"}],"class_implemented_ifaces":"","class_acc_modifier":"private","class_non_acc_mod":"","class_name":"EquilateralTriangle","class_methods":[{"method_declared_vars":[{"var_type":"int","var_array":false,"var_name":"widthWithShadow"},{"var_type":"Bitmap","var_array":false,"var_name":"output"},{"var_type":"int","var_array":false,"var_name":"heightWithShadow"},{"var_type":"int","var_array":false,"var_name":"width"},{"var_type":"int","var_array":false,"var_name":"y1"},{"var_type":"int","var_array":false,"var_name":"x1"},{"var_type":"int","var_array":false,"var_name":"y2"},{"var_type":"int","var_array":false,"var_name":"x2"},{"var_type":"int","var_array":false,"var_name":"y3"},{"var_type":"int","var_array":false,"var_name":"x3"},{"var_type":"int","var_array":false,"var_name":"height"}],"method_name":"applyShape","method_acc_modifier":"public","method_id":"com.psaravan.flexiimageview.lib.Shapes.EquilateralTriangle.applyShape(#Bitmap)","method_metrics":[{"mm_value":40,"mm_metric":"loc","mm_method":"com.psaravan.flexiimageview.lib.Shapes.EquilateralTriangle.applyShape(#Bitmap)","mm_value_text":""},{"mm_value":5,"mm_metric":"cc","mm_method":"com.psaravan.flexiimageview.lib.Shapes.EquilateralTriangle.applyShape(#Bitmap)","mm_value_text":""},{"mm_value":1,"mm_metric":"nr_args","mm_method":"com.psaravan.flexiimageview.lib.Shapes.EquilateralTriangle.applyShape(#Bitmap)","mm_value_text":""},{"mm_value":0,"mm_metric":"externalapi","mm_method":"com.psaravan.flexiimageview.lib.Shapes.EquilateralTriangle.applyShape(#Bitmap)","mm_value_text":"API: com.psaravan.flexiimageview.lib.View.FlexiImageView|method: null|()"},{"mm_value":0,"mm_metric":"externalapi","mm_method":"com.psaravan.flexiimageview.lib.Shapes.EquilateralTriangle.applyShape(#Bitmap)","mm_value_text":"API: Shader.TileMode|method: null|()"},{"mm_value":0,"mm_metric":"externalapi","mm_method":"com.psaravan.flexiimageview.lib.Shapes.EquilateralTriangle.applyShape(#Bitmap)","mm_value_text":"API: com.psaravan.flexiimageview.lib.View.FlexiImageView|method: mView|()"},{"mm_value":0,"mm_metric":"externalapi","mm_method":"com.psaravan.flexiimageview.lib.Shapes.EquilateralTriangle.applyShape(#Bitmap)","mm_value_text":"API: com.psaravan.flexiimageview.lib.View.FlexiImageView|method: mView.getPaint()|()"},{"mm_value":0,"mm_metric":"externalapi","mm_method":"com.psaravan.flexiimageview.lib.Shapes.EquilateralTriangle.applyShape(#Bitmap)","mm_value_text":"API: com.psaravan.flexiimageview.lib.View.FlexiImageView|method: getPaint|()"},{"mm_value":0,"mm_metric":"externalapi","mm_method":"com.psaravan.flexiimageview.lib.Shapes.EquilateralTriangle.applyShape(#Bitmap)","mm_value_text":"API: com.psaravan.flexiimageview.lib.View.FlexiImageView|method: setCanvas|()"},{"mm_value":0,"mm_metric":"externalapi","mm_method":"com.psaravan.flexiimageview.lib.Shapes.EquilateralTriangle.applyShape(#Bitmap)","mm_value_text":"API: mView.getPaint()|method: setShader|()"},{"mm_value":0,"mm_metric":"externalapi","mm_method":"com.psaravan.flexiimageview.lib.Shapes.EquilateralTriangle.applyShape(#Bitmap)","mm_value_text":"API: mView.getPath()|method: reset|()"},{"mm_value":0,"mm_metric":"externalapi","mm_method":"com.psaravan.flexiimageview.lib.Shapes.EquilateralTriangle.applyShape(#Bitmap)","mm_value_text":"API: com.psaravan.flexiimageview.lib.View.FlexiImageView|method: getShadowRadius|()"},{"mm_value":0,"mm_metric":"externalapi","mm_method":"com.psaravan.flexiimageview.lib.Shapes.EquilateralTriangle.applyShape(#Bitmap)","mm_value_text":"API: mView.getPath()|method: moveTo|()"},{"mm_value":0,"mm_metric":"externalapi","mm_method":"com.psaravan.flexiimageview.lib.Shapes.EquilateralTriangle.applyShape(#Bitmap)","mm_value_text":"API: com.psaravan.flexiimageview.lib.View.FlexiImageView|method: mView.getPath()|()"},{"mm_value":0,"mm_metric":"externalapi","mm_method":"com.psaravan.flexiimageview.lib.Shapes.EquilateralTriangle.applyShape(#Bitmap)","mm_value_text":"API: com.psaravan.flexiimageview.lib.View.FlexiImageView|method: getBitmapShader|()"},{"mm_value":0,"mm_metric":"externalapi","mm_method":"com.psaravan.flexiimageview.lib.Shapes.EquilateralTriangle.applyShape(#Bitmap)","mm_value_text":"API: Paint.Style|method: null|()"},{"mm_value":0,"mm_metric":"externalapi","mm_method":"com.psaravan.flexiimageview.lib.Shapes.EquilateralTriangle.applyShape(#Bitmap)","mm_value_text":"API: com.psaravan.flexiimageview.lib.View.FlexiImageView|method: getPath|()"},{"mm_value":0,"mm_metric":"externalapi","mm_method":"com.psaravan.flexiimageview.lib.Shapes.EquilateralTriangle.applyShape(#Bitmap)","mm_value_text":"API: com.psaravan.flexiimageview.lib.View.FlexiImageView|method: setPaint|()"},{"mm_value":0,"mm_metric":"externalapi","mm_method":"com.psaravan.flexiimageview.lib.Shapes.EquilateralTriangle.applyShape(#Bitmap)","mm_value_text":"API: mView.getPath()|method: setFillType|()"},{"mm_value":0,"mm_metric":"externalapi","mm_method":"com.psaravan.flexiimageview.lib.Shapes.EquilateralTriangle.applyShape(#Bitmap)","mm_value_text":"API: com.psaravan.flexiimageview.lib.View.FlexiImageView|method: getCanvas|()"},{"mm_value":0,"mm_metric":"externalapi","mm_method":"com.psaravan.flexiimageview.lib.Shapes.EquilateralTriangle.applyShape(#Bitmap)","mm_value_text":"API: Bitmap.Config|method: null|()"},{"mm_value":0,"mm_metric":"externalapi","mm_method":"com.psaravan.flexiimageview.lib.Shapes.EquilateralTriangle.applyShape(#Bitmap)","mm_value_text":"API: com.psaravan.flexiimageview.lib.View.FlexiImageView|method: mView.getCanvas()|()"},{"mm_value":0,"mm_metric":"externalapi","mm_method":"com.psaravan.flexiimageview.lib.Shapes.EquilateralTriangle.applyShape(#Bitmap)","mm_value_text":"API: mView.getPath()|method: lineTo|()"},{"mm_value":0,"mm_metric":"externalapi","mm_method":"com.psaravan.flexiimageview.lib.Shapes.EquilateralTriangle.applyShape(#Bitmap)","mm_value_text":"API: com.psaravan.flexiimageview.lib.View.FlexiImageView|method: setPath|()"},{"mm_value":0,"mm_metric":"externalapi","mm_method":"com.psaravan.flexiimageview.lib.Shapes.EquilateralTriangle.applyShape(#Bitmap)","mm_value_text":"API: Path.FillType|method: null|()"},{"mm_value":0,"mm_metric":"externalapi","mm_method":"com.psaravan.flexiimageview.lib.Shapes.EquilateralTriangle.applyShape(#Bitmap)","mm_value_text":"API: mView.getPaint()|method: setStyle|()"},{"mm_value":0,"mm_metric":"externalapi","mm_method":"com.psaravan.flexiimageview.lib.Shapes.EquilateralTriangle.applyShape(#Bitmap)","mm_value_text":"API: mView.getPath()|method: close|()"},{"mm_value":0,"mm_metric":"externalapi","mm_method":"com.psaravan.flexiimageview.lib.Shapes.EquilateralTriangle.applyShape(#Bitmap)","mm_value_text":"API: mView.getCanvas()|method: drawPath|()"},{"mm_value":0,"mm_metric":"externalapi","mm_method":"com.psaravan.flexiimageview.lib.Shapes.EquilateralTriangle.applyShape(#Bitmap)","mm_value_text":"API: com.psaravan.flexiimageview.lib.View.FlexiImageView|method: setBitmapShader|()"},{"mm_value":0,"mm_metric":"androidapi","mm_method":"com.psaravan.flexiimageview.lib.Shapes.EquilateralTriangle.applyShape(#Bitmap)","mm_value_text":"API: android.graphics.BitmapShader|method: null|()"},{"mm_value":0,"mm_metric":"androidapi","mm_method":"com.psaravan.flexiimageview.lib.Shapes.EquilateralTriangle.applyShape(#Bitmap)","mm_value_text":"API: android.graphics.Path|method: null|()"},{"mm_value":0,"mm_metric":"androidapi","mm_method":"com.psaravan.flexiimageview.lib.Shapes.EquilateralTriangle.applyShape(#Bitmap)","mm_value_text":"API: android.graphics.Bitmap|method: Bitmap|()"},{"mm_value":0,"mm_metric":"androidapi","mm_method":"com.psaravan.flexiimageview.lib.Shapes.EquilateralTriangle.applyShape(#Bitmap)","mm_value_text":"API: android.graphics.Bitmap|method: getWidth|()"},{"mm_value":0,"mm_metric":"androidapi","mm_method":"com.psaravan.flexiimageview.lib.Shapes.EquilateralTriangle.applyShape(#Bitmap)","mm_value_text":"API: android.graphics.Bitmap|method: getHeight|()"},{"mm_value":0,"mm_metric":"androidapi","mm_method":"com.psaravan.flexiimageview.lib.Shapes.EquilateralTriangle.applyShape(#Bitmap)","mm_value_text":"API: android.graphics.Bitmap|method: null|()"},{"mm_value":0,"mm_metric":"androidapi","mm_method":"com.psaravan.flexiimageview.lib.Shapes.EquilateralTriangle.applyShape(#Bitmap)","mm_value_text":"API: android.graphics.Canvas|method: null|()"},{"mm_value":0,"mm_metric":"androidapi","mm_method":"com.psaravan.flexiimageview.lib.Shapes.EquilateralTriangle.applyShape(#Bitmap)","mm_value_text":"API: android.graphics.Paint|method: null|()"},{"mm_value":0,"mm_metric":"androidapi","mm_method":"com.psaravan.flexiimageview.lib.Shapes.EquilateralTriangle.applyShape(#Bitmap)","mm_value_text":"API: android.graphics.Bitmap|method: bitmap|()"},{"mm_value":0,"mm_metric":"androidapi","mm_method":"com.psaravan.flexiimageview.lib.Shapes.EquilateralTriangle.applyShape(#Bitmap)","mm_value_text":"API: android.graphics.Bitmap|method: createBitmap|()"}],"method_non_acc_mod":"","method_args":"Bitmap#","method_class":"076960f9-3339-413c-aa61-19ab7e9a41d4#com.psaravan.flexiimageview.lib.Shapes.EquilateralTriangle"},{"method_declared_vars":[],"method_name":"applyShadow","method_acc_modifier":"public","method_id":"com.psaravan.flexiimageview.lib.Shapes.EquilateralTriangle.applyShadow()","method_metrics":[{"mm_value":7,"mm_metric":"loc","mm_method":"com.psaravan.flexiimageview.lib.Shapes.EquilateralTriangle.applyShadow()","mm_value_text":""},{"mm_value":2,"mm_metric":"cc","mm_method":"com.psaravan.flexiimageview.lib.Shapes.EquilateralTriangle.applyShadow()","mm_value_text":""},{"mm_value":0,"mm_metric":"nr_args","mm_method":"com.psaravan.flexiimageview.lib.Shapes.EquilateralTriangle.applyShadow()","mm_value_text":""},{"mm_value":0,"mm_metric":"externalapi","mm_method":"com.psaravan.flexiimageview.lib.Shapes.EquilateralTriangle.applyShadow()","mm_value_text":"API: com.psaravan.flexiimageview.lib.View.FlexiImageView|method: getShadowPaint|()"},{"mm_value":0,"mm_metric":"externalapi","mm_method":"com.psaravan.flexiimageview.lib.Shapes.EquilateralTriangle.applyShadow()","mm_value_text":"API: com.psaravan.flexiimageview.lib.View.FlexiImageView|method: mView.getCanvas()|()"},{"mm_value":0,"mm_metric":"externalapi","mm_method":"com.psaravan.flexiimageview.lib.Shapes.EquilateralTriangle.applyShadow()","mm_value_text":"API: com.psaravan.flexiimageview.lib.View.FlexiImageView|method: null|()"},{"mm_value":0,"mm_metric":"externalapi","mm_method":"com.psaravan.flexiimageview.lib.Shapes.EquilateralTriangle.applyShadow()","mm_value_text":"API: com.psaravan.flexiimageview.lib.View.FlexiImageView|method: getShadowDx|()"},{"mm_value":0,"mm_metric":"externalapi","mm_method":"com.psaravan.flexiimageview.lib.Shapes.EquilateralTriangle.applyShadow()","mm_value_text":"API: mView.getShadowPaint()|method: setColor|()"},{"mm_value":0,"mm_metric":"externalapi","mm_method":"com.psaravan.flexiimageview.lib.Shapes.EquilateralTriangle.applyShadow()","mm_value_text":"API: com.psaravan.flexiimageview.lib.View.FlexiImageView|method: mView|()"},{"mm_value":0,"mm_metric":"externalapi","mm_method":"com.psaravan.flexiimageview.lib.Shapes.EquilateralTriangle.applyShadow()","mm_value_text":"API: com.psaravan.flexiimageview.lib.View.FlexiImageView|method: mView.getShadowPaint()|()"},{"mm_value":0,"mm_metric":"externalapi","mm_method":"com.psaravan.flexiimageview.lib.Shapes.EquilateralTriangle.applyShadow()","mm_value_text":"API: mView.getShadowPaint()|method: setShadowLayer|()"},{"mm_value":0,"mm_metric":"externalapi","mm_method":"com.psaravan.flexiimageview.lib.Shapes.EquilateralTriangle.applyShadow()","mm_value_text":"API: com.psaravan.flexiimageview.lib.View.FlexiImageView|method: getShadowDy|()"},{"mm_value":0,"mm_metric":"externalapi","mm_method":"com.psaravan.flexiimageview.lib.Shapes.EquilateralTriangle.applyShadow()","mm_value_text":"API: com.psaravan.flexiimageview.lib.View.FlexiImageView|method: setLayerType|()"},{"mm_value":0,"mm_metric":"externalapi","mm_method":"com.psaravan.flexiimageview.lib.Shapes.EquilateralTriangle.applyShadow()","mm_value_text":"API: com.psaravan.flexiimageview.lib.View.FlexiImageView|method: setShadowPaint|()"},{"mm_value":0,"mm_metric":"externalapi","mm_method":"com.psaravan.flexiimageview.lib.Shapes.EquilateralTriangle.applyShadow()","mm_value_text":"API: mView.getShadowPaint()|method: setShader|()"},{"mm_value":0,"mm_metric":"externalapi","mm_method":"com.psaravan.flexiimageview.lib.Shapes.EquilateralTriangle.applyShadow()","mm_value_text":"API: mView.getCanvas()|method: drawPath|()"},{"mm_value":0,"mm_metric":"externalapi","mm_method":"com.psaravan.flexiimageview.lib.Shapes.EquilateralTriangle.applyShadow()","mm_value_text":"API: com.psaravan.flexiimageview.lib.View.FlexiImageView|method: getShadowRadius|()"},{"mm_value":0,"mm_metric":"externalapi","mm_method":"com.psaravan.flexiimageview.lib.Shapes.EquilateralTriangle.applyShadow()","mm_value_text":"API: com.psaravan.flexiimageview.lib.View.FlexiImageView|method: getBitmapShader|()"},{"mm_value":0,"mm_metric":"externalapi","mm_method":"com.psaravan.flexiimageview.lib.Shapes.EquilateralTriangle.applyShadow()","mm_value_text":"API: com.psaravan.flexiimageview.lib.View.FlexiImageView|method: getShadowColor|()"},{"mm_value":0,"mm_metric":"externalapi","mm_method":"com.psaravan.flexiimageview.lib.Shapes.EquilateralTriangle.applyShadow()","mm_value_text":"API: com.psaravan.flexiimageview.lib.View.FlexiImageView|method: getPath|()"},{"mm_value":0,"mm_metric":"externalapi","mm_method":"com.psaravan.flexiimageview.lib.Shapes.EquilateralTriangle.applyShadow()","mm_value_text":"API: com.psaravan.flexiimageview.lib.View.FlexiImageView|method: getCanvas|()"},{"mm_value":0,"mm_metric":"androidapi","mm_method":"com.psaravan.flexiimageview.lib.Shapes.EquilateralTriangle.applyShadow()","mm_value_text":"API: android.graphics.Color|method: null|()"},{"mm_value":0,"mm_metric":"androidapi","mm_method":"com.psaravan.flexiimageview.lib.Shapes.EquilateralTriangle.applyShadow()","mm_value_text":"API: android.view.View|method: null|()"},{"mm_value":0,"mm_metric":"androidapi","mm_method":"com.psaravan.flexiimageview.lib.Shapes.EquilateralTriangle.applyShadow()","mm_value_text":"API: android.graphics.Paint|method: null|()"}],"method_non_acc_mod":"","method_args":"","method_class":"076960f9-3339-413c-aa61-19ab7e9a41d4#com.psaravan.flexiimageview.lib.Shapes.EquilateralTriangle"},{"method_declared_vars":[],"method_name":"EquilateralTriangle","method_acc_modifier":"public","method_id":"com.psaravan.flexiimageview.lib.Shapes.EquilateralTriangle.EquilateralTriangle()","method_metrics":[{"mm_value":2,"mm_metric":"loc","mm_method":"com.psaravan.flexiimageview.lib.Shapes.EquilateralTriangle.EquilateralTriangle()","mm_value_text":""},{"mm_value":1,"mm_metric":"cc","mm_method":"com.psaravan.flexiimageview.lib.Shapes.EquilateralTriangle.EquilateralTriangle()","mm_value_text":""},{"mm_value":0,"mm_metric":"nr_args","mm_method":"com.psaravan.flexiimageview.lib.Shapes.EquilateralTriangle.EquilateralTriangle()","mm_value_text":""},{"mm_value":0,"mm_metric":"externalapi","mm_method":"com.psaravan.flexiimageview.lib.Shapes.EquilateralTriangle.EquilateralTriangle()","mm_value_text":"API: view|method: null|()"},{"mm_value":0,"mm_metric":"externalapi","mm_method":"com.psaravan.flexiimageview.lib.Shapes.EquilateralTriangle.EquilateralTriangle()","mm_value_text":"API: com.psaravan.flexiimageview.lib.View.FlexiImageView|method: null|()"},{"mm_value":0,"mm_metric":"externalapi","mm_method":"com.psaravan.flexiimageview.lib.Shapes.EquilateralTriangle.EquilateralTriangle()","mm_value_text":"API: context|method: null|()"},{"mm_value":0,"mm_metric":"androidapi","mm_method":"com.psaravan.flexiimageview.lib.Shapes.EquilateralTriangle.EquilateralTriangle()","mm_value_text":"API: android.content.Context|method: null|()"}],"method_non_acc_mod":"","method_args":"","method_class":"076960f9-3339-413c-aa61-19ab7e9a41d4#com.psaravan.flexiimageview.lib.Shapes.EquilateralTriangle"}]},{"class_vars":[],"class_is_interface":false,"class_superclass":null,"class_id":"076960f9-3339-413c-aa61-19ab7e9a41d4#com.psaravan.flexiimageview.lib.Shapes.BaseShape","class_app":"076960f9-3339-413c-aa61-19ab7e9a41d4#com.psaravan.flexiimageview.demo","class_package":"com.psaravan.flexiimageview.lib.Shapes","class_imports":[{"import_name":"android.graphics.name","import_class":"076960f9-3339-413c-aa61-19ab7e9a41d4#com.psaravan.flexiimageview.lib.Shapes.BaseShape"}],"class_implemented_ifaces":"","class_acc_modifier":"public","class_non_acc_mod":"#abstract","class_name":"BaseShape","class_methods":[{"method_declared_vars":[],"method_name":"applyShape","method_acc_modifier":"public","method_id":"com.psaravan.flexiimageview.lib.Shapes.BaseShape.applyShape(#Bitmap)","method_metrics":[{"mm_value":0,"mm_metric":"loc","mm_method":"com.psaravan.flexiimageview.lib.Shapes.BaseShape.applyShape(#Bitmap)","mm_value_text":""},{"mm_value":1,"mm_metric":"cc","mm_method":"com.psaravan.flexiimageview.lib.Shapes.BaseShape.applyShape(#Bitmap)","mm_value_text":""},{"mm_value":1,"mm_metric":"nr_args","mm_method":"com.psaravan.flexiimageview.lib.Shapes.BaseShape.applyShape(#Bitmap)","mm_value_text":""}],"method_non_acc_mod":"","method_args":"Bitmap#","method_class":"076960f9-3339-413c-aa61-19ab7e9a41d4#com.psaravan.flexiimageview.lib.Shapes.BaseShape"}]}],"app_version":0.0,"app_location":"\/Users\/ruirua\/Documents\/Tese\/resultados\/relevantApps\/076960f9-3339-413c-aa61-19ab7e9a41d4\/","app_flavor":null,"app_permissions":[],"app_id":"076960f9-3339-413c-aa61-19ab7e9a41d4#com.psaravan.flexiimageview.demo","app_description":null}],"project_description":"","project_id":"076960f9-3339-413c-aa61-19ab7e9a41d4","project_packages":[{"package":"com.psaravan.flexiimageview.lib.Shapes"},{"package":"com.psaravan.flexiimageview.demo"},{"package":"com.psaravan.flexiimageview.lib.View"},{"package":"com.psaravan.flexiimageview"}],"project_build_tool":"gradle"}