{"project_apps":[{"app_build_type":null,"app_project":"06a452ba-08ad-4d6b-8ed4-f0d4198acd5c","app_classes":[{"class_vars":[{"var_type":"Context","var_isTransient":false,"var_isVolatile":false,"var_isFinal":false,"var_array":false,"var_isStatic":false}],"class_is_interface":false,"class_superclass":"BaseAdapter","class_id":"06a452ba-08ad-4d6b-8ed4-f0d4198acd5c#org.michaelevans.etsyblur.utils.ImageAdapter","class_app":"06a452ba-08ad-4d6b-8ed4-f0d4198acd5c#org.michaelevans.etsyblur","class_package":"org.michaelevans.etsyblur.utils","class_imports":[{"import_name":"android.widget.name","import_class":"06a452ba-08ad-4d6b-8ed4-f0d4198acd5c#org.michaelevans.etsyblur.utils.ImageAdapter"},{"import_name":"android.view.name","import_class":"06a452ba-08ad-4d6b-8ed4-f0d4198acd5c#org.michaelevans.etsyblur.utils.ImageAdapter"},{"import_name":"android.view.name","import_class":"06a452ba-08ad-4d6b-8ed4-f0d4198acd5c#org.michaelevans.etsyblur.utils.ImageAdapter"},{"import_name":"android.content.name","import_class":"06a452ba-08ad-4d6b-8ed4-f0d4198acd5c#org.michaelevans.etsyblur.utils.ImageAdapter"},{"import_name":"android.widget.name","import_class":"06a452ba-08ad-4d6b-8ed4-f0d4198acd5c#org.michaelevans.etsyblur.utils.ImageAdapter"}],"class_implemented_ifaces":"","class_acc_modifier":"private","class_non_acc_mod":"","class_name":"ImageAdapter","class_methods":[{"method_declared_vars":[],"method_name":"getItemId","method_acc_modifier":"public","method_id":"org.michaelevans.etsyblur.utils.ImageAdapter.getItemId(#int)","method_metrics":[{"mm_value":1,"mm_metric":"loc","mm_method":"org.michaelevans.etsyblur.utils.ImageAdapter.getItemId(#int)","mm_value_text":""},{"mm_value":1,"mm_metric":"cc","mm_method":"org.michaelevans.etsyblur.utils.ImageAdapter.getItemId(#int)","mm_value_text":""},{"mm_value":1,"mm_metric":"nr_args","mm_method":"org.michaelevans.etsyblur.utils.ImageAdapter.getItemId(#int)","mm_value_text":""}],"method_non_acc_mod":"","method_args":"int#","method_class":"06a452ba-08ad-4d6b-8ed4-f0d4198acd5c#org.michaelevans.etsyblur.utils.ImageAdapter"},{"method_declared_vars":[],"method_name":"ImageAdapter","method_acc_modifier":"public","method_id":"org.michaelevans.etsyblur.utils.ImageAdapter.ImageAdapter()","method_metrics":[{"mm_value":1,"mm_metric":"loc","mm_method":"org.michaelevans.etsyblur.utils.ImageAdapter.ImageAdapter()","mm_value_text":""},{"mm_value":1,"mm_metric":"cc","mm_method":"org.michaelevans.etsyblur.utils.ImageAdapter.ImageAdapter()","mm_value_text":""},{"mm_value":0,"mm_metric":"nr_args","mm_method":"org.michaelevans.etsyblur.utils.ImageAdapter.ImageAdapter()","mm_value_text":""},{"mm_value":0,"mm_metric":"externalapi","mm_method":"org.michaelevans.etsyblur.utils.ImageAdapter.ImageAdapter()","mm_value_text":"API: c|method: null|()"},{"mm_value":0,"mm_metric":"androidapi","mm_method":"org.michaelevans.etsyblur.utils.ImageAdapter.ImageAdapter()","mm_value_text":"API: android.content.Context|method: null|()"}],"method_non_acc_mod":"","method_args":"","method_class":"06a452ba-08ad-4d6b-8ed4-f0d4198acd5c#org.michaelevans.etsyblur.utils.ImageAdapter"},{"method_declared_vars":[],"method_name":"getItem","method_acc_modifier":"public","method_id":"org.michaelevans.etsyblur.utils.ImageAdapter.getItem(#int)","method_metrics":[{"mm_value":1,"mm_metric":"loc","mm_method":"org.michaelevans.etsyblur.utils.ImageAdapter.getItem(#int)","mm_value_text":""},{"mm_value":1,"mm_metric":"cc","mm_method":"org.michaelevans.etsyblur.utils.ImageAdapter.getItem(#int)","mm_value_text":""},{"mm_value":1,"mm_metric":"nr_args","mm_method":"org.michaelevans.etsyblur.utils.ImageAdapter.getItem(#int)","mm_value_text":""}],"method_non_acc_mod":"","method_args":"int#","method_class":"06a452ba-08ad-4d6b-8ed4-f0d4198acd5c#org.michaelevans.etsyblur.utils.ImageAdapter"},{"method_declared_vars":[],"method_name":"getCount","method_acc_modifier":"public","method_id":"org.michaelevans.etsyblur.utils.ImageAdapter.getCount()","method_metrics":[{"mm_value":1,"mm_metric":"loc","mm_method":"org.michaelevans.etsyblur.utils.ImageAdapter.getCount()","mm_value_text":""},{"mm_value":1,"mm_metric":"cc","mm_method":"org.michaelevans.etsyblur.utils.ImageAdapter.getCount()","mm_value_text":""},{"mm_value":0,"mm_metric":"nr_args","mm_method":"org.michaelevans.etsyblur.utils.ImageAdapter.getCount()","mm_value_text":""},{"mm_value":0,"mm_metric":"externalapi","mm_method":"org.michaelevans.etsyblur.utils.ImageAdapter.getCount()","mm_value_text":"API: Constants.THUMBNAILS|method: null|()"}],"method_non_acc_mod":"","method_args":"","method_class":"06a452ba-08ad-4d6b-8ed4-f0d4198acd5c#org.michaelevans.etsyblur.utils.ImageAdapter"},{"method_declared_vars":[{"var_type":"ImageView","var_array":false,"var_name":"imageView"}],"method_name":"getView","method_acc_modifier":"public","method_id":"org.michaelevans.etsyblur.utils.ImageAdapter.getView(#ViewGroup#int#View)","method_metrics":[{"mm_value":9,"mm_metric":"loc","mm_method":"org.michaelevans.etsyblur.utils.ImageAdapter.getView(#ViewGroup#int#View)","mm_value_text":""},{"mm_value":3,"mm_metric":"cc","mm_method":"org.michaelevans.etsyblur.utils.ImageAdapter.getView(#ViewGroup#int#View)","mm_value_text":""},{"mm_value":3,"mm_metric":"nr_args","mm_method":"org.michaelevans.etsyblur.utils.ImageAdapter.getView(#ViewGroup#int#View)","mm_value_text":""},{"mm_value":0,"mm_metric":"androidapi","mm_method":"org.michaelevans.etsyblur.utils.ImageAdapter.getView(#ViewGroup#int#View)","mm_value_text":"API: android.content.Context|method: null|()"},{"mm_value":0,"mm_metric":"androidapi","mm_method":"org.michaelevans.etsyblur.utils.ImageAdapter.getView(#ViewGroup#int#View)","mm_value_text":"API: android.widget.ImageView|method: setImageResource|()"},{"mm_value":0,"mm_metric":"androidapi","mm_method":"org.michaelevans.etsyblur.utils.ImageAdapter.getView(#ViewGroup#int#View)","mm_value_text":"API: android.widget.ImageView|method: imageView|()"},{"mm_value":0,"mm_metric":"androidapi","mm_method":"org.michaelevans.etsyblur.utils.ImageAdapter.getView(#ViewGroup#int#View)","mm_value_text":"API: android.widget.ImageView|method: setPadding|()"},{"mm_value":0,"mm_metric":"androidapi","mm_method":"org.michaelevans.etsyblur.utils.ImageAdapter.getView(#ViewGroup#int#View)","mm_value_text":"API: android.widget.ImageView|method: null|()"},{"mm_value":0,"mm_metric":"androidapi","mm_method":"org.michaelevans.etsyblur.utils.ImageAdapter.getView(#ViewGroup#int#View)","mm_value_text":"API: android.view.View|method: null|()"}],"method_non_acc_mod":"","method_args":"ViewGroup#int#View#","method_class":"06a452ba-08ad-4d6b-8ed4-f0d4198acd5c#org.michaelevans.etsyblur.utils.ImageAdapter"}]},{"class_vars":[{"var_type":"ImageView","var_isTransient":false,"var_isVolatile":false,"var_isFinal":false,"var_array":false,"var_isStatic":false},{"var_type":"String","var_isTransient":false,"var_isVolatile":false,"var_isFinal":false,"var_array":false,"var_isStatic":false},{"var_type":"View","var_isTransient":false,"var_isVolatile":false,"var_isFinal":false,"var_array":false,"var_isStatic":false}],"class_is_interface":false,"class_superclass":"Activity","class_id":"06a452ba-08ad-4d6b-8ed4-f0d4198acd5c#org.michaelevans.etsyblur.ui.DetailsActivity","class_app":"06a452ba-08ad-4d6b-8ed4-f0d4198acd5c#org.michaelevans.etsyblur","class_package":"org.michaelevans.etsyblur.ui","class_imports":[{"import_name":"android.view.name","import_class":"06a452ba-08ad-4d6b-8ed4-f0d4198acd5c#org.michaelevans.etsyblur.ui.DetailsActivity"},{"import_name":"org.michaelevans.etsyblur.name","import_class":"06a452ba-08ad-4d6b-8ed4-f0d4198acd5c#org.michaelevans.etsyblur.ui.DetailsActivity"},{"import_name":"org.michaelevans.etsyblur.utils.name","import_class":"06a452ba-08ad-4d6b-8ed4-f0d4198acd5c#org.michaelevans.etsyblur.ui.DetailsActivity"},{"import_name":"android.os.name","import_class":"06a452ba-08ad-4d6b-8ed4-f0d4198acd5c#org.michaelevans.etsyblur.ui.DetailsActivity"},{"import_name":"android.os.name","import_class":"06a452ba-08ad-4d6b-8ed4-f0d4198acd5c#org.michaelevans.etsyblur.ui.DetailsActivity"},{"import_name":"org.michaelevans.etsyblur.utils.name","import_class":"06a452ba-08ad-4d6b-8ed4-f0d4198acd5c#org.michaelevans.etsyblur.ui.DetailsActivity"},{"import_name":"android.graphics.name","import_class":"06a452ba-08ad-4d6b-8ed4-f0d4198acd5c#org.michaelevans.etsyblur.ui.DetailsActivity"},{"import_name":"android.text.name","import_class":"06a452ba-08ad-4d6b-8ed4-f0d4198acd5c#org.michaelevans.etsyblur.ui.DetailsActivity"},{"import_name":"android.widget.name","import_class":"06a452ba-08ad-4d6b-8ed4-f0d4198acd5c#org.michaelevans.etsyblur.ui.DetailsActivity"},{"import_name":"android.app.name","import_class":"06a452ba-08ad-4d6b-8ed4-f0d4198acd5c#org.michaelevans.etsyblur.ui.DetailsActivity"}],"class_implemented_ifaces":"","class_acc_modifier":"private","class_non_acc_mod":"","class_name":"DetailsActivity","class_methods":[{"method_declared_vars":[{"var_type":"View","var_array":false,"var_name":"mFigure"}],"method_name":"onCreate","method_acc_modifier":"protected","method_id":"org.michaelevans.etsyblur.ui.DetailsActivity.onCreate(#Bundle)","method_metrics":[{"mm_value":8,"mm_metric":"loc","mm_method":"org.michaelevans.etsyblur.ui.DetailsActivity.onCreate(#Bundle)","mm_value_text":""},{"mm_value":1,"mm_metric":"cc","mm_method":"org.michaelevans.etsyblur.ui.DetailsActivity.onCreate(#Bundle)","mm_value_text":""},{"mm_value":1,"mm_metric":"nr_args","mm_method":"org.michaelevans.etsyblur.ui.DetailsActivity.onCreate(#Bundle)","mm_value_text":""},{"mm_value":0,"mm_metric":"externalapi","mm_method":"org.michaelevans.etsyblur.ui.DetailsActivity.onCreate(#Bundle)","mm_value_text":"API: R.id|method: null|()"},{"mm_value":0,"mm_metric":"externalapi","mm_method":"org.michaelevans.etsyblur.ui.DetailsActivity.onCreate(#Bundle)","mm_value_text":"API: org.michaelevans.etsyblur.utils.Constants|method: null|()"},{"mm_value":0,"mm_metric":"externalapi","mm_method":"org.michaelevans.etsyblur.ui.DetailsActivity.onCreate(#Bundle)","mm_value_text":"API: R.drawable|method: null|()"},{"mm_value":0,"mm_metric":"externalapi","mm_method":"org.michaelevans.etsyblur.ui.DetailsActivity.onCreate(#Bundle)","mm_value_text":"API: getIntent()|method: getIntent()|()"},{"mm_value":0,"mm_metric":"externalapi","mm_method":"org.michaelevans.etsyblur.ui.DetailsActivity.onCreate(#Bundle)","mm_value_text":"API: getIntent()|method: getIntExtra|()"},{"mm_value":0,"mm_metric":"externalapi","mm_method":"org.michaelevans.etsyblur.ui.DetailsActivity.onCreate(#Bundle)","mm_value_text":"API: R.layout|method: null|()"},{"mm_value":0,"mm_metric":"externalapi","mm_method":"org.michaelevans.etsyblur.ui.DetailsActivity.onCreate(#Bundle)","mm_value_text":"API: R.anim|method: null|()"},{"mm_value":0,"mm_metric":"androidapi","mm_method":"org.michaelevans.etsyblur.ui.DetailsActivity.onCreate(#Bundle)","mm_value_text":"API: android.os.Bundle|method: null|()"},{"mm_value":0,"mm_metric":"androidapi","mm_method":"org.michaelevans.etsyblur.ui.DetailsActivity.onCreate(#Bundle)","mm_value_text":"API: android.app.Activity|method: super|()"},{"mm_value":0,"mm_metric":"androidapi","mm_method":"org.michaelevans.etsyblur.ui.DetailsActivity.onCreate(#Bundle)","mm_value_text":"API: android.app.Activity|method: onCreate|()"},{"mm_value":0,"mm_metric":"androidapi","mm_method":"org.michaelevans.etsyblur.ui.DetailsActivity.onCreate(#Bundle)","mm_value_text":"API: android.view.View|method: mFigure|()"},{"mm_value":0,"mm_metric":"androidapi","mm_method":"org.michaelevans.etsyblur.ui.DetailsActivity.onCreate(#Bundle)","mm_value_text":"API: android.widget.ImageView|method: null|()"},{"mm_value":0,"mm_metric":"androidapi","mm_method":"org.michaelevans.etsyblur.ui.DetailsActivity.onCreate(#Bundle)","mm_value_text":"API: android.view.View|method: null|()"},{"mm_value":0,"mm_metric":"androidapi","mm_method":"org.michaelevans.etsyblur.ui.DetailsActivity.onCreate(#Bundle)","mm_value_text":"API: android.app.Activity|method: null|()"},{"mm_value":0,"mm_metric":"androidapi","mm_method":"org.michaelevans.etsyblur.ui.DetailsActivity.onCreate(#Bundle)","mm_value_text":"API: android.view.View|method: setBackgroundResource|()"}],"method_non_acc_mod":"","method_args":"Bundle#","method_class":"06a452ba-08ad-4d6b-8ed4-f0d4198acd5c#org.michaelevans.etsyblur.ui.DetailsActivity"},{"method_declared_vars":[],"method_name":"onDestroy","method_acc_modifier":"protected","method_id":"org.michaelevans.etsyblur.ui.DetailsActivity.onDestroy()","method_metrics":[{"mm_value":2,"mm_metric":"loc","mm_method":"org.michaelevans.etsyblur.ui.DetailsActivity.onDestroy()","mm_value_text":""},{"mm_value":1,"mm_metric":"cc","mm_method":"org.michaelevans.etsyblur.ui.DetailsActivity.onDestroy()","mm_value_text":""},{"mm_value":0,"mm_metric":"nr_args","mm_method":"org.michaelevans.etsyblur.ui.DetailsActivity.onDestroy()","mm_value_text":""},{"mm_value":0,"mm_metric":"androidapi","mm_method":"org.michaelevans.etsyblur.ui.DetailsActivity.onDestroy()","mm_value_text":"API: android.app.Activity|method: super|()"},{"mm_value":0,"mm_metric":"androidapi","mm_method":"org.michaelevans.etsyblur.ui.DetailsActivity.onDestroy()","mm_value_text":"API: android.app.Activity|method: onDestroy|()"},{"mm_value":0,"mm_metric":"androidapi","mm_method":"org.michaelevans.etsyblur.ui.DetailsActivity.onDestroy()","mm_value_text":"API: android.app.Activity|method: null|()"}],"method_non_acc_mod":"","method_args":"","method_class":"06a452ba-08ad-4d6b-8ed4-f0d4198acd5c#org.michaelevans.etsyblur.ui.DetailsActivity"},{"method_declared_vars":[],"method_name":"cleanupBlurBackground","method_acc_modifier":"private","method_id":"org.michaelevans.etsyblur.ui.DetailsActivity.cleanupBlurBackground()","method_metrics":[{"mm_value":9,"mm_metric":"loc","mm_method":"org.michaelevans.etsyblur.ui.DetailsActivity.cleanupBlurBackground()","mm_value_text":""},{"mm_value":2,"mm_metric":"cc","mm_method":"org.michaelevans.etsyblur.ui.DetailsActivity.cleanupBlurBackground()","mm_value_text":""},{"mm_value":0,"mm_metric":"nr_args","mm_method":"org.michaelevans.etsyblur.ui.DetailsActivity.cleanupBlurBackground()","mm_value_text":""},{"mm_value":0,"mm_metric":"externalapi","mm_method":"org.michaelevans.etsyblur.ui.DetailsActivity.cleanupBlurBackground()","mm_value_text":"API: newAsyncTask|method: execute|()"},{"mm_value":0,"mm_metric":"externalapi","mm_method":"org.michaelevans.etsyblur.ui.DetailsActivity.cleanupBlurBackground()","mm_value_text":"API: Void|method: execute|()"},{"mm_value":0,"mm_metric":"externalapi","mm_method":"org.michaelevans.etsyblur.ui.DetailsActivity.cleanupBlurBackground()","mm_value_text":"API: Void(){\n\n@Override\nprotectedVoiddoInBackground(Void...params){\nUtils.deleteFile(mBackgroundFilename);\nreturnnull;\n}\n}|method: new  AsyncTask<Void, Void, Void>() {\n\n    @Override\n    protected Void doInBackground(Void... params) {\n        Utils.deleteFile(mBackgroundFilename);\n        return null;\n    }\n}|()"},{"mm_value":0,"mm_metric":"externalapi","mm_method":"org.michaelevans.etsyblur.ui.DetailsActivity.cleanupBlurBackground()","mm_value_text":"API: Void(){\n\n@Override\nprotectedVoiddoInBackground(Void...params){\nUtils.deleteFile(mBackgroundFilename);\nreturnnull;\n}\n}|method: execute|()"},{"mm_value":0,"mm_metric":"externalapi","mm_method":"org.michaelevans.etsyblur.ui.DetailsActivity.cleanupBlurBackground()","mm_value_text":"API: newAsyncTask|method: new  AsyncTask<Void, Void, Void>() {\n\n    @Override\n    protected Void doInBackground(Void... params) {\n        Utils.deleteFile(mBackgroundFilename);\n        return null;\n    }\n}|()"},{"mm_value":0,"mm_metric":"externalapi","mm_method":"org.michaelevans.etsyblur.ui.DetailsActivity.cleanupBlurBackground()","mm_value_text":"API: Void|method: new  AsyncTask<Void, Void, Void>() {\n\n    @Override\n    protected Void doInBackground(Void... params) {\n        Utils.deleteFile(mBackgroundFilename);\n        return null;\n    }\n}|()"},{"mm_value":0,"mm_metric":"androidapi","mm_method":"org.michaelevans.etsyblur.ui.DetailsActivity.cleanupBlurBackground()","mm_value_text":"API: android.os.AsyncTask|method: null|()"}],"method_non_acc_mod":"","method_args":"","method_class":"06a452ba-08ad-4d6b-8ed4-f0d4198acd5c#org.michaelevans.etsyblur.ui.DetailsActivity"},{"method_declared_vars":[{"var_type":"Bitmap","var_array":false,"var_name":"background"}],"method_name":"setBlurBackground","method_acc_modifier":"private","method_id":"org.michaelevans.etsyblur.ui.DetailsActivity.setBlurBackground()","method_metrics":[{"mm_value":9,"mm_metric":"loc","mm_method":"org.michaelevans.etsyblur.ui.DetailsActivity.setBlurBackground()","mm_value_text":""},{"mm_value":3,"mm_metric":"cc","mm_method":"org.michaelevans.etsyblur.ui.DetailsActivity.setBlurBackground()","mm_value_text":""},{"mm_value":0,"mm_metric":"nr_args","mm_method":"org.michaelevans.etsyblur.ui.DetailsActivity.setBlurBackground()","mm_value_text":""},{"mm_value":0,"mm_metric":"externalapi","mm_method":"org.michaelevans.etsyblur.ui.DetailsActivity.setBlurBackground()","mm_value_text":"API: getIntent()|method: getStringExtra|()"},{"mm_value":0,"mm_metric":"externalapi","mm_method":"org.michaelevans.etsyblur.ui.DetailsActivity.setBlurBackground()","mm_value_text":"API: mBlurImage.animate().alpha(1)|method: setDuration|()"},{"mm_value":0,"mm_metric":"externalapi","mm_method":"org.michaelevans.etsyblur.ui.DetailsActivity.setBlurBackground()","mm_value_text":"API: org.michaelevans.etsyblur.utils.Utils|method: Utils|()"},{"mm_value":0,"mm_metric":"externalapi","mm_method":"org.michaelevans.etsyblur.ui.DetailsActivity.setBlurBackground()","mm_value_text":"API: mBlurImage.animate()|method: alpha|()"},{"mm_value":0,"mm_metric":"externalapi","mm_method":"org.michaelevans.etsyblur.ui.DetailsActivity.setBlurBackground()","mm_value_text":"API: org.michaelevans.etsyblur.utils.Constants|method: null|()"},{"mm_value":0,"mm_metric":"externalapi","mm_method":"org.michaelevans.etsyblur.ui.DetailsActivity.setBlurBackground()","mm_value_text":"API: org.michaelevans.etsyblur.utils.Utils|method: loadBitmapFromFile|()"},{"mm_value":0,"mm_metric":"externalapi","mm_method":"org.michaelevans.etsyblur.ui.DetailsActivity.setBlurBackground()","mm_value_text":"API: getIntent()|method: getIntent()|()"},{"mm_value":0,"mm_metric":"externalapi","mm_method":"org.michaelevans.etsyblur.ui.DetailsActivity.setBlurBackground()","mm_value_text":"API: org.michaelevans.etsyblur.utils.Utils|method: null|()"},{"mm_value":0,"mm_metric":"androidapi","mm_method":"org.michaelevans.etsyblur.ui.DetailsActivity.setBlurBackground()","mm_value_text":"API: android.view.View|method: setVisibility|()"},{"mm_value":0,"mm_metric":"androidapi","mm_method":"org.michaelevans.etsyblur.ui.DetailsActivity.setBlurBackground()","mm_value_text":"API: android.widget.ImageView|method: mBlurImage|()"},{"mm_value":0,"mm_metric":"androidapi","mm_method":"org.michaelevans.etsyblur.ui.DetailsActivity.setBlurBackground()","mm_value_text":"API: android.graphics.Bitmap|method: null|()"},{"mm_value":0,"mm_metric":"androidapi","mm_method":"org.michaelevans.etsyblur.ui.DetailsActivity.setBlurBackground()","mm_value_text":"API: android.widget.ImageView|method: null|()"},{"mm_value":0,"mm_metric":"androidapi","mm_method":"org.michaelevans.etsyblur.ui.DetailsActivity.setBlurBackground()","mm_value_text":"API: android.view.View|method: null|()"},{"mm_value":0,"mm_metric":"androidapi","mm_method":"org.michaelevans.etsyblur.ui.DetailsActivity.setBlurBackground()","mm_value_text":"API: android.view.View|method: mBackgroundContainer|()"},{"mm_value":0,"mm_metric":"androidapi","mm_method":"org.michaelevans.etsyblur.ui.DetailsActivity.setBlurBackground()","mm_value_text":"API: android.widget.ImageView|method: setImageBitmap|()"},{"mm_value":0,"mm_metric":"androidapi","mm_method":"org.michaelevans.etsyblur.ui.DetailsActivity.setBlurBackground()","mm_value_text":"API: android.widget.ImageView|method: mBlurImage.animate().alpha(1)|()"},{"mm_value":0,"mm_metric":"androidapi","mm_method":"org.michaelevans.etsyblur.ui.DetailsActivity.setBlurBackground()","mm_value_text":"API: android.widget.ImageView|method: mBlurImage.animate()|()"},{"mm_value":0,"mm_metric":"androidapi","mm_method":"org.michaelevans.etsyblur.ui.DetailsActivity.setBlurBackground()","mm_value_text":"API: android.widget.ImageView|method: animate|()"},{"mm_value":0,"mm_metric":"javaapi","mm_method":"org.michaelevans.etsyblur.ui.DetailsActivity.setBlurBackground()","mm_value_text":"API: String|method: null|()"}],"method_non_acc_mod":"","method_args":"","method_class":"06a452ba-08ad-4d6b-8ed4-f0d4198acd5c#org.michaelevans.etsyblur.ui.DetailsActivity"}]},{"class_vars":[],"class_is_interface":false,"class_superclass":null,"class_id":"06a452ba-08ad-4d6b-8ed4-f0d4198acd5c#org.michaelevans.etsyblur.utils.Utils","class_app":"06a452ba-08ad-4d6b-8ed4-f0d4198acd5c#org.michaelevans.etsyblur","class_package":"org.michaelevans.etsyblur.utils","class_imports":[{"import_name":"java.io.name","import_class":"06a452ba-08ad-4d6b-8ed4-f0d4198acd5c#org.michaelevans.etsyblur.utils.Utils"},{"import_name":"android.app.name","import_class":"06a452ba-08ad-4d6b-8ed4-f0d4198acd5c#org.michaelevans.etsyblur.utils.Utils"},{"import_name":"java.io.name","import_class":"06a452ba-08ad-4d6b-8ed4-f0d4198acd5c#org.michaelevans.etsyblur.utils.Utils"},{"import_name":"android.graphics.name","import_class":"06a452ba-08ad-4d6b-8ed4-f0d4198acd5c#org.michaelevans.etsyblur.utils.Utils"},{"import_name":"android.graphics.name","import_class":"06a452ba-08ad-4d6b-8ed4-f0d4198acd5c#org.michaelevans.etsyblur.utils.Utils"},{"import_name":"android.content.name","import_class":"06a452ba-08ad-4d6b-8ed4-f0d4198acd5c#org.michaelevans.etsyblur.utils.Utils"},{"import_name":"org.apache.commons.codec.digest.name","import_class":"06a452ba-08ad-4d6b-8ed4-f0d4198acd5c#org.michaelevans.etsyblur.utils.Utils"},{"import_name":"android.graphics.name","import_class":"06a452ba-08ad-4d6b-8ed4-f0d4198acd5c#org.michaelevans.etsyblur.utils.Utils"},{"import_name":"android.view.name","import_class":"06a452ba-08ad-4d6b-8ed4-f0d4198acd5c#org.michaelevans.etsyblur.utils.Utils"},{"import_name":"android.graphics.drawable.name","import_class":"06a452ba-08ad-4d6b-8ed4-f0d4198acd5c#org.michaelevans.etsyblur.utils.Utils"},{"import_name":"java.io.name","import_class":"06a452ba-08ad-4d6b-8ed4-f0d4198acd5c#org.michaelevans.etsyblur.utils.Utils"}],"class_implemented_ifaces":"","class_acc_modifier":"public","class_non_acc_mod":"","class_name":"Utils","class_methods":[{"method_declared_vars":[],"method_name":"deleteFile","method_acc_modifier":"public","method_id":"org.michaelevans.etsyblur.utils.Utils.deleteFile(#String)","method_metrics":[{"mm_value":1,"mm_metric":"loc","mm_method":"org.michaelevans.etsyblur.utils.Utils.deleteFile(#String)","mm_value_text":""},{"mm_value":1,"mm_metric":"cc","mm_method":"org.michaelevans.etsyblur.utils.Utils.deleteFile(#String)","mm_value_text":""},{"mm_value":1,"mm_metric":"nr_args","mm_method":"org.michaelevans.etsyblur.utils.Utils.deleteFile(#String)","mm_value_text":""},{"mm_value":0,"mm_metric":"externalapi","mm_method":"org.michaelevans.etsyblur.utils.Utils.deleteFile(#String)","mm_value_text":"API: new  File(filename)|method: new  File(filename)|()"},{"mm_value":0,"mm_metric":"externalapi","mm_method":"org.michaelevans.etsyblur.utils.Utils.deleteFile(#String)","mm_value_text":"API: new  File(filename)|method: delete|()"},{"mm_value":0,"mm_metric":"javaapi","mm_method":"org.michaelevans.etsyblur.utils.Utils.deleteFile(#String)","mm_value_text":"API: String|method: null|()"},{"mm_value":0,"mm_metric":"javaapi","mm_method":"org.michaelevans.etsyblur.utils.Utils.deleteFile(#String)","mm_value_text":"API: java.io.File|method: null|()"}],"method_non_acc_mod":"#static","method_args":"String#","method_class":"06a452ba-08ad-4d6b-8ed4-f0d4198acd5c#org.michaelevans.etsyblur.utils.Utils"},{"method_declared_vars":[],"method_name":"getCacheDir","method_acc_modifier":"private","method_id":"org.michaelevans.etsyblur.utils.Utils.getCacheDir(#Context#String)","method_metrics":[{"mm_value":1,"mm_metric":"loc","mm_method":"org.michaelevans.etsyblur.utils.Utils.getCacheDir(#Context#String)","mm_value_text":""},{"mm_value":1,"mm_metric":"cc","mm_method":"org.michaelevans.etsyblur.utils.Utils.getCacheDir(#Context#String)","mm_value_text":""},{"mm_value":2,"mm_metric":"nr_args","mm_method":"org.michaelevans.etsyblur.utils.Utils.getCacheDir(#Context#String)","mm_value_text":""},{"mm_value":0,"mm_metric":"androidapi","mm_method":"org.michaelevans.etsyblur.utils.Utils.getCacheDir(#Context#String)","mm_value_text":"API: android.content.Context|method: null|()"},{"mm_value":0,"mm_metric":"androidapi","mm_method":"org.michaelevans.etsyblur.utils.Utils.getCacheDir(#Context#String)","mm_value_text":"API: android.content.Context|method: getCacheDir|()"},{"mm_value":0,"mm_metric":"androidapi","mm_method":"org.michaelevans.etsyblur.utils.Utils.getCacheDir(#Context#String)","mm_value_text":"API: android.content.Context|method: context|()"},{"mm_value":0,"mm_metric":"javaapi","mm_method":"org.michaelevans.etsyblur.utils.Utils.getCacheDir(#Context#String)","mm_value_text":"API: String|method: null|()"},{"mm_value":0,"mm_metric":"javaapi","mm_method":"org.michaelevans.etsyblur.utils.Utils.getCacheDir(#Context#String)","mm_value_text":"API: java.io.File|method: null|()"}],"method_non_acc_mod":"#static","method_args":"Context#String#","method_class":"06a452ba-08ad-4d6b-8ed4-f0d4198acd5c#org.michaelevans.etsyblur.utils.Utils"},{"method_declared_vars":[{"var_type":"File","var_array":false,"var_name":"localFile"},{"var_type":"String","var_array":false,"var_name":"timestamp"},{"var_type":"String","var_array":false,"var_name":"md5"}],"method_name":"generateFile","method_acc_modifier":"private","method_id":"org.michaelevans.etsyblur.utils.Utils.generateFile(#Activity)","method_metrics":[{"mm_value":6,"mm_metric":"loc","mm_method":"org.michaelevans.etsyblur.utils.Utils.generateFile(#Activity)","mm_value_text":""},{"mm_value":2,"mm_metric":"cc","mm_method":"org.michaelevans.etsyblur.utils.Utils.generateFile(#Activity)","mm_value_text":""},{"mm_value":1,"mm_metric":"nr_args","mm_method":"org.michaelevans.etsyblur.utils.Utils.generateFile(#Activity)","mm_value_text":""},{"mm_value":0,"mm_metric":"externalapi","mm_method":"org.michaelevans.etsyblur.utils.Utils.generateFile(#Activity)","mm_value_text":"API: org.apache.commons.codec.digest.DigestUtils|method: md5|()"},{"mm_value":0,"mm_metric":"externalapi","mm_method":"org.michaelevans.etsyblur.utils.Utils.generateFile(#Activity)","mm_value_text":"API: org.apache.commons.codec.digest.DigestUtils|method: DigestUtils|()"},{"mm_value":0,"mm_metric":"externalapi","mm_method":"org.michaelevans.etsyblur.utils.Utils.generateFile(#Activity)","mm_value_text":"API: org.apache.commons.codec.digest.DigestUtils|method: null|()"},{"mm_value":0,"mm_metric":"androidapi","mm_method":"org.michaelevans.etsyblur.utils.Utils.generateFile(#Activity)","mm_value_text":"API: android.app.Activity|method: null|()"},{"mm_value":0,"mm_metric":"javaapi","mm_method":"org.michaelevans.etsyblur.utils.Utils.generateFile(#Activity)","mm_value_text":"API: String|method: valueOf|()"},{"mm_value":0,"mm_metric":"javaapi","mm_method":"org.michaelevans.etsyblur.utils.Utils.generateFile(#Activity)","mm_value_text":"API: java.io.File|method: mkdirs|()"},{"mm_value":0,"mm_metric":"javaapi","mm_method":"org.michaelevans.etsyblur.utils.Utils.generateFile(#Activity)","mm_value_text":"API: System|method: currentTimeMillis|()"},{"mm_value":0,"mm_metric":"javaapi","mm_method":"org.michaelevans.etsyblur.utils.Utils.generateFile(#Activity)","mm_value_text":"API: java.io.File|method: localFile|()"},{"mm_value":0,"mm_metric":"javaapi","mm_method":"org.michaelevans.etsyblur.utils.Utils.generateFile(#Activity)","mm_value_text":"API: String|method: String|()"},{"mm_value":0,"mm_metric":"javaapi","mm_method":"org.michaelevans.etsyblur.utils.Utils.generateFile(#Activity)","mm_value_text":"API: String|method: null|()"},{"mm_value":0,"mm_metric":"javaapi","mm_method":"org.michaelevans.etsyblur.utils.Utils.generateFile(#Activity)","mm_value_text":"API: System|method: System|()"},{"mm_value":0,"mm_metric":"javaapi","mm_method":"org.michaelevans.etsyblur.utils.Utils.generateFile(#Activity)","mm_value_text":"API: System|method: null|()"},{"mm_value":0,"mm_metric":"javaapi","mm_method":"org.michaelevans.etsyblur.utils.Utils.generateFile(#Activity)","mm_value_text":"API: java.io.File|method: null|()"}],"method_non_acc_mod":"#static","method_args":"Activity#","method_class":"06a452ba-08ad-4d6b-8ed4-f0d4198acd5c#org.michaelevans.etsyblur.utils.Utils"},{"method_declared_vars":[{"var_type":"String","var_array":false,"var_name":"filePath"}],"method_name":"saveBitmapToFile","method_acc_modifier":"public","method_id":"org.michaelevans.etsyblur.utils.Utils.saveBitmapToFile(#Bitmap#Activity)","method_metrics":[{"mm_value":13,"mm_metric":"loc","mm_method":"org.michaelevans.etsyblur.utils.Utils.saveBitmapToFile(#Bitmap#Activity)","mm_value_text":""},{"mm_value":1,"mm_metric":"cc","mm_method":"org.michaelevans.etsyblur.utils.Utils.saveBitmapToFile(#Bitmap#Activity)","mm_value_text":""},{"mm_value":2,"mm_metric":"nr_args","mm_method":"org.michaelevans.etsyblur.utils.Utils.saveBitmapToFile(#Bitmap#Activity)","mm_value_text":""},{"mm_value":0,"mm_metric":"javaapi","mm_method":"org.michaelevans.etsyblur.utils.Utils.saveBitmapToFile(#Bitmap#Activity)","mm_value_text":"API: String|method: null|()"}],"method_non_acc_mod":"#static","method_args":"Bitmap#Activity#","method_class":"06a452ba-08ad-4d6b-8ed4-f0d4198acd5c#org.michaelevans.etsyblur.utils.Utils"},{"method_declared_vars":[{"var_type":"Canvas","var_array":false,"var_name":"canvas"},{"var_type":"Bitmap","var_array":false,"var_name":"returnedBitmap"},{"var_type":"Drawable","var_array":false,"var_name":"bgDrawable"}],"method_name":"drawViewToBitmap","method_acc_modifier":"public","method_id":"org.michaelevans.etsyblur.utils.Utils.drawViewToBitmap(#View#int)","method_metrics":[{"mm_value":9,"mm_metric":"loc","mm_method":"org.michaelevans.etsyblur.utils.Utils.drawViewToBitmap(#View#int)","mm_value_text":""},{"mm_value":3,"mm_metric":"cc","mm_method":"org.michaelevans.etsyblur.utils.Utils.drawViewToBitmap(#View#int)","mm_value_text":""},{"mm_value":2,"mm_metric":"nr_args","mm_method":"org.michaelevans.etsyblur.utils.Utils.drawViewToBitmap(#View#int)","mm_value_text":""},{"mm_value":0,"mm_metric":"externalapi","mm_method":"org.michaelevans.etsyblur.utils.Utils.drawViewToBitmap(#View#int)","mm_value_text":"API: Bitmap.Config|method: null|()"},{"mm_value":0,"mm_metric":"androidapi","mm_method":"org.michaelevans.etsyblur.utils.Utils.drawViewToBitmap(#View#int)","mm_value_text":"API: android.graphics.Bitmap|method: Bitmap|()"},{"mm_value":0,"mm_metric":"androidapi","mm_method":"org.michaelevans.etsyblur.utils.Utils.drawViewToBitmap(#View#int)","mm_value_text":"API: android.graphics.Canvas|method: drawColor|()"},{"mm_value":0,"mm_metric":"androidapi","mm_method":"org.michaelevans.etsyblur.utils.Utils.drawViewToBitmap(#View#int)","mm_value_text":"API: android.graphics.drawable.Drawable|method: bgDrawable|()"},{"mm_value":0,"mm_metric":"androidapi","mm_method":"org.michaelevans.etsyblur.utils.Utils.drawViewToBitmap(#View#int)","mm_value_text":"API: android.view.View|method: getHeight|()"},{"mm_value":0,"mm_metric":"androidapi","mm_method":"org.michaelevans.etsyblur.utils.Utils.drawViewToBitmap(#View#int)","mm_value_text":"API: android.graphics.drawable.Drawable|method: null|()"},{"mm_value":0,"mm_metric":"androidapi","mm_method":"org.michaelevans.etsyblur.utils.Utils.drawViewToBitmap(#View#int)","mm_value_text":"API: android.graphics.Bitmap|method: createBitmap|()"},{"mm_value":0,"mm_metric":"androidapi","mm_method":"org.michaelevans.etsyblur.utils.Utils.drawViewToBitmap(#View#int)","mm_value_text":"API: android.view.View|method: getWidth|()"},{"mm_value":0,"mm_metric":"androidapi","mm_method":"org.michaelevans.etsyblur.utils.Utils.drawViewToBitmap(#View#int)","mm_value_text":"API: android.graphics.Canvas|method: canvas|()"},{"mm_value":0,"mm_metric":"androidapi","mm_method":"org.michaelevans.etsyblur.utils.Utils.drawViewToBitmap(#View#int)","mm_value_text":"API: android.graphics.Bitmap|method: null|()"},{"mm_value":0,"mm_metric":"androidapi","mm_method":"org.michaelevans.etsyblur.utils.Utils.drawViewToBitmap(#View#int)","mm_value_text":"API: android.view.View|method: draw|()"},{"mm_value":0,"mm_metric":"androidapi","mm_method":"org.michaelevans.etsyblur.utils.Utils.drawViewToBitmap(#View#int)","mm_value_text":"API: android.graphics.drawable.Drawable|method: draw|()"},{"mm_value":0,"mm_metric":"androidapi","mm_method":"org.michaelevans.etsyblur.utils.Utils.drawViewToBitmap(#View#int)","mm_value_text":"API: android.view.View|method: null|()"},{"mm_value":0,"mm_metric":"androidapi","mm_method":"org.michaelevans.etsyblur.utils.Utils.drawViewToBitmap(#View#int)","mm_value_text":"API: android.view.View|method: view|()"},{"mm_value":0,"mm_metric":"androidapi","mm_method":"org.michaelevans.etsyblur.utils.Utils.drawViewToBitmap(#View#int)","mm_value_text":"API: android.graphics.Canvas|method: null|()"},{"mm_value":0,"mm_metric":"androidapi","mm_method":"org.michaelevans.etsyblur.utils.Utils.drawViewToBitmap(#View#int)","mm_value_text":"API: android.view.View|method: getBackground|()"}],"method_non_acc_mod":"#static","method_args":"View#int#","method_class":"06a452ba-08ad-4d6b-8ed4-f0d4198acd5c#org.michaelevans.etsyblur.utils.Utils"},{"method_declared_vars":[{"var_type":"BitmapFactory.Options","var_array":false,"var_name":"localOptions"}],"method_name":"loadBitmapFromFile","method_acc_modifier":"public","method_id":"org.michaelevans.etsyblur.utils.Utils.loadBitmapFromFile(#String)","method_metrics":[{"mm_value":4,"mm_metric":"loc","mm_method":"org.michaelevans.etsyblur.utils.Utils.loadBitmapFromFile(#String)","mm_value_text":""},{"mm_value":1,"mm_metric":"cc","mm_method":"org.michaelevans.etsyblur.utils.Utils.loadBitmapFromFile(#String)","mm_value_text":""},{"mm_value":1,"mm_metric":"nr_args","mm_method":"org.michaelevans.etsyblur.utils.Utils.loadBitmapFromFile(#String)","mm_value_text":""},{"mm_value":0,"mm_metric":"externalapi","mm_method":"org.michaelevans.etsyblur.utils.Utils.loadBitmapFromFile(#String)","mm_value_text":"API: Options|method: null|()"},{"mm_value":0,"mm_metric":"externalapi","mm_method":"org.michaelevans.etsyblur.utils.Utils.loadBitmapFromFile(#String)","mm_value_text":"API: BitmapFactory.Options|method: null|()"},{"mm_value":0,"mm_metric":"externalapi","mm_method":"org.michaelevans.etsyblur.utils.Utils.loadBitmapFromFile(#String)","mm_value_text":"API: localOptions|method: null|()"},{"mm_value":0,"mm_metric":"androidapi","mm_method":"org.michaelevans.etsyblur.utils.Utils.loadBitmapFromFile(#String)","mm_value_text":"API: android.graphics.BitmapFactory|method: decodeFile|()"},{"mm_value":0,"mm_metric":"androidapi","mm_method":"org.michaelevans.etsyblur.utils.Utils.loadBitmapFromFile(#String)","mm_value_text":"API: android.graphics.BitmapFactory|method: null|()"},{"mm_value":0,"mm_metric":"androidapi","mm_method":"org.michaelevans.etsyblur.utils.Utils.loadBitmapFromFile(#String)","mm_value_text":"API: android.graphics.BitmapFactory|method: BitmapFactory|()"},{"mm_value":0,"mm_metric":"javaapi","mm_method":"org.michaelevans.etsyblur.utils.Utils.loadBitmapFromFile(#String)","mm_value_text":"API: String|method: null|()"}],"method_non_acc_mod":"#static","method_args":"String#","method_class":"06a452ba-08ad-4d6b-8ed4-f0d4198acd5c#org.michaelevans.etsyblur.utils.Utils"}]},{"class_vars":[],"class_is_interface":false,"class_superclass":null,"class_id":"06a452ba-08ad-4d6b-8ed4-f0d4198acd5c#org.michaelevans.etsyblur.utils.Blur","class_app":"06a452ba-08ad-4d6b-8ed4-f0d4198acd5c#org.michaelevans.etsyblur","class_package":"org.michaelevans.etsyblur.utils","class_imports":[{"import_name":"android.renderscript.name","import_class":"06a452ba-08ad-4d6b-8ed4-f0d4198acd5c#org.michaelevans.etsyblur.utils.Blur"},{"import_name":"android.annotation.name","import_class":"06a452ba-08ad-4d6b-8ed4-f0d4198acd5c#org.michaelevans.etsyblur.utils.Blur"},{"import_name":"android.graphics.name","import_class":"06a452ba-08ad-4d6b-8ed4-f0d4198acd5c#org.michaelevans.etsyblur.utils.Blur"},{"import_name":"android.renderscript.name","import_class":"06a452ba-08ad-4d6b-8ed4-f0d4198acd5c#org.michaelevans.etsyblur.utils.Blur"},{"import_name":"android.os.Build.name","import_class":"06a452ba-08ad-4d6b-8ed4-f0d4198acd5c#org.michaelevans.etsyblur.utils.Blur"},{"import_name":"android.content.name","import_class":"06a452ba-08ad-4d6b-8ed4-f0d4198acd5c#org.michaelevans.etsyblur.utils.Blur"},{"import_name":"android.renderscript.name","import_class":"06a452ba-08ad-4d6b-8ed4-f0d4198acd5c#org.michaelevans.etsyblur.utils.Blur"},{"import_name":"android.renderscript.name","import_class":"06a452ba-08ad-4d6b-8ed4-f0d4198acd5c#org.michaelevans.etsyblur.utils.Blur"}],"class_implemented_ifaces":"","class_acc_modifier":"public","class_non_acc_mod":"","class_name":"Blur","class_methods":[{"method_declared_vars":[{"var_type":"RenderScript","var_array":false,"var_name":"rs"},{"var_type":"int","var_array":false,"var_name":"ginsum"},{"var_type":"int[][]","var_array":true,"var_name":"stack"},{"var_type":"int","var_array":false,"var_name":"rbs"},{"var_type":"int","var_array":false,"var_name":"stackpointer"},{"var_type":"int","var_array":false,"var_name":"hm"},{"var_type":"int","var_array":false,"var_name":"bsum"},{"var_type":"Allocation","var_array":false,"var_name":"output"},{"var_type":"int","var_array":false,"var_name":"div"},{"var_type":"int","var_array":false,"var_name":"yi"},{"var_type":"int","var_array":false,"var_name":"wh"},{"var_type":"int","var_array":false,"var_name":"dv"},{"var_type":"int","var_array":false,"var_name":"binsum"},{"var_type":"int","var_array":false,"var_name":"wm"},{"var_type":"int","var_array":false,"var_name":"goutsum"},{"var_type":"Bitmap","var_array":false,"var_name":"bitmap"},{"var_type":"int","var_array":false,"var_name":"yp"},{"var_type":"int","var_array":false,"var_name":"rinsum"},{"var_type":"int[]","var_array":true,"var_name":"sir"},{"var_type":"int[]","var_array":true,"var_name":"pix"},{"var_type":"int","var_array":false,"var_name":"yw"},{"var_type":"int","var_array":false,"var_name":"b"},{"var_type":"int","var_array":false,"var_name":"stackstart"},{"var_type":"int","var_array":false,"var_name":"g"},{"var_type":"int","var_array":false,"var_name":"h"},{"var_type":"int","var_array":false,"var_name":"i"},{"var_type":"int","var_array":false,"var_name":"vmin"},{"var_type":"int","var_array":false,"var_name":"rsum"},{"var_type":"int","var_array":false,"var_name":"boutsum"},{"var_type":"ScriptIntrinsicBlur","var_array":false,"var_name":"script"},{"var_type":"int","var_array":false,"var_name":"p"},{"var_type":"Allocation","var_array":false,"var_name":"input"},{"var_type":"int","var_array":false,"var_name":"r"},{"var_type":"int","var_array":false,"var_name":"gsum"},{"var_type":"int","var_array":false,"var_name":"w"},{"var_type":"int","var_array":false,"var_name":"x"},{"var_type":"int","var_array":false,"var_name":"routsum"},{"var_type":"int","var_array":false,"var_name":"y"},{"var_type":"int","var_array":false,"var_name":"divsum"},{"var_type":"int","var_array":false,"var_name":"r1"}],"method_name":"fastblur","method_acc_modifier":"public","method_id":"org.michaelevans.etsyblur.utils.Blur.fastblur(#Context#Bitmap#int)","method_metrics":[{"mm_value":168,"mm_metric":"loc","mm_method":"org.michaelevans.etsyblur.utils.Blur.fastblur(#Context#Bitmap#int)","mm_value_text":""},{"mm_value":19,"mm_metric":"cc","mm_method":"org.michaelevans.etsyblur.utils.Blur.fastblur(#Context#Bitmap#int)","mm_value_text":""},{"mm_value":3,"mm_metric":"nr_args","mm_method":"org.michaelevans.etsyblur.utils.Blur.fastblur(#Context#Bitmap#int)","mm_value_text":""},{"mm_value":0,"mm_metric":"externalapi","mm_method":"org.michaelevans.etsyblur.utils.Blur.fastblur(#Context#Bitmap#int)","mm_value_text":"API: Allocation.MipmapControl|method: null|()"},{"mm_value":0,"mm_metric":"externalapi","mm_method":"org.michaelevans.etsyblur.utils.Blur.fastblur(#Context#Bitmap#int)","mm_value_text":"API: int[][]|method: null|()"},{"mm_value":0,"mm_metric":"externalapi","mm_method":"org.michaelevans.etsyblur.utils.Blur.fastblur(#Context#Bitmap#int)","mm_value_text":"API: Math|method: Math|()"},{"mm_value":0,"mm_metric":"externalapi","mm_method":"org.michaelevans.etsyblur.utils.Blur.fastblur(#Context#Bitmap#int)","mm_value_text":"API: int[]|method: null|()"},{"mm_value":0,"mm_metric":"externalapi","mm_method":"org.michaelevans.etsyblur.utils.Blur.fastblur(#Context#Bitmap#int)","mm_value_text":"API: Math|method: null|()"},{"mm_value":0,"mm_metric":"externalapi","mm_method":"org.michaelevans.etsyblur.utils.Blur.fastblur(#Context#Bitmap#int)","mm_value_text":"API: Math|method: min|()"},{"mm_value":0,"mm_metric":"androidapi","mm_method":"org.michaelevans.etsyblur.utils.Blur.fastblur(#Context#Bitmap#int)","mm_value_text":"API: android.renderscript.Element|method: null|()"},{"mm_value":0,"mm_metric":"androidapi","mm_method":"org.michaelevans.etsyblur.utils.Blur.fastblur(#Context#Bitmap#int)","mm_value_text":"API: android.renderscript.Element|method: Element|()"},{"mm_value":0,"mm_metric":"androidapi","mm_method":"org.michaelevans.etsyblur.utils.Blur.fastblur(#Context#Bitmap#int)","mm_value_text":"API: android.content.Context|method: null|()"},{"mm_value":0,"mm_metric":"androidapi","mm_method":"org.michaelevans.etsyblur.utils.Blur.fastblur(#Context#Bitmap#int)","mm_value_text":"API: android.graphics.Bitmap|method: getHeight|()"},{"mm_value":0,"mm_metric":"androidapi","mm_method":"org.michaelevans.etsyblur.utils.Blur.fastblur(#Context#Bitmap#int)","mm_value_text":"API: android.renderscript.Allocation|method: copyTo|()"},{"mm_value":0,"mm_metric":"androidapi","mm_method":"org.michaelevans.etsyblur.utils.Blur.fastblur(#Context#Bitmap#int)","mm_value_text":"API: android.renderscript.ScriptIntrinsicBlur|method: ScriptIntrinsicBlur|()"},{"mm_value":0,"mm_metric":"androidapi","mm_method":"org.michaelevans.etsyblur.utils.Blur.fastblur(#Context#Bitmap#int)","mm_value_text":"API: android.renderscript.Allocation|method: createTyped|()"},{"mm_value":0,"mm_metric":"androidapi","mm_method":"org.michaelevans.etsyblur.utils.Blur.fastblur(#Context#Bitmap#int)","mm_value_text":"API: android.renderscript.RenderScript|method: null|()"},{"mm_value":0,"mm_metric":"androidapi","mm_method":"org.michaelevans.etsyblur.utils.Blur.fastblur(#Context#Bitmap#int)","mm_value_text":"API: android.renderscript.Allocation|method: createFromBitmap|()"},{"mm_value":0,"mm_metric":"androidapi","mm_method":"org.michaelevans.etsyblur.utils.Blur.fastblur(#Context#Bitmap#int)","mm_value_text":"API: android.renderscript.Allocation|method: input|()"},{"mm_value":0,"mm_metric":"androidapi","mm_method":"org.michaelevans.etsyblur.utils.Blur.fastblur(#Context#Bitmap#int)","mm_value_text":"API: android.renderscript.ScriptIntrinsicBlur|method: setRadius|()"},{"mm_value":0,"mm_metric":"androidapi","mm_method":"org.michaelevans.etsyblur.utils.Blur.fastblur(#Context#Bitmap#int)","mm_value_text":"API: android.graphics.Bitmap|method: setPixels|()"},{"mm_value":0,"mm_metric":"androidapi","mm_method":"org.michaelevans.etsyblur.utils.Blur.fastblur(#Context#Bitmap#int)","mm_value_text":"API: android.renderscript.Allocation|method: null|()"},{"mm_value":0,"mm_metric":"androidapi","mm_method":"org.michaelevans.etsyblur.utils.Blur.fastblur(#Context#Bitmap#int)","mm_value_text":"API: android.graphics.Bitmap|method: copy|()"},{"mm_value":0,"mm_metric":"androidapi","mm_method":"org.michaelevans.etsyblur.utils.Blur.fastblur(#Context#Bitmap#int)","mm_value_text":"API: android.graphics.Bitmap|method: bitmap|()"},{"mm_value":0,"mm_metric":"androidapi","mm_method":"org.michaelevans.etsyblur.utils.Blur.fastblur(#Context#Bitmap#int)","mm_value_text":"API: android.renderscript.ScriptIntrinsicBlur|method: null|()"},{"mm_value":0,"mm_metric":"androidapi","mm_method":"org.michaelevans.etsyblur.utils.Blur.fastblur(#Context#Bitmap#int)","mm_value_text":"API: android.renderscript.Allocation|method: getType|()"},{"mm_value":0,"mm_metric":"androidapi","mm_method":"org.michaelevans.etsyblur.utils.Blur.fastblur(#Context#Bitmap#int)","mm_value_text":"API: android.renderscript.Allocation|method: Allocation|()"},{"mm_value":0,"mm_metric":"androidapi","mm_method":"org.michaelevans.etsyblur.utils.Blur.fastblur(#Context#Bitmap#int)","mm_value_text":"API: android.renderscript.RenderScript|method: create|()"},{"mm_value":0,"mm_metric":"androidapi","mm_method":"org.michaelevans.etsyblur.utils.Blur.fastblur(#Context#Bitmap#int)","mm_value_text":"API: android.graphics.Bitmap|method: getWidth|()"},{"mm_value":0,"mm_metric":"androidapi","mm_method":"org.michaelevans.etsyblur.utils.Blur.fastblur(#Context#Bitmap#int)","mm_value_text":"API: android.renderscript.Allocation|method: output|()"},{"mm_value":0,"mm_metric":"androidapi","mm_method":"org.michaelevans.etsyblur.utils.Blur.fastblur(#Context#Bitmap#int)","mm_value_text":"API: android.renderscript.ScriptIntrinsicBlur|method: forEach|()"},{"mm_value":0,"mm_metric":"androidapi","mm_method":"org.michaelevans.etsyblur.utils.Blur.fastblur(#Context#Bitmap#int)","mm_value_text":"API: android.renderscript.RenderScript|method: RenderScript|()"},{"mm_value":0,"mm_metric":"androidapi","mm_method":"org.michaelevans.etsyblur.utils.Blur.fastblur(#Context#Bitmap#int)","mm_value_text":"API: android.renderscript.ScriptIntrinsicBlur|method: script|()"},{"mm_value":0,"mm_metric":"androidapi","mm_method":"org.michaelevans.etsyblur.utils.Blur.fastblur(#Context#Bitmap#int)","mm_value_text":"API: android.graphics.Bitmap|method: getPixels|()"},{"mm_value":0,"mm_metric":"androidapi","mm_method":"org.michaelevans.etsyblur.utils.Blur.fastblur(#Context#Bitmap#int)","mm_value_text":"API: android.renderscript.ScriptIntrinsicBlur|method: setInput|()"},{"mm_value":0,"mm_metric":"androidapi","mm_method":"org.michaelevans.etsyblur.utils.Blur.fastblur(#Context#Bitmap#int)","mm_value_text":"API: android.graphics.Bitmap|method: sentBitmap|()"},{"mm_value":0,"mm_metric":"androidapi","mm_method":"org.michaelevans.etsyblur.utils.Blur.fastblur(#Context#Bitmap#int)","mm_value_text":"API: android.renderscript.Element|method: U8_4|()"},{"mm_value":0,"mm_metric":"androidapi","mm_method":"org.michaelevans.etsyblur.utils.Blur.fastblur(#Context#Bitmap#int)","mm_value_text":"API: android.graphics.Bitmap|method: getConfig|()"},{"mm_value":0,"mm_metric":"androidapi","mm_method":"org.michaelevans.etsyblur.utils.Blur.fastblur(#Context#Bitmap#int)","mm_value_text":"API: android.graphics.Bitmap|method: null|()"},{"mm_value":0,"mm_metric":"androidapi","mm_method":"org.michaelevans.etsyblur.utils.Blur.fastblur(#Context#Bitmap#int)","mm_value_text":"API: android.renderscript.ScriptIntrinsicBlur|method: create|()"}],"method_non_acc_mod":"#static","method_args":"Context#Bitmap#int#","method_class":"06a452ba-08ad-4d6b-8ed4-f0d4198acd5c#org.michaelevans.etsyblur.utils.Blur"}]},{"class_vars":[{"var_type":"Integer[]","var_isTransient":false,"var_isVolatile":false,"var_isFinal":false,"var_array":false,"var_isStatic":false},{"var_type":"String","var_isTransient":false,"var_isVolatile":false,"var_isFinal":false,"var_array":false,"var_isStatic":false},{"var_type":"String","var_isTransient":false,"var_isVolatile":false,"var_isFinal":false,"var_array":false,"var_isStatic":false}],"class_is_interface":false,"class_superclass":null,"class_id":"06a452ba-08ad-4d6b-8ed4-f0d4198acd5c#org.michaelevans.etsyblur.utils.Constants","class_app":"06a452ba-08ad-4d6b-8ed4-f0d4198acd5c#org.michaelevans.etsyblur","class_package":"org.michaelevans.etsyblur.utils","class_imports":[{"import_name":"org.michaelevans.etsyblur.name","import_class":"06a452ba-08ad-4d6b-8ed4-f0d4198acd5c#org.michaelevans.etsyblur.utils.Constants"}],"class_implemented_ifaces":"","class_acc_modifier":"public","class_non_acc_mod":"","class_name":"Constants","class_methods":[]},{"class_vars":[],"class_is_interface":false,"class_superclass":"Activity","class_id":"06a452ba-08ad-4d6b-8ed4-f0d4198acd5c#org.michaelevans.etsyblur.ui.MainActivity","class_app":"06a452ba-08ad-4d6b-8ed4-f0d4198acd5c#org.michaelevans.etsyblur","class_package":"org.michaelevans.etsyblur.ui","class_imports":[{"import_name":"org.michaelevans.etsyblur.utils.name","import_class":"06a452ba-08ad-4d6b-8ed4-f0d4198acd5c#org.michaelevans.etsyblur.ui.MainActivity"},{"import_name":"android.content.name","import_class":"06a452ba-08ad-4d6b-8ed4-f0d4198acd5c#org.michaelevans.etsyblur.ui.MainActivity"},{"import_name":"android.view.name","import_class":"06a452ba-08ad-4d6b-8ed4-f0d4198acd5c#org.michaelevans.etsyblur.ui.MainActivity"},{"import_name":"android.widget.name","import_class":"06a452ba-08ad-4d6b-8ed4-f0d4198acd5c#org.michaelevans.etsyblur.ui.MainActivity"},{"import_name":"android.app.name","import_class":"06a452ba-08ad-4d6b-8ed4-f0d4198acd5c#org.michaelevans.etsyblur.ui.MainActivity"},{"import_name":"android.widget.name","import_class":"06a452ba-08ad-4d6b-8ed4-f0d4198acd5c#org.michaelevans.etsyblur.ui.MainActivity"},{"import_name":"android.os.name","import_class":"06a452ba-08ad-4d6b-8ed4-f0d4198acd5c#org.michaelevans.etsyblur.ui.MainActivity"},{"import_name":"org.michaelevans.etsyblur.utils.name","import_class":"06a452ba-08ad-4d6b-8ed4-f0d4198acd5c#org.michaelevans.etsyblur.ui.MainActivity"},{"import_name":"org.michaelevans.etsyblur.name","import_class":"06a452ba-08ad-4d6b-8ed4-f0d4198acd5c#org.michaelevans.etsyblur.ui.MainActivity"},{"import_name":"org.michaelevans.etsyblur.utils.name","import_class":"06a452ba-08ad-4d6b-8ed4-f0d4198acd5c#org.michaelevans.etsyblur.ui.MainActivity"}],"class_implemented_ifaces":"","class_acc_modifier":"public","class_non_acc_mod":"","class_name":"MainActivity","class_methods":[{"method_declared_vars":[{"var_type":"GridView","var_array":false,"var_name":"grid"}],"method_name":"onCreate","method_acc_modifier":"protected","method_id":"org.michaelevans.etsyblur.ui.MainActivity.onCreate(#Bundle)","method_metrics":[{"mm_value":11,"mm_metric":"loc","mm_method":"org.michaelevans.etsyblur.ui.MainActivity.onCreate(#Bundle)","mm_value_text":""},{"mm_value":1,"mm_metric":"cc","mm_method":"org.michaelevans.etsyblur.ui.MainActivity.onCreate(#Bundle)","mm_value_text":""},{"mm_value":1,"mm_metric":"nr_args","mm_method":"org.michaelevans.etsyblur.ui.MainActivity.onCreate(#Bundle)","mm_value_text":""},{"mm_value":0,"mm_metric":"externalapi","mm_method":"org.michaelevans.etsyblur.ui.MainActivity.onCreate(#Bundle)","mm_value_text":"API: R.id|method: null|()"},{"mm_value":0,"mm_metric":"externalapi","mm_method":"org.michaelevans.etsyblur.ui.MainActivity.onCreate(#Bundle)","mm_value_text":"API: OnItemClickListener|method: null|()"},{"mm_value":0,"mm_metric":"externalapi","mm_method":"org.michaelevans.etsyblur.ui.MainActivity.onCreate(#Bundle)","mm_value_text":"API: org.michaelevans.etsyblur.utils.ImageAdapter|method: null|()"},{"mm_value":0,"mm_metric":"externalapi","mm_method":"org.michaelevans.etsyblur.ui.MainActivity.onCreate(#Bundle)","mm_value_text":"API: R.layout|method: null|()"},{"mm_value":0,"mm_metric":"androidapi","mm_method":"org.michaelevans.etsyblur.ui.MainActivity.onCreate(#Bundle)","mm_value_text":"API: android.widget.GridView|method: setAdapter|()"},{"mm_value":0,"mm_metric":"androidapi","mm_method":"org.michaelevans.etsyblur.ui.MainActivity.onCreate(#Bundle)","mm_value_text":"API: android.os.Bundle|method: null|()"},{"mm_value":0,"mm_metric":"androidapi","mm_method":"org.michaelevans.etsyblur.ui.MainActivity.onCreate(#Bundle)","mm_value_text":"API: android.widget.GridView|method: null|()"},{"mm_value":0,"mm_metric":"androidapi","mm_method":"org.michaelevans.etsyblur.ui.MainActivity.onCreate(#Bundle)","mm_value_text":"API: android.app.Activity|method: super|()"},{"mm_value":0,"mm_metric":"androidapi","mm_method":"org.michaelevans.etsyblur.ui.MainActivity.onCreate(#Bundle)","mm_value_text":"API: android.app.Activity|method: onCreate|()"},{"mm_value":0,"mm_metric":"androidapi","mm_method":"org.michaelevans.etsyblur.ui.MainActivity.onCreate(#Bundle)","mm_value_text":"API: android.widget.GridView|method: grid|()"},{"mm_value":0,"mm_metric":"androidapi","mm_method":"org.michaelevans.etsyblur.ui.MainActivity.onCreate(#Bundle)","mm_value_text":"API: android.widget.GridView|method: setOnItemClickListener|()"},{"mm_value":0,"mm_metric":"androidapi","mm_method":"org.michaelevans.etsyblur.ui.MainActivity.onCreate(#Bundle)","mm_value_text":"API: android.app.Activity|method: null|()"}],"method_non_acc_mod":"","method_args":"Bundle#","method_class":"06a452ba-08ad-4d6b-8ed4-f0d4198acd5c#org.michaelevans.etsyblur.ui.MainActivity"}]},{"class_vars":[{"var_type":"Bitmap","var_isTransient":false,"var_isVolatile":false,"var_isFinal":false,"var_array":false,"var_isStatic":false},{"var_type":"Intent","var_isTransient":false,"var_isVolatile":false,"var_isFinal":false,"var_array":false,"var_isStatic":false},{"var_type":"int","var_isTransient":false,"var_isVolatile":false,"var_isFinal":false,"var_array":false,"var_isStatic":false},{"var_type":"Activity","var_isTransient":false,"var_isVolatile":false,"var_isFinal":false,"var_array":false,"var_isStatic":false}],"class_is_interface":false,"class_superclass":"AsyncTask","class_id":"06a452ba-08ad-4d6b-8ed4-f0d4198acd5c#org.michaelevans.etsyblur.utils.BlurTask","class_app":"06a452ba-08ad-4d6b-8ed4-f0d4198acd5c#org.michaelevans.etsyblur","class_package":"org.michaelevans.etsyblur.utils","class_imports":[{"import_name":"android.graphics.name","import_class":"06a452ba-08ad-4d6b-8ed4-f0d4198acd5c#org.michaelevans.etsyblur.utils.BlurTask"},{"import_name":"android.app.name","import_class":"06a452ba-08ad-4d6b-8ed4-f0d4198acd5c#org.michaelevans.etsyblur.utils.BlurTask"},{"import_name":"android.graphics.name","import_class":"06a452ba-08ad-4d6b-8ed4-f0d4198acd5c#org.michaelevans.etsyblur.utils.BlurTask"},{"import_name":"android.os.name","import_class":"06a452ba-08ad-4d6b-8ed4-f0d4198acd5c#org.michaelevans.etsyblur.utils.BlurTask"},{"import_name":"android.content.name","import_class":"06a452ba-08ad-4d6b-8ed4-f0d4198acd5c#org.michaelevans.etsyblur.utils.BlurTask"},{"import_name":"android.view.name","import_class":"06a452ba-08ad-4d6b-8ed4-f0d4198acd5c#org.michaelevans.etsyblur.utils.BlurTask"}],"class_implemented_ifaces":"","class_acc_modifier":"private","class_non_acc_mod":"","class_name":"BlurTask","class_methods":[{"method_declared_vars":[],"method_name":"onPreExecute","method_acc_modifier":"protected","method_id":"org.michaelevans.etsyblur.utils.BlurTask.onPreExecute()","method_metrics":[{"mm_value":1,"mm_metric":"loc","mm_method":"org.michaelevans.etsyblur.utils.BlurTask.onPreExecute()","mm_value_text":""},{"mm_value":1,"mm_metric":"cc","mm_method":"org.michaelevans.etsyblur.utils.BlurTask.onPreExecute()","mm_value_text":""},{"mm_value":0,"mm_metric":"nr_args","mm_method":"org.michaelevans.etsyblur.utils.BlurTask.onPreExecute()","mm_value_text":""},{"mm_value":0,"mm_metric":"externalapi","mm_method":"org.michaelevans.etsyblur.utils.BlurTask.onPreExecute()","mm_value_text":"API: Utils|method: null|()"},{"mm_value":0,"mm_metric":"externalapi","mm_method":"org.michaelevans.etsyblur.utils.BlurTask.onPreExecute()","mm_value_text":"API: this|method: null|()"},{"mm_value":0,"mm_metric":"externalapi","mm_method":"org.michaelevans.etsyblur.utils.BlurTask.onPreExecute()","mm_value_text":"API: Utils|method: drawViewToBitmap|()"},{"mm_value":0,"mm_metric":"externalapi","mm_method":"org.michaelevans.etsyblur.utils.BlurTask.onPreExecute()","mm_value_text":"API: Utils|method: Utils|()"},{"mm_value":0,"mm_metric":"androidapi","mm_method":"org.michaelevans.etsyblur.utils.BlurTask.onPreExecute()","mm_value_text":"API: android.graphics.Color|method: parseColor|()"},{"mm_value":0,"mm_metric":"androidapi","mm_method":"org.michaelevans.etsyblur.utils.BlurTask.onPreExecute()","mm_value_text":"API: android.graphics.Color|method: null|()"},{"mm_value":0,"mm_metric":"androidapi","mm_method":"org.michaelevans.etsyblur.utils.BlurTask.onPreExecute()","mm_value_text":"API: android.graphics.Color|method: Color|()"}],"method_non_acc_mod":"","method_args":"","method_class":"06a452ba-08ad-4d6b-8ed4-f0d4198acd5c#org.michaelevans.etsyblur.utils.BlurTask"},{"method_declared_vars":[{"var_type":"String","var_array":false,"var_name":"str"},{"var_type":"Bitmap","var_array":false,"var_name":"localBitmap"}],"method_name":"getBlurredBackgroundFilename","method_acc_modifier":"private","method_id":"org.michaelevans.etsyblur.utils.BlurTask.getBlurredBackgroundFilename()","method_metrics":[{"mm_value":5,"mm_metric":"loc","mm_method":"org.michaelevans.etsyblur.utils.BlurTask.getBlurredBackgroundFilename()","mm_value_text":""},{"mm_value":1,"mm_metric":"cc","mm_method":"org.michaelevans.etsyblur.utils.BlurTask.getBlurredBackgroundFilename()","mm_value_text":""},{"mm_value":0,"mm_metric":"nr_args","mm_method":"org.michaelevans.etsyblur.utils.BlurTask.getBlurredBackgroundFilename()","mm_value_text":""},{"mm_value":0,"mm_metric":"externalapi","mm_method":"org.michaelevans.etsyblur.utils.BlurTask.getBlurredBackgroundFilename()","mm_value_text":"API: Blur|method: Blur|()"},{"mm_value":0,"mm_metric":"externalapi","mm_method":"org.michaelevans.etsyblur.utils.BlurTask.getBlurredBackgroundFilename()","mm_value_text":"API: Utils|method: null|()"},{"mm_value":0,"mm_metric":"externalapi","mm_method":"org.michaelevans.etsyblur.utils.BlurTask.getBlurredBackgroundFilename()","mm_value_text":"API: Blur|method: fastblur|()"},{"mm_value":0,"mm_metric":"externalapi","mm_method":"org.michaelevans.etsyblur.utils.BlurTask.getBlurredBackgroundFilename()","mm_value_text":"API: Blur|method: null|()"},{"mm_value":0,"mm_metric":"externalapi","mm_method":"org.michaelevans.etsyblur.utils.BlurTask.getBlurredBackgroundFilename()","mm_value_text":"API: this|method: null|()"},{"mm_value":0,"mm_metric":"externalapi","mm_method":"org.michaelevans.etsyblur.utils.BlurTask.getBlurredBackgroundFilename()","mm_value_text":"API: Utils|method: Utils|()"},{"mm_value":0,"mm_metric":"externalapi","mm_method":"org.michaelevans.etsyblur.utils.BlurTask.getBlurredBackgroundFilename()","mm_value_text":"API: Utils|method: saveBitmapToFile|()"},{"mm_value":0,"mm_metric":"externalapi","mm_method":"org.michaelevans.etsyblur.utils.BlurTask.getBlurredBackgroundFilename()","mm_value_text":"API: this|method: this.mDownScaled|()"},{"mm_value":0,"mm_metric":"androidapi","mm_method":"org.michaelevans.etsyblur.utils.BlurTask.getBlurredBackgroundFilename()","mm_value_text":"API: android.graphics.Bitmap|method: null|()"},{"mm_value":0,"mm_metric":"androidapi","mm_method":"org.michaelevans.etsyblur.utils.BlurTask.getBlurredBackgroundFilename()","mm_value_text":"API: android.graphics.Bitmap|method: recycle|()"},{"mm_value":0,"mm_metric":"androidapi","mm_method":"org.michaelevans.etsyblur.utils.BlurTask.getBlurredBackgroundFilename()","mm_value_text":"API: android.graphics.Bitmap|method: localBitmap|()"},{"mm_value":0,"mm_metric":"javaapi","mm_method":"org.michaelevans.etsyblur.utils.BlurTask.getBlurredBackgroundFilename()","mm_value_text":"API: String|method: null|()"}],"method_non_acc_mod":"","method_args":"","method_class":"06a452ba-08ad-4d6b-8ed4-f0d4198acd5c#org.michaelevans.etsyblur.utils.BlurTask"},{"method_declared_vars":[],"method_name":"doInBackground","method_acc_modifier":"protected","method_id":"org.michaelevans.etsyblur.utils.BlurTask.doInBackground(#Void)","method_metrics":[{"mm_value":2,"mm_metric":"loc","mm_method":"org.michaelevans.etsyblur.utils.BlurTask.doInBackground(#Void)","mm_value_text":""},{"mm_value":1,"mm_metric":"cc","mm_method":"org.michaelevans.etsyblur.utils.BlurTask.doInBackground(#Void)","mm_value_text":""},{"mm_value":1,"mm_metric":"nr_args","mm_method":"org.michaelevans.etsyblur.utils.BlurTask.doInBackground(#Void)","mm_value_text":""},{"mm_value":0,"mm_metric":"externalapi","mm_method":"org.michaelevans.etsyblur.utils.BlurTask.doInBackground(#Void)","mm_value_text":"API: Constants|method: null|()"},{"mm_value":0,"mm_metric":"androidapi","mm_method":"org.michaelevans.etsyblur.utils.BlurTask.doInBackground(#Void)","mm_value_text":"API: android.content.Intent|method: null|()"},{"mm_value":0,"mm_metric":"androidapi","mm_method":"org.michaelevans.etsyblur.utils.BlurTask.doInBackground(#Void)","mm_value_text":"API: android.content.Intent|method: mIntent|()"},{"mm_value":0,"mm_metric":"androidapi","mm_method":"org.michaelevans.etsyblur.utils.BlurTask.doInBackground(#Void)","mm_value_text":"API: android.content.Intent|method: putExtra|()"}],"method_non_acc_mod":"","method_args":"Void#","method_class":"06a452ba-08ad-4d6b-8ed4-f0d4198acd5c#org.michaelevans.etsyblur.utils.BlurTask"},{"method_declared_vars":[],"method_name":"onPostExecute","method_acc_modifier":"protected","method_id":"org.michaelevans.etsyblur.utils.BlurTask.onPostExecute(#Void)","method_metrics":[{"mm_value":1,"mm_metric":"loc","mm_method":"org.michaelevans.etsyblur.utils.BlurTask.onPostExecute(#Void)","mm_value_text":""},{"mm_value":1,"mm_metric":"cc","mm_method":"org.michaelevans.etsyblur.utils.BlurTask.onPostExecute(#Void)","mm_value_text":""},{"mm_value":1,"mm_metric":"nr_args","mm_method":"org.michaelevans.etsyblur.utils.BlurTask.onPostExecute(#Void)","mm_value_text":""},{"mm_value":0,"mm_metric":"androidapi","mm_method":"org.michaelevans.etsyblur.utils.BlurTask.onPostExecute(#Void)","mm_value_text":"API: android.app.Activity|method: startActivity|()"},{"mm_value":0,"mm_metric":"androidapi","mm_method":"org.michaelevans.etsyblur.utils.BlurTask.onPostExecute(#Void)","mm_value_text":"API: android.content.Intent|method: null|()"},{"mm_value":0,"mm_metric":"androidapi","mm_method":"org.michaelevans.etsyblur.utils.BlurTask.onPostExecute(#Void)","mm_value_text":"API: android.app.Activity|method: mContext|()"},{"mm_value":0,"mm_metric":"androidapi","mm_method":"org.michaelevans.etsyblur.utils.BlurTask.onPostExecute(#Void)","mm_value_text":"API: android.app.Activity|method: null|()"}],"method_non_acc_mod":"","method_args":"Void#","method_class":"06a452ba-08ad-4d6b-8ed4-f0d4198acd5c#org.michaelevans.etsyblur.utils.BlurTask"},{"method_declared_vars":[],"method_name":"getViewFrame","method_acc_modifier":"private","method_id":"org.michaelevans.etsyblur.utils.BlurTask.getViewFrame()","method_metrics":[{"mm_value":1,"mm_metric":"loc","mm_method":"org.michaelevans.etsyblur.utils.BlurTask.getViewFrame()","mm_value_text":""},{"mm_value":1,"mm_metric":"cc","mm_method":"org.michaelevans.etsyblur.utils.BlurTask.getViewFrame()","mm_value_text":""},{"mm_value":0,"mm_metric":"nr_args","mm_method":"org.michaelevans.etsyblur.utils.BlurTask.getViewFrame()","mm_value_text":""},{"mm_value":0,"mm_metric":"externalapi","mm_method":"org.michaelevans.etsyblur.utils.BlurTask.getViewFrame()","mm_value_text":"API: this|method: null|()"},{"mm_value":0,"mm_metric":"androidapi","mm_method":"org.michaelevans.etsyblur.utils.BlurTask.getViewFrame()","mm_value_text":"API: android.app.Activity|method: findViewById|()"},{"mm_value":0,"mm_metric":"androidapi","mm_method":"org.michaelevans.etsyblur.utils.BlurTask.getViewFrame()","mm_value_text":"API: android.app.Activity|method: mContext|()"},{"mm_value":0,"mm_metric":"androidapi","mm_method":"org.michaelevans.etsyblur.utils.BlurTask.getViewFrame()","mm_value_text":"API: android.app.Activity|method: null|()"}],"method_non_acc_mod":"","method_args":"","method_class":"06a452ba-08ad-4d6b-8ed4-f0d4198acd5c#org.michaelevans.etsyblur.utils.BlurTask"},{"method_declared_vars":[],"method_name":"BlurTask","method_acc_modifier":"public","method_id":"org.michaelevans.etsyblur.utils.BlurTask.BlurTask()","method_metrics":[{"mm_value":3,"mm_metric":"loc","mm_method":"org.michaelevans.etsyblur.utils.BlurTask.BlurTask()","mm_value_text":""},{"mm_value":1,"mm_metric":"cc","mm_method":"org.michaelevans.etsyblur.utils.BlurTask.BlurTask()","mm_value_text":""},{"mm_value":0,"mm_metric":"nr_args","mm_method":"org.michaelevans.etsyblur.utils.BlurTask.BlurTask()","mm_value_text":""},{"mm_value":0,"mm_metric":"externalapi","mm_method":"org.michaelevans.etsyblur.utils.BlurTask.BlurTask()","mm_value_text":"API: activity|method: null|()"},{"mm_value":0,"mm_metric":"externalapi","mm_method":"org.michaelevans.etsyblur.utils.BlurTask.BlurTask()","mm_value_text":"API: intent|method: null|()"},{"mm_value":0,"mm_metric":"externalapi","mm_method":"org.michaelevans.etsyblur.utils.BlurTask.BlurTask()","mm_value_text":"API: layoutId|method: null|()"},{"mm_value":0,"mm_metric":"androidapi","mm_method":"org.michaelevans.etsyblur.utils.BlurTask.BlurTask()","mm_value_text":"API: android.content.Intent|method: null|()"},{"mm_value":0,"mm_metric":"androidapi","mm_method":"org.michaelevans.etsyblur.utils.BlurTask.BlurTask()","mm_value_text":"API: android.app.Activity|method: null|()"}],"method_non_acc_mod":"","method_args":"","method_class":"06a452ba-08ad-4d6b-8ed4-f0d4198acd5c#org.michaelevans.etsyblur.utils.BlurTask"}]}],"app_version":0.0,"app_location":"\/Users\/ruirua\/Documents\/Tese\/resultados\/relevantApps\/06a452ba-08ad-4d6b-8ed4-f0d4198acd5c\/","app_flavor":null,"app_permissions":[],"app_id":"06a452ba-08ad-4d6b-8ed4-f0d4198acd5c#org.michaelevans.etsyblur","app_description":null}],"project_description":"","project_id":"06a452ba-08ad-4d6b-8ed4-f0d4198acd5c","project_packages":[{"package":"org.michaelevans.etsyblur.utils"},{"package":"org.michaelevans.etsyblur.ui"}],"project_build_tool":"gradle"}