[{"androidAPIS":[],"javaAPIS":[],"unknownAPIS":[],"methodName":"mapToTable","externalAPI":[]},{"androidAPIS":[],"javaAPIS":[],"unknownAPIS":[],"methodName":"readTag","externalAPI":[]},{"androidAPIS":[],"javaAPIS":[],"unknownAPIS":[],"methodName":"onListItemClick","externalAPI":[]},{"androidAPIS":[],"javaAPIS":[],"unknownAPIS":[],"methodName":"onListItemClick","externalAPI":[]},{"androidAPIS":[],"javaAPIS":[],"unknownAPIS":[],"methodName":"onCreate","externalAPI":[]},{"androidAPIS":[],"javaAPIS":[],"unknownAPIS":[],"methodName":"mapToTable","externalAPI":[]},{"androidAPIS":[],"javaAPIS":[],"unknownAPIS":[],"methodName":"query","externalAPI":[]},{"androidAPIS":[],"javaAPIS":[],"unknownAPIS":[],"methodName":"mapToTable","externalAPI":[]},{"androidAPIS":[],"javaAPIS":[],"unknownAPIS":[],"methodName":"onListItemClick","externalAPI":[]},{"androidAPIS":[],"javaAPIS":[],"unknownAPIS":[],"methodName":"mapToTable","externalAPI":[]},{"androidAPIS":[],"javaAPIS":[],"unknownAPIS":[],"methodName":"readTag","externalAPI":[]},{"androidAPIS":[],"javaAPIS":[],"unknownAPIS":[],"methodName":"readTag","externalAPI":[]},{"androidAPIS":[],"javaAPIS":[],"unknownAPIS":[],"methodName":"SyncAdapter","externalAPI":[]},{"androidAPIS":[],"javaAPIS":[],"unknownAPIS":[],"methodName":"onListItemClick","externalAPI":[]},{"androidAPIS":[],"javaAPIS":[],"unknownAPIS":[],"methodName":"query","externalAPI":[]},{"androidAPIS":[],"javaAPIS":[],"unknownAPIS":[],"methodName":"TriggerRefresh","externalAPI":[]},{"androidAPIS":[],"javaAPIS":[],"unknownAPIS":[],"methodName":"SyncAdapter","externalAPI":[]},{"androidAPIS":[],"javaAPIS":[],"unknownAPIS":[],"methodName":"onListItemClick","externalAPI":[]},{"androidAPIS":[],"javaAPIS":[],"unknownAPIS":[],"methodName":"mapToTable","externalAPI":[]},{"androidAPIS":[],"javaAPIS":[],"unknownAPIS":[],"methodName":"onCreate","externalAPI":[]},{"androidAPIS":[],"javaAPIS":[],"unknownAPIS":[],"methodName":"onCreate","externalAPI":[]},{"androidAPIS":[],"javaAPIS":[],"unknownAPIS":[],"methodName":"onListItemClick","externalAPI":[]},{"androidAPIS":[],"javaAPIS":[],"unknownAPIS":[],"methodName":"onListItemClick","externalAPI":[]},{"androidAPIS":[],"javaAPIS":[],"unknownAPIS":[],"methodName":"mapToTable","externalAPI":[]},{"androidAPIS":[],"javaAPIS":[],"unknownAPIS":[],"methodName":"onListItemClick","externalAPI":[]},{"androidAPIS":[],"javaAPIS":[],"unknownAPIS":[],"methodName":"mapToTable","externalAPI":[]},{"androidAPIS":[],"javaAPIS":[],"unknownAPIS":[],"methodName":"SyncAdapter","externalAPI":[]},{"androidAPIS":[],"javaAPIS":[],"unknownAPIS":[],"methodName":"onListItemClick","externalAPI":[]},{"androidAPIS":[],"javaAPIS":[],"unknownAPIS":[],"methodName":"readTag","externalAPI":[]},{"androidAPIS":[],"javaAPIS":[],"unknownAPIS":[],"methodName":"onListItemClick","externalAPI":[]},{"androidAPIS":[],"javaAPIS":[],"unknownAPIS":[],"methodName":"mapToTable","externalAPI":[]},{"androidAPIS":[],"javaAPIS":[],"unknownAPIS":[],"methodName":"onListItemClick","externalAPI":[]},{"androidAPIS":[],"javaAPIS":[],"unknownAPIS":[],"methodName":"onBind","externalAPI":[]},{"androidAPIS":[],"javaAPIS":[],"unknownAPIS":[],"methodName":"onCreate","externalAPI":[]},{"androidAPIS":[],"javaAPIS":[],"unknownAPIS":[],"methodName":"query","externalAPI":[]},{"androidAPIS":[],"javaAPIS":[],"unknownAPIS":[],"methodName":"onListItemClick","externalAPI":[]},{"androidAPIS":[],"javaAPIS":[],"unknownAPIS":[],"methodName":"readTag","externalAPI":[]},{"androidAPIS":[],"javaAPIS":[],"unknownAPIS":[],"methodName":"TriggerRefresh","externalAPI":[]}]