{"project_apps":[{"app_build_type":null,"app_project":"0c5b178f-5a33-44c7-86e3-39abadb450e7","app_classes":[{"class_vars":[{"var_type":"SharePrefUtils","var_isTransient":false,"var_isVolatile":false,"var_isFinal":false,"var_array":false,"var_isStatic":false},{"var_type":"RelativeLayout","var_isTransient":false,"var_isVolatile":false,"var_isFinal":false,"var_array":false,"var_isStatic":false},{"var_type":"String[]","var_isTransient":false,"var_isVolatile":false,"var_isFinal":false,"var_array":false,"var_isStatic":false},{"var_type":"SwipeRefreshLayout","var_isTransient":false,"var_isVolatile":false,"var_isFinal":false,"var_array":false,"var_isStatic":false},{"var_type":"SecretTextView","var_isTransient":false,"var_isVolatile":false,"var_isFinal":false,"var_array":false,"var_isStatic":false}],"class_is_interface":false,"class_superclass":"ActionBarActivity","class_id":"0c5b178f-5a33-44c7-86e3-39abadb450e7#com.yelinaung.programmerexcuses.HomeActivity","class_app":"0c5b178f-5a33-44c7-86e3-39abadb450e7#com.yelinaung.programmerexcuses","class_package":"com.yelinaung.programmerexcuses","class_imports":[{"import_name":"android.content.name","import_class":"0c5b178f-5a33-44c7-86e3-39abadb450e7#com.yelinaung.programmerexcuses.HomeActivity"},{"import_name":"android.net.name","import_class":"0c5b178f-5a33-44c7-86e3-39abadb450e7#com.yelinaung.programmerexcuses.HomeActivity"},{"import_name":"com.yelinaung.programmerexcuses.widget.name","import_class":"0c5b178f-5a33-44c7-86e3-39abadb450e7#com.yelinaung.programmerexcuses.HomeActivity"},{"import_name":"android.graphics.name","import_class":"0c5b178f-5a33-44c7-86e3-39abadb450e7#com.yelinaung.programmerexcuses.HomeActivity"},{"import_name":"android.widget.name","import_class":"0c5b178f-5a33-44c7-86e3-39abadb450e7#com.yelinaung.programmerexcuses.HomeActivity"},{"import_name":"retrofit.name","import_class":"0c5b178f-5a33-44c7-86e3-39abadb450e7#com.yelinaung.programmerexcuses.HomeActivity"},{"import_name":"java.util.name","import_class":"0c5b178f-5a33-44c7-86e3-39abadb450e7#com.yelinaung.programmerexcuses.HomeActivity"},{"import_name":"butterknife.name","import_class":"0c5b178f-5a33-44c7-86e3-39abadb450e7#com.yelinaung.programmerexcuses.HomeActivity"},{"import_name":"android.content.name","import_class":"0c5b178f-5a33-44c7-86e3-39abadb450e7#com.yelinaung.programmerexcuses.HomeActivity"},{"import_name":"android.widget.name","import_class":"0c5b178f-5a33-44c7-86e3-39abadb450e7#com.yelinaung.programmerexcuses.HomeActivity"},{"import_name":"retrofit.name","import_class":"0c5b178f-5a33-44c7-86e3-39abadb450e7#com.yelinaung.programmerexcuses.HomeActivity"},{"import_name":"android.support.v7.app.name","import_class":"0c5b178f-5a33-44c7-86e3-39abadb450e7#com.yelinaung.programmerexcuses.HomeActivity"},{"import_name":"butterknife.name","import_class":"0c5b178f-5a33-44c7-86e3-39abadb450e7#com.yelinaung.programmerexcuses.HomeActivity"},{"import_name":"android.support.v4.widget.name","import_class":"0c5b178f-5a33-44c7-86e3-39abadb450e7#com.yelinaung.programmerexcuses.HomeActivity"},{"import_name":"android.net.name","import_class":"0c5b178f-5a33-44c7-86e3-39abadb450e7#com.yelinaung.programmerexcuses.HomeActivity"},{"import_name":"retrofit.name","import_class":"0c5b178f-5a33-44c7-86e3-39abadb450e7#com.yelinaung.programmerexcuses.HomeActivity"},{"import_name":"retrofit.client.name","import_class":"0c5b178f-5a33-44c7-86e3-39abadb450e7#com.yelinaung.programmerexcuses.HomeActivity"},{"import_name":"butterknife.name","import_class":"0c5b178f-5a33-44c7-86e3-39abadb450e7#com.yelinaung.programmerexcuses.HomeActivity"},{"import_name":"android.os.name","import_class":"0c5b178f-5a33-44c7-86e3-39abadb450e7#com.yelinaung.programmerexcuses.HomeActivity"},{"import_name":"com.yelinaung.programmerexcuses.model.name","import_class":"0c5b178f-5a33-44c7-86e3-39abadb450e7#com.yelinaung.programmerexcuses.HomeActivity"}],"class_implemented_ifaces":"android.support.v4.widget.OnRefreshListener#","class_acc_modifier":"private","class_non_acc_mod":"","class_name":"HomeActivity","class_methods":[{"method_declared_vars":[{"var_type":"String","var_array":false,"var_name":"randomQuote"},{"var_type":"String","var_array":false,"var_name":"color"},{"var_type":"String[]","var_array":true,"var_name":"randomQuotes"}],"method_name":"onCreate","method_acc_modifier":"protected","method_id":"com.yelinaung.programmerexcuses.HomeActivity.onCreate(#Bundle)","method_metrics":[{"mm_value":22,"mm_metric":"loc","mm_method":"com.yelinaung.programmerexcuses.HomeActivity.onCreate(#Bundle)","mm_value_text":""},{"mm_value":4,"mm_metric":"cc","mm_method":"com.yelinaung.programmerexcuses.HomeActivity.onCreate(#Bundle)","mm_value_text":""},{"mm_value":1,"mm_metric":"nr_args","mm_method":"com.yelinaung.programmerexcuses.HomeActivity.onCreate(#Bundle)","mm_value_text":""},{"mm_value":0,"mm_metric":"externalapi","mm_method":"com.yelinaung.programmerexcuses.HomeActivity.onCreate(#Bundle)","mm_value_text":"API: R.color|method: null|()"},{"mm_value":0,"mm_metric":"externalapi","mm_method":"com.yelinaung.programmerexcuses.HomeActivity.onCreate(#Bundle)","mm_value_text":"API: new  Random()|method: new  Random()|()"},{"mm_value":0,"mm_metric":"externalapi","mm_method":"com.yelinaung.programmerexcuses.HomeActivity.onCreate(#Bundle)","mm_value_text":"API: butterknife.ButterKnife|method: null|()"},{"mm_value":0,"mm_metric":"externalapi","mm_method":"com.yelinaung.programmerexcuses.HomeActivity.onCreate(#Bundle)","mm_value_text":"API: butterknife.ButterKnife|method: inject|()"},{"mm_value":0,"mm_metric":"externalapi","mm_method":"com.yelinaung.programmerexcuses.HomeActivity.onCreate(#Bundle)","mm_value_text":"API: String[]|method: null|()"},{"mm_value":0,"mm_metric":"externalapi","mm_method":"com.yelinaung.programmerexcuses.HomeActivity.onCreate(#Bundle)","mm_value_text":"API: com.yelinaung.programmerexcuses.widget.SecretTextView|method: setText|()"},{"mm_value":0,"mm_metric":"externalapi","mm_method":"com.yelinaung.programmerexcuses.HomeActivity.onCreate(#Bundle)","mm_value_text":"API: com.yelinaung.programmerexcuses.widget.SecretTextView|method: null|()"},{"mm_value":0,"mm_metric":"externalapi","mm_method":"com.yelinaung.programmerexcuses.HomeActivity.onCreate(#Bundle)","mm_value_text":"API: new  Random()|method: nextInt|()"},{"mm_value":0,"mm_metric":"externalapi","mm_method":"com.yelinaung.programmerexcuses.HomeActivity.onCreate(#Bundle)","mm_value_text":"API: randomQuotes|method: null|()"},{"mm_value":0,"mm_metric":"externalapi","mm_method":"com.yelinaung.programmerexcuses.HomeActivity.onCreate(#Bundle)","mm_value_text":"API: SharePrefUtils|method: noMoreFirstTime|()"},{"mm_value":0,"mm_metric":"externalapi","mm_method":"com.yelinaung.programmerexcuses.HomeActivity.onCreate(#Bundle)","mm_value_text":"API: com.yelinaung.programmerexcuses.widget.SecretTextView|method: show|()"},{"mm_value":0,"mm_metric":"externalapi","mm_method":"com.yelinaung.programmerexcuses.HomeActivity.onCreate(#Bundle)","mm_value_text":"API: SharePrefUtils|method: getQuote|()"},{"mm_value":0,"mm_metric":"externalapi","mm_method":"com.yelinaung.programmerexcuses.HomeActivity.onCreate(#Bundle)","mm_value_text":"API: getResources()|method: getStringArray|()"},{"mm_value":0,"mm_metric":"externalapi","mm_method":"com.yelinaung.programmerexcuses.HomeActivity.onCreate(#Bundle)","mm_value_text":"API: SharePrefUtils|method: SharePrefUtils|()"},{"mm_value":0,"mm_metric":"externalapi","mm_method":"com.yelinaung.programmerexcuses.HomeActivity.onCreate(#Bundle)","mm_value_text":"API: R.array|method: null|()"},{"mm_value":0,"mm_metric":"externalapi","mm_method":"com.yelinaung.programmerexcuses.HomeActivity.onCreate(#Bundle)","mm_value_text":"API: getResources()|method: getResources()|()"},{"mm_value":0,"mm_metric":"externalapi","mm_method":"com.yelinaung.programmerexcuses.HomeActivity.onCreate(#Bundle)","mm_value_text":"API: SharePrefUtils|method: null|()"},{"mm_value":0,"mm_metric":"externalapi","mm_method":"com.yelinaung.programmerexcuses.HomeActivity.onCreate(#Bundle)","mm_value_text":"API: butterknife.ButterKnife|method: ButterKnife|()"},{"mm_value":0,"mm_metric":"externalapi","mm_method":"com.yelinaung.programmerexcuses.HomeActivity.onCreate(#Bundle)","mm_value_text":"API: R.layout|method: null|()"},{"mm_value":0,"mm_metric":"externalapi","mm_method":"com.yelinaung.programmerexcuses.HomeActivity.onCreate(#Bundle)","mm_value_text":"API: com.yelinaung.programmerexcuses.widget.SecretTextView|method: mQuoteText|()"},{"mm_value":0,"mm_metric":"externalapi","mm_method":"com.yelinaung.programmerexcuses.HomeActivity.onCreate(#Bundle)","mm_value_text":"API: SharePrefUtils|method: sharePrefUtils|()"},{"mm_value":0,"mm_metric":"externalapi","mm_method":"com.yelinaung.programmerexcuses.HomeActivity.onCreate(#Bundle)","mm_value_text":"API: SharePrefUtils|method: getInstance|()"},{"mm_value":0,"mm_metric":"androidapi","mm_method":"com.yelinaung.programmerexcuses.HomeActivity.onCreate(#Bundle)","mm_value_text":"API: android.graphics.Color|method: parseColor|()"},{"mm_value":0,"mm_metric":"androidapi","mm_method":"com.yelinaung.programmerexcuses.HomeActivity.onCreate(#Bundle)","mm_value_text":"API: android.support.v4.widget.SwipeRefreshLayout|method: setOnRefreshListener|()"},{"mm_value":0,"mm_metric":"androidapi","mm_method":"com.yelinaung.programmerexcuses.HomeActivity.onCreate(#Bundle)","mm_value_text":"API: android.os.Bundle|method: null|()"},{"mm_value":0,"mm_metric":"androidapi","mm_method":"com.yelinaung.programmerexcuses.HomeActivity.onCreate(#Bundle)","mm_value_text":"API: android.support.v4.widget.SwipeRefreshLayout|method: setEnabled|()"},{"mm_value":0,"mm_metric":"androidapi","mm_method":"com.yelinaung.programmerexcuses.HomeActivity.onCreate(#Bundle)","mm_value_text":"API: android.support.v4.widget.SwipeRefreshLayout|method: setColorSchemeResources|()"},{"mm_value":0,"mm_metric":"androidapi","mm_method":"com.yelinaung.programmerexcuses.HomeActivity.onCreate(#Bundle)","mm_value_text":"API: android.support.v7.app.ActionBarActivity|method: null|()"},{"mm_value":0,"mm_metric":"androidapi","mm_method":"com.yelinaung.programmerexcuses.HomeActivity.onCreate(#Bundle)","mm_value_text":"API: android.support.v7.app.ActionBarActivity|method: super|()"},{"mm_value":0,"mm_metric":"androidapi","mm_method":"com.yelinaung.programmerexcuses.HomeActivity.onCreate(#Bundle)","mm_value_text":"API: android.widget.RelativeLayout|method: mQuoteBackground|()"},{"mm_value":0,"mm_metric":"androidapi","mm_method":"com.yelinaung.programmerexcuses.HomeActivity.onCreate(#Bundle)","mm_value_text":"API: android.graphics.Color|method: null|()"},{"mm_value":0,"mm_metric":"androidapi","mm_method":"com.yelinaung.programmerexcuses.HomeActivity.onCreate(#Bundle)","mm_value_text":"API: android.support.v4.widget.SwipeRefreshLayout|method: mSwipeRefreshLayout|()"},{"mm_value":0,"mm_metric":"androidapi","mm_method":"com.yelinaung.programmerexcuses.HomeActivity.onCreate(#Bundle)","mm_value_text":"API: android.graphics.Color|method: Color|()"},{"mm_value":0,"mm_metric":"androidapi","mm_method":"com.yelinaung.programmerexcuses.HomeActivity.onCreate(#Bundle)","mm_value_text":"API: android.widget.RelativeLayout|method: null|()"},{"mm_value":0,"mm_metric":"androidapi","mm_method":"com.yelinaung.programmerexcuses.HomeActivity.onCreate(#Bundle)","mm_value_text":"API: android.widget.RelativeLayout|method: setBackgroundColor|()"},{"mm_value":0,"mm_metric":"androidapi","mm_method":"com.yelinaung.programmerexcuses.HomeActivity.onCreate(#Bundle)","mm_value_text":"API: android.support.v7.app.ActionBarActivity|method: onCreate|()"},{"mm_value":0,"mm_metric":"androidapi","mm_method":"com.yelinaung.programmerexcuses.HomeActivity.onCreate(#Bundle)","mm_value_text":"API: android.support.v4.widget.SwipeRefreshLayout|method: null|()"},{"mm_value":0,"mm_metric":"javaapi","mm_method":"com.yelinaung.programmerexcuses.HomeActivity.onCreate(#Bundle)","mm_value_text":"API: java.util.Random|method: null|()"},{"mm_value":0,"mm_metric":"javaapi","mm_method":"com.yelinaung.programmerexcuses.HomeActivity.onCreate(#Bundle)","mm_value_text":"API: String|method: null|()"}],"method_non_acc_mod":"","method_args":"Bundle#","method_class":"0c5b178f-5a33-44c7-86e3-39abadb450e7#com.yelinaung.programmerexcuses.HomeActivity"},{"method_declared_vars":[],"method_name":"onRefresh","method_acc_modifier":"public","method_id":"com.yelinaung.programmerexcuses.HomeActivity.onRefresh()","method_metrics":[{"mm_value":7,"mm_metric":"loc","mm_method":"com.yelinaung.programmerexcuses.HomeActivity.onRefresh()","mm_value_text":""},{"mm_value":3,"mm_metric":"cc","mm_method":"com.yelinaung.programmerexcuses.HomeActivity.onRefresh()","mm_value_text":""},{"mm_value":0,"mm_metric":"nr_args","mm_method":"com.yelinaung.programmerexcuses.HomeActivity.onRefresh()","mm_value_text":""},{"mm_value":0,"mm_metric":"externalapi","mm_method":"com.yelinaung.programmerexcuses.HomeActivity.onRefresh()","mm_value_text":"API: Toast.makeText(this|method: show|()"},{"mm_value":0,"mm_metric":"externalapi","mm_method":"com.yelinaung.programmerexcuses.HomeActivity.onRefresh()","mm_value_text":"API: Toast.LENGTH_SHORT)|method: show|()"},{"mm_value":0,"mm_metric":"externalapi","mm_method":"com.yelinaung.programmerexcuses.HomeActivity.onRefresh()","mm_value_text":"API: R.string|method: null|()"},{"mm_value":0,"mm_metric":"externalapi","mm_method":"com.yelinaung.programmerexcuses.HomeActivity.onRefresh()","mm_value_text":"API: getString(R.string.no_connection)|method: show|()"},{"mm_value":0,"mm_metric":"androidapi","mm_method":"com.yelinaung.programmerexcuses.HomeActivity.onRefresh()","mm_value_text":"API: android.widget.Toast|method: makeText|()"},{"mm_value":0,"mm_metric":"androidapi","mm_method":"com.yelinaung.programmerexcuses.HomeActivity.onRefresh()","mm_value_text":"API: android.support.v4.widget.SwipeRefreshLayout|method: mSwipeRefreshLayout|()"},{"mm_value":0,"mm_metric":"androidapi","mm_method":"com.yelinaung.programmerexcuses.HomeActivity.onRefresh()","mm_value_text":"API: android.widget.Toast|method: null|()"},{"mm_value":0,"mm_metric":"androidapi","mm_method":"com.yelinaung.programmerexcuses.HomeActivity.onRefresh()","mm_value_text":"API: android.widget.Toast|method: Toast.makeText(this, getString(R.string.no_connection), Toast.LENGTH_SHORT)|()"},{"mm_value":0,"mm_metric":"androidapi","mm_method":"com.yelinaung.programmerexcuses.HomeActivity.onRefresh()","mm_value_text":"API: android.widget.Toast|method: Toast|()"},{"mm_value":0,"mm_metric":"androidapi","mm_method":"com.yelinaung.programmerexcuses.HomeActivity.onRefresh()","mm_value_text":"API: android.support.v4.widget.SwipeRefreshLayout|method: setRefreshing|()"},{"mm_value":0,"mm_metric":"androidapi","mm_method":"com.yelinaung.programmerexcuses.HomeActivity.onRefresh()","mm_value_text":"API: android.support.v4.widget.SwipeRefreshLayout|method: null|()"}],"method_non_acc_mod":"","method_args":"","method_class":"0c5b178f-5a33-44c7-86e3-39abadb450e7#com.yelinaung.programmerexcuses.HomeActivity"},{"method_declared_vars":[{"var_type":"ExcuseService","var_array":false,"var_name":"service"},{"var_type":"RestAdapter","var_array":false,"var_name":"restAdapter"}],"method_name":"downloadQuote","method_acc_modifier":"private","method_id":"com.yelinaung.programmerexcuses.HomeActivity.downloadQuote()","method_metrics":[{"mm_value":17,"mm_metric":"loc","mm_method":"com.yelinaung.programmerexcuses.HomeActivity.downloadQuote()","mm_value_text":""},{"mm_value":1,"mm_metric":"cc","mm_method":"com.yelinaung.programmerexcuses.HomeActivity.downloadQuote()","mm_value_text":""},{"mm_value":0,"mm_metric":"nr_args","mm_method":"com.yelinaung.programmerexcuses.HomeActivity.downloadQuote()","mm_value_text":""},{"mm_value":0,"mm_metric":"externalapi","mm_method":"com.yelinaung.programmerexcuses.HomeActivity.downloadQuote()","mm_value_text":"API: new  RestAdapter.Builder()|method: new  RestAdapter.Builder().setEndpoint(getString(R.string.api))|()"},{"mm_value":0,"mm_metric":"externalapi","mm_method":"com.yelinaung.programmerexcuses.HomeActivity.downloadQuote()","mm_value_text":"API: retrofit.RestAdapter|method: restAdapter|()"},{"mm_value":0,"mm_metric":"externalapi","mm_method":"com.yelinaung.programmerexcuses.HomeActivity.downloadQuote()","mm_value_text":"API: Builder|method: null|()"},{"mm_value":0,"mm_metric":"externalapi","mm_method":"com.yelinaung.programmerexcuses.HomeActivity.downloadQuote()","mm_value_text":"API: RestAdapter.LogLevel|method: null|()"},{"mm_value":0,"mm_metric":"externalapi","mm_method":"com.yelinaung.programmerexcuses.HomeActivity.downloadQuote()","mm_value_text":"API: ExcuseService|method: getExcuse|()"},{"mm_value":0,"mm_metric":"externalapi","mm_method":"com.yelinaung.programmerexcuses.HomeActivity.downloadQuote()","mm_value_text":"API: new  RestAdapter.Builder()|method: setEndpoint|()"},{"mm_value":0,"mm_metric":"externalapi","mm_method":"com.yelinaung.programmerexcuses.HomeActivity.downloadQuote()","mm_value_text":"API: new  RestAdapter.Builder()|method: new  RestAdapter.Builder()|()"},{"mm_value":0,"mm_metric":"externalapi","mm_method":"com.yelinaung.programmerexcuses.HomeActivity.downloadQuote()","mm_value_text":"API: new  RestAdapter.Builder().setEndpoint(getString(R.string.api)).setLogLevel(RestAdapter.LogLevel.BASIC)|method: build|()"},{"mm_value":0,"mm_metric":"externalapi","mm_method":"com.yelinaung.programmerexcuses.HomeActivity.downloadQuote()","mm_value_text":"API: retrofit.Callback|method: null|()"},{"mm_value":0,"mm_metric":"externalapi","mm_method":"com.yelinaung.programmerexcuses.HomeActivity.downloadQuote()","mm_value_text":"API: ExcuseService|method: null|()"},{"mm_value":0,"mm_metric":"externalapi","mm_method":"com.yelinaung.programmerexcuses.HomeActivity.downloadQuote()","mm_value_text":"API: R.string|method: null|()"},{"mm_value":0,"mm_metric":"externalapi","mm_method":"com.yelinaung.programmerexcuses.HomeActivity.downloadQuote()","mm_value_text":"API: new  RestAdapter.Builder()|method: new  RestAdapter.Builder().setEndpoint(getString(R.string.api)).setLogLevel(RestAdapter.LogLevel.BASIC)|()"},{"mm_value":0,"mm_metric":"externalapi","mm_method":"com.yelinaung.programmerexcuses.HomeActivity.downloadQuote()","mm_value_text":"API: new  RestAdapter.Builder().setEndpoint(getString(R.string.api))|method: setLogLevel|()"},{"mm_value":0,"mm_metric":"externalapi","mm_method":"com.yelinaung.programmerexcuses.HomeActivity.downloadQuote()","mm_value_text":"API: retrofit.RestAdapter|method: null|()"},{"mm_value":0,"mm_metric":"externalapi","mm_method":"com.yelinaung.programmerexcuses.HomeActivity.downloadQuote()","mm_value_text":"API: retrofit.RestAdapter|method: create|()"},{"mm_value":0,"mm_metric":"externalapi","mm_method":"com.yelinaung.programmerexcuses.HomeActivity.downloadQuote()","mm_value_text":"API: ExcuseService|method: service|()"}],"method_non_acc_mod":"","method_args":"","method_class":"0c5b178f-5a33-44c7-86e3-39abadb450e7#com.yelinaung.programmerexcuses.HomeActivity"},{"method_declared_vars":[{"var_type":"Intent","var_array":false,"var_name":"sendIntent"}],"method_name":"share","method_acc_modifier":"public","method_id":"com.yelinaung.programmerexcuses.HomeActivity.share()","method_metrics":[{"mm_value":5,"mm_metric":"loc","mm_method":"com.yelinaung.programmerexcuses.HomeActivity.share()","mm_value_text":""},{"mm_value":1,"mm_metric":"cc","mm_method":"com.yelinaung.programmerexcuses.HomeActivity.share()","mm_value_text":""},{"mm_value":0,"mm_metric":"nr_args","mm_method":"com.yelinaung.programmerexcuses.HomeActivity.share()","mm_value_text":""},{"mm_value":0,"mm_metric":"externalapi","mm_method":"com.yelinaung.programmerexcuses.HomeActivity.share()","mm_value_text":"API: getResources()|method: getText|()"},{"mm_value":0,"mm_metric":"externalapi","mm_method":"com.yelinaung.programmerexcuses.HomeActivity.share()","mm_value_text":"API: com.yelinaung.programmerexcuses.widget.SecretTextView|method: getText|()"},{"mm_value":0,"mm_metric":"externalapi","mm_method":"com.yelinaung.programmerexcuses.HomeActivity.share()","mm_value_text":"API: getResources()|method: getResources()|()"},{"mm_value":0,"mm_metric":"externalapi","mm_method":"com.yelinaung.programmerexcuses.HomeActivity.share()","mm_value_text":"API: R.string|method: null|()"},{"mm_value":0,"mm_metric":"externalapi","mm_method":"com.yelinaung.programmerexcuses.HomeActivity.share()","mm_value_text":"API: com.yelinaung.programmerexcuses.widget.SecretTextView|method: null|()"},{"mm_value":0,"mm_metric":"externalapi","mm_method":"com.yelinaung.programmerexcuses.HomeActivity.share()","mm_value_text":"API: com.yelinaung.programmerexcuses.widget.SecretTextView|method: mQuoteText|()"},{"mm_value":0,"mm_metric":"androidapi","mm_method":"com.yelinaung.programmerexcuses.HomeActivity.share()","mm_value_text":"API: android.content.Intent|method: setType|()"},{"mm_value":0,"mm_metric":"androidapi","mm_method":"com.yelinaung.programmerexcuses.HomeActivity.share()","mm_value_text":"API: android.content.Intent|method: null|()"},{"mm_value":0,"mm_metric":"androidapi","mm_method":"com.yelinaung.programmerexcuses.HomeActivity.share()","mm_value_text":"API: android.content.Intent|method: sendIntent|()"},{"mm_value":0,"mm_metric":"androidapi","mm_method":"com.yelinaung.programmerexcuses.HomeActivity.share()","mm_value_text":"API: android.content.Intent|method: Intent|()"},{"mm_value":0,"mm_metric":"androidapi","mm_method":"com.yelinaung.programmerexcuses.HomeActivity.share()","mm_value_text":"API: android.content.Intent|method: createChooser|()"},{"mm_value":0,"mm_metric":"androidapi","mm_method":"com.yelinaung.programmerexcuses.HomeActivity.share()","mm_value_text":"API: android.content.Intent|method: setAction|()"},{"mm_value":0,"mm_metric":"androidapi","mm_method":"com.yelinaung.programmerexcuses.HomeActivity.share()","mm_value_text":"API: android.content.Intent|method: putExtra|()"},{"mm_value":0,"mm_metric":"javaapi","mm_method":"com.yelinaung.programmerexcuses.HomeActivity.share()","mm_value_text":"API: String|method: format|()"},{"mm_value":0,"mm_metric":"javaapi","mm_method":"com.yelinaung.programmerexcuses.HomeActivity.share()","mm_value_text":"API: String|method: String|()"},{"mm_value":0,"mm_metric":"javaapi","mm_method":"com.yelinaung.programmerexcuses.HomeActivity.share()","mm_value_text":"API: String|method: null|()"}],"method_non_acc_mod":"","method_args":"","method_class":"0c5b178f-5a33-44c7-86e3-39abadb450e7#com.yelinaung.programmerexcuses.HomeActivity"},{"method_declared_vars":[{"var_type":"NetworkInfo","var_array":false,"var_name":"netInfo"}],"method_name":"isOnline","method_acc_modifier":"public","method_id":"com.yelinaung.programmerexcuses.HomeActivity.isOnline(#Context)","method_metrics":[{"mm_value":8,"mm_metric":"loc","mm_method":"com.yelinaung.programmerexcuses.HomeActivity.isOnline(#Context)","mm_value_text":""},{"mm_value":1,"mm_metric":"cc","mm_method":"com.yelinaung.programmerexcuses.HomeActivity.isOnline(#Context)","mm_value_text":""},{"mm_value":1,"mm_metric":"nr_args","mm_method":"com.yelinaung.programmerexcuses.HomeActivity.isOnline(#Context)","mm_value_text":""},{"mm_value":0,"mm_metric":"androidapi","mm_method":"com.yelinaung.programmerexcuses.HomeActivity.isOnline(#Context)","mm_value_text":"API: android.net.NetworkInfo|method: null|()"}],"method_non_acc_mod":"#static","method_args":"Context#","method_class":"0c5b178f-5a33-44c7-86e3-39abadb450e7#com.yelinaung.programmerexcuses.HomeActivity"}]},{"class_vars":[],"class_is_interface":true,"class_superclass":null,"class_id":"0c5b178f-5a33-44c7-86e3-39abadb450e7#com.yelinaung.programmerexcuses.ExcuseService","class_app":"0c5b178f-5a33-44c7-86e3-39abadb450e7#com.yelinaung.programmerexcuses","class_package":"com.yelinaung.programmerexcuses","class_imports":[{"import_name":"retrofit.name","import_class":"0c5b178f-5a33-44c7-86e3-39abadb450e7#com.yelinaung.programmerexcuses.ExcuseService"},{"import_name":"com.yelinaung.programmerexcuses.model.name","import_class":"0c5b178f-5a33-44c7-86e3-39abadb450e7#com.yelinaung.programmerexcuses.ExcuseService"},{"import_name":"retrofit.http.name","import_class":"0c5b178f-5a33-44c7-86e3-39abadb450e7#com.yelinaung.programmerexcuses.ExcuseService"}],"class_implemented_ifaces":"","class_acc_modifier":"public","class_non_acc_mod":"","class_name":"ExcuseService","class_methods":[{"method_declared_vars":[],"method_name":"getExcuse","method_acc_modifier":"","method_id":"com.yelinaung.programmerexcuses.ExcuseService.getExcuse(#Callback<Excuse>)","method_metrics":[{"mm_value":0,"mm_metric":"loc","mm_method":"com.yelinaung.programmerexcuses.ExcuseService.getExcuse(#Callback<Excuse>)","mm_value_text":""},{"mm_value":1,"mm_metric":"cc","mm_method":"com.yelinaung.programmerexcuses.ExcuseService.getExcuse(#Callback<Excuse>)","mm_value_text":""},{"mm_value":1,"mm_metric":"nr_args","mm_method":"com.yelinaung.programmerexcuses.ExcuseService.getExcuse(#Callback<Excuse>)","mm_value_text":""}],"method_non_acc_mod":"","method_args":"Callback<Excuse>#","method_class":"0c5b178f-5a33-44c7-86e3-39abadb450e7#com.yelinaung.programmerexcuses.ExcuseService"}]},{"class_vars":[{"var_type":"int","var_isTransient":false,"var_isVolatile":false,"var_isFinal":false,"var_array":false,"var_isStatic":false},{"var_type":"boolean","var_isTransient":false,"var_isVolatile":false,"var_isFinal":false,"var_array":false,"var_isStatic":false},{"var_type":"boolean","var_isTransient":false,"var_isVolatile":false,"var_isFinal":false,"var_array":false,"var_isStatic":false},{"var_type":"String","var_isTransient":false,"var_isVolatile":false,"var_isFinal":false,"var_array":false,"var_isStatic":false},{"var_type":"ValueAnimator.AnimatorUpdateListener","var_isTransient":false,"var_isVolatile":false,"var_isFinal":false,"var_array":false,"var_isStatic":false},{"var_type":"double[]","var_isTransient":false,"var_isVolatile":false,"var_isFinal":false,"var_array":false,"var_isStatic":false},{"var_type":"ValueAnimator","var_isTransient":false,"var_isVolatile":false,"var_isFinal":false,"var_array":false,"var_isStatic":false}],"class_is_interface":false,"class_superclass":"TextView","class_id":"0c5b178f-5a33-44c7-86e3-39abadb450e7#com.yelinaung.programmerexcuses.widget.SecretTextView","class_app":"0c5b178f-5a33-44c7-86e3-39abadb450e7#com.yelinaung.programmerexcuses","class_package":"com.yelinaung.programmerexcuses.widget","class_imports":[{"import_name":"android.util.name","import_class":"0c5b178f-5a33-44c7-86e3-39abadb450e7#com.yelinaung.programmerexcuses.widget.SecretTextView"},{"import_name":"android.content.name","import_class":"0c5b178f-5a33-44c7-86e3-39abadb450e7#com.yelinaung.programmerexcuses.widget.SecretTextView"},{"import_name":"android.text.name","import_class":"0c5b178f-5a33-44c7-86e3-39abadb450e7#com.yelinaung.programmerexcuses.widget.SecretTextView"},{"import_name":"android.text.name","import_class":"0c5b178f-5a33-44c7-86e3-39abadb450e7#com.yelinaung.programmerexcuses.widget.SecretTextView"},{"import_name":"android.animation.name","import_class":"0c5b178f-5a33-44c7-86e3-39abadb450e7#com.yelinaung.programmerexcuses.widget.SecretTextView"},{"import_name":"android.text.style.name","import_class":"0c5b178f-5a33-44c7-86e3-39abadb450e7#com.yelinaung.programmerexcuses.widget.SecretTextView"},{"import_name":"android.graphics.name","import_class":"0c5b178f-5a33-44c7-86e3-39abadb450e7#com.yelinaung.programmerexcuses.widget.SecretTextView"},{"import_name":"android.widget.name","import_class":"0c5b178f-5a33-44c7-86e3-39abadb450e7#com.yelinaung.programmerexcuses.widget.SecretTextView"}],"class_implemented_ifaces":"","class_acc_modifier":"","class_non_acc_mod":"","class_name":"SecretTextView","class_methods":[{"method_declared_vars":[],"method_name":"init","method_acc_modifier":"private","method_id":"com.yelinaung.programmerexcuses.widget.SecretTextView.init()","method_metrics":[{"mm_value":4,"mm_metric":"loc","mm_method":"com.yelinaung.programmerexcuses.widget.SecretTextView.init()","mm_value_text":""},{"mm_value":1,"mm_metric":"cc","mm_method":"com.yelinaung.programmerexcuses.widget.SecretTextView.init()","mm_value_text":""},{"mm_value":0,"mm_metric":"nr_args","mm_method":"com.yelinaung.programmerexcuses.widget.SecretTextView.init()","mm_value_text":""},{"mm_value":0,"mm_metric":"externalapi","mm_method":"com.yelinaung.programmerexcuses.widget.SecretTextView.init()","mm_value_text":"API: this|method: null|()"},{"mm_value":0,"mm_metric":"externalapi","mm_method":"com.yelinaung.programmerexcuses.widget.SecretTextView.init()","mm_value_text":"API: ValueAnimator.AnimatorUpdateListener|method: null|()"},{"mm_value":0,"mm_metric":"androidapi","mm_method":"com.yelinaung.programmerexcuses.widget.SecretTextView.init()","mm_value_text":"API: android.animation.ValueAnimator|method: addUpdateListener|()"},{"mm_value":0,"mm_metric":"androidapi","mm_method":"com.yelinaung.programmerexcuses.widget.SecretTextView.init()","mm_value_text":"API: android.animation.ValueAnimator|method: setDuration|()"},{"mm_value":0,"mm_metric":"androidapi","mm_method":"com.yelinaung.programmerexcuses.widget.SecretTextView.init()","mm_value_text":"API: android.animation.ValueAnimator|method: ValueAnimator|()"},{"mm_value":0,"mm_metric":"androidapi","mm_method":"com.yelinaung.programmerexcuses.widget.SecretTextView.init()","mm_value_text":"API: android.animation.ValueAnimator|method: ofFloat|()"},{"mm_value":0,"mm_metric":"androidapi","mm_method":"com.yelinaung.programmerexcuses.widget.SecretTextView.init()","mm_value_text":"API: android.animation.ValueAnimator|method: animator|()"},{"mm_value":0,"mm_metric":"androidapi","mm_method":"com.yelinaung.programmerexcuses.widget.SecretTextView.init()","mm_value_text":"API: android.animation.ValueAnimator|method: null|()"}],"method_non_acc_mod":"","method_args":"","method_class":"0c5b178f-5a33-44c7-86e3-39abadb450e7#com.yelinaung.programmerexcuses.widget.SecretTextView"},{"method_declared_vars":[],"method_name":"setIsVisible","method_acc_modifier":"public","method_id":"com.yelinaung.programmerexcuses.widget.SecretTextView.setIsVisible(#boolean)","method_metrics":[{"mm_value":2,"mm_metric":"loc","mm_method":"com.yelinaung.programmerexcuses.widget.SecretTextView.setIsVisible(#boolean)","mm_value_text":""},{"mm_value":1,"mm_metric":"cc","mm_method":"com.yelinaung.programmerexcuses.widget.SecretTextView.setIsVisible(#boolean)","mm_value_text":""},{"mm_value":1,"mm_metric":"nr_args","mm_method":"com.yelinaung.programmerexcuses.widget.SecretTextView.setIsVisible(#boolean)","mm_value_text":""}],"method_non_acc_mod":"","method_args":"boolean#","method_class":"0c5b178f-5a33-44c7-86e3-39abadb450e7#com.yelinaung.programmerexcuses.widget.SecretTextView"},{"method_declared_vars":[],"method_name":"getIsVisible","method_acc_modifier":"public","method_id":"com.yelinaung.programmerexcuses.widget.SecretTextView.getIsVisible()","method_metrics":[{"mm_value":1,"mm_metric":"loc","mm_method":"com.yelinaung.programmerexcuses.widget.SecretTextView.getIsVisible()","mm_value_text":""},{"mm_value":1,"mm_metric":"cc","mm_method":"com.yelinaung.programmerexcuses.widget.SecretTextView.getIsVisible()","mm_value_text":""},{"mm_value":0,"mm_metric":"nr_args","mm_method":"com.yelinaung.programmerexcuses.widget.SecretTextView.getIsVisible()","mm_value_text":""}],"method_non_acc_mod":"","method_args":"","method_class":"0c5b178f-5a33-44c7-86e3-39abadb450e7#com.yelinaung.programmerexcuses.widget.SecretTextView"},{"method_declared_vars":[],"method_name":"show","method_acc_modifier":"public","method_id":"com.yelinaung.programmerexcuses.widget.SecretTextView.show()","method_metrics":[{"mm_value":2,"mm_metric":"loc","mm_method":"com.yelinaung.programmerexcuses.widget.SecretTextView.show()","mm_value_text":""},{"mm_value":1,"mm_metric":"cc","mm_method":"com.yelinaung.programmerexcuses.widget.SecretTextView.show()","mm_value_text":""},{"mm_value":0,"mm_metric":"nr_args","mm_method":"com.yelinaung.programmerexcuses.widget.SecretTextView.show()","mm_value_text":""},{"mm_value":0,"mm_metric":"androidapi","mm_method":"com.yelinaung.programmerexcuses.widget.SecretTextView.show()","mm_value_text":"API: android.animation.ValueAnimator|method: start|()"},{"mm_value":0,"mm_metric":"androidapi","mm_method":"com.yelinaung.programmerexcuses.widget.SecretTextView.show()","mm_value_text":"API: android.animation.ValueAnimator|method: animator|()"},{"mm_value":0,"mm_metric":"androidapi","mm_method":"com.yelinaung.programmerexcuses.widget.SecretTextView.show()","mm_value_text":"API: android.animation.ValueAnimator|method: null|()"}],"method_non_acc_mod":"","method_args":"","method_class":"0c5b178f-5a33-44c7-86e3-39abadb450e7#com.yelinaung.programmerexcuses.widget.SecretTextView"},{"method_declared_vars":[],"method_name":"toggle","method_acc_modifier":"public","method_id":"com.yelinaung.programmerexcuses.widget.SecretTextView.toggle()","method_metrics":[{"mm_value":5,"mm_metric":"loc","mm_method":"com.yelinaung.programmerexcuses.widget.SecretTextView.toggle()","mm_value_text":""},{"mm_value":3,"mm_metric":"cc","mm_method":"com.yelinaung.programmerexcuses.widget.SecretTextView.toggle()","mm_value_text":""},{"mm_value":0,"mm_metric":"nr_args","mm_method":"com.yelinaung.programmerexcuses.widget.SecretTextView.toggle()","mm_value_text":""}],"method_non_acc_mod":"","method_args":"","method_class":"0c5b178f-5a33-44c7-86e3-39abadb450e7#com.yelinaung.programmerexcuses.widget.SecretTextView"},{"method_declared_vars":[],"method_name":"SecretTextView","method_acc_modifier":"public","method_id":"com.yelinaung.programmerexcuses.widget.SecretTextView.SecretTextView()","method_metrics":[{"mm_value":2,"mm_metric":"loc","mm_method":"com.yelinaung.programmerexcuses.widget.SecretTextView.SecretTextView()","mm_value_text":""},{"mm_value":1,"mm_metric":"cc","mm_method":"com.yelinaung.programmerexcuses.widget.SecretTextView.SecretTextView()","mm_value_text":""},{"mm_value":0,"mm_metric":"nr_args","mm_method":"com.yelinaung.programmerexcuses.widget.SecretTextView.SecretTextView()","mm_value_text":""}],"method_non_acc_mod":"","method_args":"","method_class":"0c5b178f-5a33-44c7-86e3-39abadb450e7#com.yelinaung.programmerexcuses.widget.SecretTextView"},{"method_declared_vars":[{"var_type":"int","var_array":false,"var_name":"i"}],"method_name":"resetAlphas","method_acc_modifier":"private","method_id":"com.yelinaung.programmerexcuses.widget.SecretTextView.resetAlphas(#int)","method_metrics":[{"mm_value":4,"mm_metric":"loc","mm_method":"com.yelinaung.programmerexcuses.widget.SecretTextView.resetAlphas(#int)","mm_value_text":""},{"mm_value":2,"mm_metric":"cc","mm_method":"com.yelinaung.programmerexcuses.widget.SecretTextView.resetAlphas(#int)","mm_value_text":""},{"mm_value":1,"mm_metric":"nr_args","mm_method":"com.yelinaung.programmerexcuses.widget.SecretTextView.resetAlphas(#int)","mm_value_text":""},{"mm_value":0,"mm_metric":"externalapi","mm_method":"com.yelinaung.programmerexcuses.widget.SecretTextView.resetAlphas(#int)","mm_value_text":"API: double[]|method: null|()"},{"mm_value":0,"mm_metric":"externalapi","mm_method":"com.yelinaung.programmerexcuses.widget.SecretTextView.resetAlphas(#int)","mm_value_text":"API: i|method: null|()"}],"method_non_acc_mod":"","method_args":"int#","method_class":"0c5b178f-5a33-44c7-86e3-39abadb450e7#com.yelinaung.programmerexcuses.widget.SecretTextView"},{"method_declared_vars":[],"method_name":"setmDuration","method_acc_modifier":"public","method_id":"com.yelinaung.programmerexcuses.widget.SecretTextView.setmDuration(#int)","method_metrics":[{"mm_value":2,"mm_metric":"loc","mm_method":"com.yelinaung.programmerexcuses.widget.SecretTextView.setmDuration(#int)","mm_value_text":""},{"mm_value":1,"mm_metric":"cc","mm_method":"com.yelinaung.programmerexcuses.widget.SecretTextView.setmDuration(#int)","mm_value_text":""},{"mm_value":1,"mm_metric":"nr_args","mm_method":"com.yelinaung.programmerexcuses.widget.SecretTextView.setmDuration(#int)","mm_value_text":""},{"mm_value":0,"mm_metric":"externalapi","mm_method":"com.yelinaung.programmerexcuses.widget.SecretTextView.setmDuration(#int)","mm_value_text":"API: this|method: null|()"},{"mm_value":0,"mm_metric":"androidapi","mm_method":"com.yelinaung.programmerexcuses.widget.SecretTextView.setmDuration(#int)","mm_value_text":"API: android.animation.ValueAnimator|method: setDuration|()"},{"mm_value":0,"mm_metric":"androidapi","mm_method":"com.yelinaung.programmerexcuses.widget.SecretTextView.setmDuration(#int)","mm_value_text":"API: android.animation.ValueAnimator|method: animator|()"},{"mm_value":0,"mm_metric":"androidapi","mm_method":"com.yelinaung.programmerexcuses.widget.SecretTextView.setmDuration(#int)","mm_value_text":"API: android.animation.ValueAnimator|method: null|()"}],"method_non_acc_mod":"","method_args":"int#","method_class":"0c5b178f-5a33-44c7-86e3-39abadb450e7#com.yelinaung.programmerexcuses.widget.SecretTextView"},{"method_declared_vars":[{"var_type":"int","var_array":false,"var_name":"color"},{"var_type":"SpannableString","var_array":false,"var_name":"mSpannableString"},{"var_type":"int","var_array":false,"var_name":"i"}],"method_name":"resetSpannableString","method_acc_modifier":"private","method_id":"com.yelinaung.programmerexcuses.widget.SecretTextView.resetSpannableString(#double)","method_metrics":[{"mm_value":9,"mm_metric":"loc","mm_method":"com.yelinaung.programmerexcuses.widget.SecretTextView.resetSpannableString(#double)","mm_value_text":""},{"mm_value":2,"mm_metric":"cc","mm_method":"com.yelinaung.programmerexcuses.widget.SecretTextView.resetSpannableString(#double)","mm_value_text":""},{"mm_value":1,"mm_metric":"nr_args","mm_method":"com.yelinaung.programmerexcuses.widget.SecretTextView.resetSpannableString(#double)","mm_value_text":""},{"mm_value":0,"mm_metric":"externalapi","mm_method":"com.yelinaung.programmerexcuses.widget.SecretTextView.resetSpannableString(#double)","mm_value_text":"API: this|method: null|()"},{"mm_value":0,"mm_metric":"externalapi","mm_method":"com.yelinaung.programmerexcuses.widget.SecretTextView.resetSpannableString(#double)","mm_value_text":"API: i|method: null|()"},{"mm_value":0,"mm_metric":"androidapi","mm_method":"com.yelinaung.programmerexcuses.widget.SecretTextView.resetSpannableString(#double)","mm_value_text":"API: android.graphics.Color|method: null|()"},{"mm_value":0,"mm_metric":"androidapi","mm_method":"com.yelinaung.programmerexcuses.widget.SecretTextView.resetSpannableString(#double)","mm_value_text":"API: android.graphics.Color|method: red|()"},{"mm_value":0,"mm_metric":"androidapi","mm_method":"com.yelinaung.programmerexcuses.widget.SecretTextView.resetSpannableString(#double)","mm_value_text":"API: android.graphics.Color|method: green|()"},{"mm_value":0,"mm_metric":"androidapi","mm_method":"com.yelinaung.programmerexcuses.widget.SecretTextView.resetSpannableString(#double)","mm_value_text":"API: android.text.SpannableString|method: setSpan|()"},{"mm_value":0,"mm_metric":"androidapi","mm_method":"com.yelinaung.programmerexcuses.widget.SecretTextView.resetSpannableString(#double)","mm_value_text":"API: android.text.Spanned|method: null|()"},{"mm_value":0,"mm_metric":"androidapi","mm_method":"com.yelinaung.programmerexcuses.widget.SecretTextView.resetSpannableString(#double)","mm_value_text":"API: android.graphics.Color|method: Color|()"},{"mm_value":0,"mm_metric":"androidapi","mm_method":"com.yelinaung.programmerexcuses.widget.SecretTextView.resetSpannableString(#double)","mm_value_text":"API: android.text.SpannableString|method: null|()"},{"mm_value":0,"mm_metric":"androidapi","mm_method":"com.yelinaung.programmerexcuses.widget.SecretTextView.resetSpannableString(#double)","mm_value_text":"API: android.graphics.Color|method: argb|()"},{"mm_value":0,"mm_metric":"androidapi","mm_method":"com.yelinaung.programmerexcuses.widget.SecretTextView.resetSpannableString(#double)","mm_value_text":"API: android.graphics.Color|method: blue|()"},{"mm_value":0,"mm_metric":"androidapi","mm_method":"com.yelinaung.programmerexcuses.widget.SecretTextView.resetSpannableString(#double)","mm_value_text":"API: android.text.SpannableString|method: mSpannableString|()"},{"mm_value":0,"mm_metric":"androidapi","mm_method":"com.yelinaung.programmerexcuses.widget.SecretTextView.resetSpannableString(#double)","mm_value_text":"API: android.text.style.ForegroundColorSpan|method: null|()"}],"method_non_acc_mod":"","method_args":"double#","method_class":"0c5b178f-5a33-44c7-86e3-39abadb450e7#com.yelinaung.programmerexcuses.widget.SecretTextView"},{"method_declared_vars":[],"method_name":"resetIfNeeded","method_acc_modifier":"private","method_id":"com.yelinaung.programmerexcuses.widget.SecretTextView.resetIfNeeded()","method_metrics":[{"mm_value":5,"mm_metric":"loc","mm_method":"com.yelinaung.programmerexcuses.widget.SecretTextView.resetIfNeeded()","mm_value_text":""},{"mm_value":2,"mm_metric":"cc","mm_method":"com.yelinaung.programmerexcuses.widget.SecretTextView.resetIfNeeded()","mm_value_text":""},{"mm_value":0,"mm_metric":"nr_args","mm_method":"com.yelinaung.programmerexcuses.widget.SecretTextView.resetIfNeeded()","mm_value_text":""},{"mm_value":0,"mm_metric":"externalapi","mm_method":"com.yelinaung.programmerexcuses.widget.SecretTextView.resetIfNeeded()","mm_value_text":"API: getText()|method: toString|()"},{"mm_value":0,"mm_metric":"externalapi","mm_method":"com.yelinaung.programmerexcuses.widget.SecretTextView.resetIfNeeded()","mm_value_text":"API: getText()|method: getText()|()"},{"mm_value":0,"mm_metric":"javaapi","mm_method":"com.yelinaung.programmerexcuses.widget.SecretTextView.resetIfNeeded()","mm_value_text":"API: String|method: mTextString|()"},{"mm_value":0,"mm_metric":"javaapi","mm_method":"com.yelinaung.programmerexcuses.widget.SecretTextView.resetIfNeeded()","mm_value_text":"API: String|method: null|()"},{"mm_value":0,"mm_metric":"javaapi","mm_method":"com.yelinaung.programmerexcuses.widget.SecretTextView.resetIfNeeded()","mm_value_text":"API: String|method: length|()"}],"method_non_acc_mod":"","method_args":"","method_class":"0c5b178f-5a33-44c7-86e3-39abadb450e7#com.yelinaung.programmerexcuses.widget.SecretTextView"},{"method_declared_vars":[],"method_name":"hide","method_acc_modifier":"public","method_id":"com.yelinaung.programmerexcuses.widget.SecretTextView.hide()","method_metrics":[{"mm_value":2,"mm_metric":"loc","mm_method":"com.yelinaung.programmerexcuses.widget.SecretTextView.hide()","mm_value_text":""},{"mm_value":1,"mm_metric":"cc","mm_method":"com.yelinaung.programmerexcuses.widget.SecretTextView.hide()","mm_value_text":""},{"mm_value":0,"mm_metric":"nr_args","mm_method":"com.yelinaung.programmerexcuses.widget.SecretTextView.hide()","mm_value_text":""},{"mm_value":0,"mm_metric":"androidapi","mm_method":"com.yelinaung.programmerexcuses.widget.SecretTextView.hide()","mm_value_text":"API: android.animation.ValueAnimator|method: start|()"},{"mm_value":0,"mm_metric":"androidapi","mm_method":"com.yelinaung.programmerexcuses.widget.SecretTextView.hide()","mm_value_text":"API: android.animation.ValueAnimator|method: animator|()"},{"mm_value":0,"mm_metric":"androidapi","mm_method":"com.yelinaung.programmerexcuses.widget.SecretTextView.hide()","mm_value_text":"API: android.animation.ValueAnimator|method: null|()"}],"method_non_acc_mod":"","method_args":"","method_class":"0c5b178f-5a33-44c7-86e3-39abadb450e7#com.yelinaung.programmerexcuses.widget.SecretTextView"},{"method_declared_vars":[],"method_name":"clamp","method_acc_modifier":"private","method_id":"com.yelinaung.programmerexcuses.widget.SecretTextView.clamp(#double)","method_metrics":[{"mm_value":1,"mm_metric":"loc","mm_method":"com.yelinaung.programmerexcuses.widget.SecretTextView.clamp(#double)","mm_value_text":""},{"mm_value":1,"mm_metric":"cc","mm_method":"com.yelinaung.programmerexcuses.widget.SecretTextView.clamp(#double)","mm_value_text":""},{"mm_value":1,"mm_metric":"nr_args","mm_method":"com.yelinaung.programmerexcuses.widget.SecretTextView.clamp(#double)","mm_value_text":""}],"method_non_acc_mod":"","method_args":"double#","method_class":"0c5b178f-5a33-44c7-86e3-39abadb450e7#com.yelinaung.programmerexcuses.widget.SecretTextView"},{"method_declared_vars":[],"method_name":"setText","method_acc_modifier":"public","method_id":"com.yelinaung.programmerexcuses.widget.SecretTextView.setText(#CharSequence#TextView.BufferType)","method_metrics":[{"mm_value":2,"mm_metric":"loc","mm_method":"com.yelinaung.programmerexcuses.widget.SecretTextView.setText(#CharSequence#TextView.BufferType)","mm_value_text":""},{"mm_value":1,"mm_metric":"cc","mm_method":"com.yelinaung.programmerexcuses.widget.SecretTextView.setText(#CharSequence#TextView.BufferType)","mm_value_text":""},{"mm_value":2,"mm_metric":"nr_args","mm_method":"com.yelinaung.programmerexcuses.widget.SecretTextView.setText(#CharSequence#TextView.BufferType)","mm_value_text":""},{"mm_value":0,"mm_metric":"externalapi","mm_method":"com.yelinaung.programmerexcuses.widget.SecretTextView.setText(#CharSequence#TextView.BufferType)","mm_value_text":"API: CharSequence|method: null|()"},{"mm_value":0,"mm_metric":"externalapi","mm_method":"com.yelinaung.programmerexcuses.widget.SecretTextView.setText(#CharSequence#TextView.BufferType)","mm_value_text":"API: TextView.BufferType|method: null|()"},{"mm_value":0,"mm_metric":"androidapi","mm_method":"com.yelinaung.programmerexcuses.widget.SecretTextView.setText(#CharSequence#TextView.BufferType)","mm_value_text":"API: android.widget.TextView|method: super|()"},{"mm_value":0,"mm_metric":"androidapi","mm_method":"com.yelinaung.programmerexcuses.widget.SecretTextView.setText(#CharSequence#TextView.BufferType)","mm_value_text":"API: android.widget.TextView|method: setText|()"},{"mm_value":0,"mm_metric":"androidapi","mm_method":"com.yelinaung.programmerexcuses.widget.SecretTextView.setText(#CharSequence#TextView.BufferType)","mm_value_text":"API: android.widget.TextView|method: null|()"}],"method_non_acc_mod":"","method_args":"CharSequence#TextView.BufferType#","method_class":"0c5b178f-5a33-44c7-86e3-39abadb450e7#com.yelinaung.programmerexcuses.widget.SecretTextView"}]},{"class_vars":[{"var_type":"SharedPreferences.Editor","var_isTransient":false,"var_isVolatile":false,"var_isFinal":false,"var_array":false,"var_isStatic":false},{"var_type":"String","var_isTransient":false,"var_isVolatile":false,"var_isFinal":false,"var_array":false,"var_isStatic":false},{"var_type":"SharePrefUtils","var_isTransient":false,"var_isVolatile":false,"var_isFinal":false,"var_array":false,"var_isStatic":false},{"var_type":"SharedPreferences","var_isTransient":false,"var_isVolatile":false,"var_isFinal":false,"var_array":false,"var_isStatic":false},{"var_type":"String","var_isTransient":false,"var_isVolatile":false,"var_isFinal":false,"var_array":false,"var_isStatic":false},{"var_type":"String","var_isTransient":false,"var_isVolatile":false,"var_isFinal":false,"var_array":false,"var_isStatic":false}],"class_is_interface":false,"class_superclass":null,"class_id":"0c5b178f-5a33-44c7-86e3-39abadb450e7#com.yelinaung.programmerexcuses.SharePrefUtils","class_app":"0c5b178f-5a33-44c7-86e3-39abadb450e7#com.yelinaung.programmerexcuses","class_package":"com.yelinaung.programmerexcuses","class_imports":[{"import_name":"android.content.name","import_class":"0c5b178f-5a33-44c7-86e3-39abadb450e7#com.yelinaung.programmerexcuses.SharePrefUtils"},{"import_name":"android.annotation.name","import_class":"0c5b178f-5a33-44c7-86e3-39abadb450e7#com.yelinaung.programmerexcuses.SharePrefUtils"},{"import_name":"android.content.name","import_class":"0c5b178f-5a33-44c7-86e3-39abadb450e7#com.yelinaung.programmerexcuses.SharePrefUtils"}],"class_implemented_ifaces":"","class_acc_modifier":"private","class_non_acc_mod":"final","class_name":"SharePrefUtils","class_methods":[{"method_declared_vars":[],"method_name":"noMoreFirstTime","method_acc_modifier":"public","method_id":"com.yelinaung.programmerexcuses.SharePrefUtils.noMoreFirstTime()","method_metrics":[{"mm_value":1,"mm_metric":"loc","mm_method":"com.yelinaung.programmerexcuses.SharePrefUtils.noMoreFirstTime()","mm_value_text":""},{"mm_value":1,"mm_metric":"cc","mm_method":"com.yelinaung.programmerexcuses.SharePrefUtils.noMoreFirstTime()","mm_value_text":""},{"mm_value":0,"mm_metric":"nr_args","mm_method":"com.yelinaung.programmerexcuses.SharePrefUtils.noMoreFirstTime()","mm_value_text":""},{"mm_value":0,"mm_metric":"externalapi","mm_method":"com.yelinaung.programmerexcuses.SharePrefUtils.noMoreFirstTime()","mm_value_text":"API: mEditor.putBoolean(FIRST_TIME|method: commit|()"},{"mm_value":0,"mm_metric":"externalapi","mm_method":"com.yelinaung.programmerexcuses.SharePrefUtils.noMoreFirstTime()","mm_value_text":"API: SharedPreferences.Editor|method: putBoolean|()"},{"mm_value":0,"mm_metric":"externalapi","mm_method":"com.yelinaung.programmerexcuses.SharePrefUtils.noMoreFirstTime()","mm_value_text":"API: SharedPreferences.Editor|method: mEditor|()"},{"mm_value":0,"mm_metric":"externalapi","mm_method":"com.yelinaung.programmerexcuses.SharePrefUtils.noMoreFirstTime()","mm_value_text":"API: SharedPreferences.Editor|method: mEditor.putBoolean(FIRST_TIME, false)|()"},{"mm_value":0,"mm_metric":"externalapi","mm_method":"com.yelinaung.programmerexcuses.SharePrefUtils.noMoreFirstTime()","mm_value_text":"API: SharedPreferences.Editor|method: null|()"},{"mm_value":0,"mm_metric":"externalapi","mm_method":"com.yelinaung.programmerexcuses.SharePrefUtils.noMoreFirstTime()","mm_value_text":"API: false)|method: commit|()"},{"mm_value":0,"mm_metric":"javaapi","mm_method":"com.yelinaung.programmerexcuses.SharePrefUtils.noMoreFirstTime()","mm_value_text":"API: String|method: null|()"}],"method_non_acc_mod":"","method_args":"","method_class":"0c5b178f-5a33-44c7-86e3-39abadb450e7#com.yelinaung.programmerexcuses.SharePrefUtils"},{"method_declared_vars":[],"method_name":"isFirstTime","method_acc_modifier":"public","method_id":"com.yelinaung.programmerexcuses.SharePrefUtils.isFirstTime()","method_metrics":[{"mm_value":1,"mm_metric":"loc","mm_method":"com.yelinaung.programmerexcuses.SharePrefUtils.isFirstTime()","mm_value_text":""},{"mm_value":1,"mm_metric":"cc","mm_method":"com.yelinaung.programmerexcuses.SharePrefUtils.isFirstTime()","mm_value_text":""},{"mm_value":0,"mm_metric":"nr_args","mm_method":"com.yelinaung.programmerexcuses.SharePrefUtils.isFirstTime()","mm_value_text":""},{"mm_value":0,"mm_metric":"androidapi","mm_method":"com.yelinaung.programmerexcuses.SharePrefUtils.isFirstTime()","mm_value_text":"API: android.content.SharedPreferences|method: null|()"},{"mm_value":0,"mm_metric":"androidapi","mm_method":"com.yelinaung.programmerexcuses.SharePrefUtils.isFirstTime()","mm_value_text":"API: android.content.SharedPreferences|method: getBoolean|()"},{"mm_value":0,"mm_metric":"androidapi","mm_method":"com.yelinaung.programmerexcuses.SharePrefUtils.isFirstTime()","mm_value_text":"API: android.content.SharedPreferences|method: mSharePreferences|()"},{"mm_value":0,"mm_metric":"javaapi","mm_method":"com.yelinaung.programmerexcuses.SharePrefUtils.isFirstTime()","mm_value_text":"API: String|method: null|()"}],"method_non_acc_mod":"","method_args":"","method_class":"0c5b178f-5a33-44c7-86e3-39abadb450e7#com.yelinaung.programmerexcuses.SharePrefUtils"},{"method_declared_vars":[],"method_name":"getQuote","method_acc_modifier":"public","method_id":"com.yelinaung.programmerexcuses.SharePrefUtils.getQuote()","method_metrics":[{"mm_value":1,"mm_metric":"loc","mm_method":"com.yelinaung.programmerexcuses.SharePrefUtils.getQuote()","mm_value_text":""},{"mm_value":1,"mm_metric":"cc","mm_method":"com.yelinaung.programmerexcuses.SharePrefUtils.getQuote()","mm_value_text":""},{"mm_value":0,"mm_metric":"nr_args","mm_method":"com.yelinaung.programmerexcuses.SharePrefUtils.getQuote()","mm_value_text":""},{"mm_value":0,"mm_metric":"androidapi","mm_method":"com.yelinaung.programmerexcuses.SharePrefUtils.getQuote()","mm_value_text":"API: android.content.SharedPreferences|method: null|()"},{"mm_value":0,"mm_metric":"androidapi","mm_method":"com.yelinaung.programmerexcuses.SharePrefUtils.getQuote()","mm_value_text":"API: android.content.SharedPreferences|method: getString|()"},{"mm_value":0,"mm_metric":"androidapi","mm_method":"com.yelinaung.programmerexcuses.SharePrefUtils.getQuote()","mm_value_text":"API: android.content.SharedPreferences|method: mSharePreferences|()"},{"mm_value":0,"mm_metric":"javaapi","mm_method":"com.yelinaung.programmerexcuses.SharePrefUtils.getQuote()","mm_value_text":"API: String|method: null|()"}],"method_non_acc_mod":"","method_args":"","method_class":"0c5b178f-5a33-44c7-86e3-39abadb450e7#com.yelinaung.programmerexcuses.SharePrefUtils"},{"method_declared_vars":[],"method_name":"SharePrefUtils","method_acc_modifier":"private","method_id":"com.yelinaung.programmerexcuses.SharePrefUtils.SharePrefUtils()","method_metrics":[{"mm_value":2,"mm_metric":"loc","mm_method":"com.yelinaung.programmerexcuses.SharePrefUtils.SharePrefUtils()","mm_value_text":""},{"mm_value":1,"mm_metric":"cc","mm_method":"com.yelinaung.programmerexcuses.SharePrefUtils.SharePrefUtils()","mm_value_text":""},{"mm_value":0,"mm_metric":"nr_args","mm_method":"com.yelinaung.programmerexcuses.SharePrefUtils.SharePrefUtils()","mm_value_text":""},{"mm_value":0,"mm_metric":"externalapi","mm_method":"com.yelinaung.programmerexcuses.SharePrefUtils.SharePrefUtils()","mm_value_text":"API: context|method: context|()"},{"mm_value":0,"mm_metric":"externalapi","mm_method":"com.yelinaung.programmerexcuses.SharePrefUtils.SharePrefUtils()","mm_value_text":"API: context|method: getSharedPreferences|()"},{"mm_value":0,"mm_metric":"externalapi","mm_method":"com.yelinaung.programmerexcuses.SharePrefUtils.SharePrefUtils()","mm_value_text":"API: SharedPreferences.Editor|method: null|()"},{"mm_value":0,"mm_metric":"externalapi","mm_method":"com.yelinaung.programmerexcuses.SharePrefUtils.SharePrefUtils()","mm_value_text":"API: context|method: null|()"},{"mm_value":0,"mm_metric":"androidapi","mm_method":"com.yelinaung.programmerexcuses.SharePrefUtils.SharePrefUtils()","mm_value_text":"API: android.content.SharedPreferences|method: edit|()"},{"mm_value":0,"mm_metric":"androidapi","mm_method":"com.yelinaung.programmerexcuses.SharePrefUtils.SharePrefUtils()","mm_value_text":"API: android.content.SharedPreferences|method: null|()"},{"mm_value":0,"mm_metric":"androidapi","mm_method":"com.yelinaung.programmerexcuses.SharePrefUtils.SharePrefUtils()","mm_value_text":"API: android.content.SharedPreferences|method: mSharePreferences|()"},{"mm_value":0,"mm_metric":"javaapi","mm_method":"com.yelinaung.programmerexcuses.SharePrefUtils.SharePrefUtils()","mm_value_text":"API: String|method: null|()"}],"method_non_acc_mod":"","method_args":"","method_class":"0c5b178f-5a33-44c7-86e3-39abadb450e7#com.yelinaung.programmerexcuses.SharePrefUtils"},{"method_declared_vars":[],"method_name":"getInstance","method_acc_modifier":"public","method_id":"com.yelinaung.programmerexcuses.SharePrefUtils.getInstance(#Context)","method_metrics":[{"mm_value":4,"mm_metric":"loc","mm_method":"com.yelinaung.programmerexcuses.SharePrefUtils.getInstance(#Context)","mm_value_text":""},{"mm_value":2,"mm_metric":"cc","mm_method":"com.yelinaung.programmerexcuses.SharePrefUtils.getInstance(#Context)","mm_value_text":""},{"mm_value":1,"mm_metric":"nr_args","mm_method":"com.yelinaung.programmerexcuses.SharePrefUtils.getInstance(#Context)","mm_value_text":""},{"mm_value":0,"mm_metric":"externalapi","mm_method":"com.yelinaung.programmerexcuses.SharePrefUtils.getInstance(#Context)","mm_value_text":"API: SharePrefUtils|method: null|()"},{"mm_value":0,"mm_metric":"androidapi","mm_method":"com.yelinaung.programmerexcuses.SharePrefUtils.getInstance(#Context)","mm_value_text":"API: android.content.Context|method: null|()"}],"method_non_acc_mod":"#static","method_args":"Context#","method_class":"0c5b178f-5a33-44c7-86e3-39abadb450e7#com.yelinaung.programmerexcuses.SharePrefUtils"},{"method_declared_vars":[],"method_name":"saveQuote","method_acc_modifier":"public","method_id":"com.yelinaung.programmerexcuses.SharePrefUtils.saveQuote(#String)","method_metrics":[{"mm_value":1,"mm_metric":"loc","mm_method":"com.yelinaung.programmerexcuses.SharePrefUtils.saveQuote(#String)","mm_value_text":""},{"mm_value":1,"mm_metric":"cc","mm_method":"com.yelinaung.programmerexcuses.SharePrefUtils.saveQuote(#String)","mm_value_text":""},{"mm_value":1,"mm_metric":"nr_args","mm_method":"com.yelinaung.programmerexcuses.SharePrefUtils.saveQuote(#String)","mm_value_text":""},{"mm_value":0,"mm_metric":"externalapi","mm_method":"com.yelinaung.programmerexcuses.SharePrefUtils.saveQuote(#String)","mm_value_text":"API: quote)|method: commit|()"},{"mm_value":0,"mm_metric":"externalapi","mm_method":"com.yelinaung.programmerexcuses.SharePrefUtils.saveQuote(#String)","mm_value_text":"API: SharedPreferences.Editor|method: mEditor|()"},{"mm_value":0,"mm_metric":"externalapi","mm_method":"com.yelinaung.programmerexcuses.SharePrefUtils.saveQuote(#String)","mm_value_text":"API: SharedPreferences.Editor|method: mEditor.putString(SAVED_QUOTE, quote)|()"},{"mm_value":0,"mm_metric":"externalapi","mm_method":"com.yelinaung.programmerexcuses.SharePrefUtils.saveQuote(#String)","mm_value_text":"API: SharedPreferences.Editor|method: null|()"},{"mm_value":0,"mm_metric":"externalapi","mm_method":"com.yelinaung.programmerexcuses.SharePrefUtils.saveQuote(#String)","mm_value_text":"API: mEditor.putString(SAVED_QUOTE|method: commit|()"},{"mm_value":0,"mm_metric":"externalapi","mm_method":"com.yelinaung.programmerexcuses.SharePrefUtils.saveQuote(#String)","mm_value_text":"API: SharedPreferences.Editor|method: putString|()"},{"mm_value":0,"mm_metric":"javaapi","mm_method":"com.yelinaung.programmerexcuses.SharePrefUtils.saveQuote(#String)","mm_value_text":"API: String|method: null|()"}],"method_non_acc_mod":"","method_args":"String#","method_class":"0c5b178f-5a33-44c7-86e3-39abadb450e7#com.yelinaung.programmerexcuses.SharePrefUtils"}]},{"class_vars":[],"class_is_interface":false,"class_superclass":"Activity","class_id":"0c5b178f-5a33-44c7-86e3-39abadb450e7#com.yelinaung.programmerexcuses.Settings","class_app":"0c5b178f-5a33-44c7-86e3-39abadb450e7#com.yelinaung.programmerexcuses","class_package":"com.yelinaung.programmerexcuses","class_imports":[{"import_name":"android.os.name","import_class":"0c5b178f-5a33-44c7-86e3-39abadb450e7#com.yelinaung.programmerexcuses.Settings"},{"import_name":"android.view.name","import_class":"0c5b178f-5a33-44c7-86e3-39abadb450e7#com.yelinaung.programmerexcuses.Settings"},{"import_name":"android.app.name","import_class":"0c5b178f-5a33-44c7-86e3-39abadb450e7#com.yelinaung.programmerexcuses.Settings"},{"import_name":"android.view.name","import_class":"0c5b178f-5a33-44c7-86e3-39abadb450e7#com.yelinaung.programmerexcuses.Settings"}],"class_implemented_ifaces":"","class_acc_modifier":"public","class_non_acc_mod":"","class_name":"Settings","class_methods":[{"method_declared_vars":[],"method_name":"onCreate","method_acc_modifier":"protected","method_id":"com.yelinaung.programmerexcuses.Settings.onCreate(#Bundle)","method_metrics":[{"mm_value":2,"mm_metric":"loc","mm_method":"com.yelinaung.programmerexcuses.Settings.onCreate(#Bundle)","mm_value_text":""},{"mm_value":1,"mm_metric":"cc","mm_method":"com.yelinaung.programmerexcuses.Settings.onCreate(#Bundle)","mm_value_text":""},{"mm_value":1,"mm_metric":"nr_args","mm_method":"com.yelinaung.programmerexcuses.Settings.onCreate(#Bundle)","mm_value_text":""},{"mm_value":0,"mm_metric":"externalapi","mm_method":"com.yelinaung.programmerexcuses.Settings.onCreate(#Bundle)","mm_value_text":"API: R.layout|method: null|()"},{"mm_value":0,"mm_metric":"androidapi","mm_method":"com.yelinaung.programmerexcuses.Settings.onCreate(#Bundle)","mm_value_text":"API: android.os.Bundle|method: null|()"},{"mm_value":0,"mm_metric":"androidapi","mm_method":"com.yelinaung.programmerexcuses.Settings.onCreate(#Bundle)","mm_value_text":"API: android.app.Activity|method: super|()"},{"mm_value":0,"mm_metric":"androidapi","mm_method":"com.yelinaung.programmerexcuses.Settings.onCreate(#Bundle)","mm_value_text":"API: android.app.Activity|method: onCreate|()"},{"mm_value":0,"mm_metric":"androidapi","mm_method":"com.yelinaung.programmerexcuses.Settings.onCreate(#Bundle)","mm_value_text":"API: android.app.Activity|method: null|()"}],"method_non_acc_mod":"","method_args":"Bundle#","method_class":"0c5b178f-5a33-44c7-86e3-39abadb450e7#com.yelinaung.programmerexcuses.Settings"},{"method_declared_vars":[],"method_name":"onCreateOptionsMenu","method_acc_modifier":"public","method_id":"com.yelinaung.programmerexcuses.Settings.onCreateOptionsMenu(#Menu)","method_metrics":[{"mm_value":2,"mm_metric":"loc","mm_method":"com.yelinaung.programmerexcuses.Settings.onCreateOptionsMenu(#Menu)","mm_value_text":""},{"mm_value":1,"mm_metric":"cc","mm_method":"com.yelinaung.programmerexcuses.Settings.onCreateOptionsMenu(#Menu)","mm_value_text":""},{"mm_value":1,"mm_metric":"nr_args","mm_method":"com.yelinaung.programmerexcuses.Settings.onCreateOptionsMenu(#Menu)","mm_value_text":""},{"mm_value":0,"mm_metric":"externalapi","mm_method":"com.yelinaung.programmerexcuses.Settings.onCreateOptionsMenu(#Menu)","mm_value_text":"API: R.menu|method: null|()"},{"mm_value":0,"mm_metric":"externalapi","mm_method":"com.yelinaung.programmerexcuses.Settings.onCreateOptionsMenu(#Menu)","mm_value_text":"API: getMenuInflater()|method: getMenuInflater()|()"},{"mm_value":0,"mm_metric":"externalapi","mm_method":"com.yelinaung.programmerexcuses.Settings.onCreateOptionsMenu(#Menu)","mm_value_text":"API: getMenuInflater()|method: inflate|()"},{"mm_value":0,"mm_metric":"androidapi","mm_method":"com.yelinaung.programmerexcuses.Settings.onCreateOptionsMenu(#Menu)","mm_value_text":"API: android.view.Menu|method: null|()"}],"method_non_acc_mod":"","method_args":"Menu#","method_class":"0c5b178f-5a33-44c7-86e3-39abadb450e7#com.yelinaung.programmerexcuses.Settings"},{"method_declared_vars":[{"var_type":"int","var_array":false,"var_name":"id"}],"method_name":"onOptionsItemSelected","method_acc_modifier":"public","method_id":"com.yelinaung.programmerexcuses.Settings.onOptionsItemSelected(#MenuItem)","method_metrics":[{"mm_value":2,"mm_metric":"loc","mm_method":"com.yelinaung.programmerexcuses.Settings.onOptionsItemSelected(#MenuItem)","mm_value_text":""},{"mm_value":1,"mm_metric":"cc","mm_method":"com.yelinaung.programmerexcuses.Settings.onOptionsItemSelected(#MenuItem)","mm_value_text":""},{"mm_value":1,"mm_metric":"nr_args","mm_method":"com.yelinaung.programmerexcuses.Settings.onOptionsItemSelected(#MenuItem)","mm_value_text":""},{"mm_value":0,"mm_metric":"androidapi","mm_method":"com.yelinaung.programmerexcuses.Settings.onOptionsItemSelected(#MenuItem)","mm_value_text":"API: android.app.Activity|method: onOptionsItemSelected|()"},{"mm_value":0,"mm_metric":"androidapi","mm_method":"com.yelinaung.programmerexcuses.Settings.onOptionsItemSelected(#MenuItem)","mm_value_text":"API: android.app.Activity|method: super|()"},{"mm_value":0,"mm_metric":"androidapi","mm_method":"com.yelinaung.programmerexcuses.Settings.onOptionsItemSelected(#MenuItem)","mm_value_text":"API: android.view.MenuItem|method: getItemId|()"},{"mm_value":0,"mm_metric":"androidapi","mm_method":"com.yelinaung.programmerexcuses.Settings.onOptionsItemSelected(#MenuItem)","mm_value_text":"API: android.view.MenuItem|method: item|()"},{"mm_value":0,"mm_metric":"androidapi","mm_method":"com.yelinaung.programmerexcuses.Settings.onOptionsItemSelected(#MenuItem)","mm_value_text":"API: android.app.Activity|method: null|()"},{"mm_value":0,"mm_metric":"androidapi","mm_method":"com.yelinaung.programmerexcuses.Settings.onOptionsItemSelected(#MenuItem)","mm_value_text":"API: android.view.MenuItem|method: null|()"}],"method_non_acc_mod":"","method_args":"MenuItem#","method_class":"0c5b178f-5a33-44c7-86e3-39abadb450e7#com.yelinaung.programmerexcuses.Settings"}]},{"class_vars":[{"var_type":"String","var_isTransient":false,"var_isVolatile":false,"var_isFinal":false,"var_array":false,"var_isStatic":false}],"class_is_interface":false,"class_superclass":null,"class_id":"0c5b178f-5a33-44c7-86e3-39abadb450e7#com.yelinaung.programmerexcuses.model.Excuse","class_app":"0c5b178f-5a33-44c7-86e3-39abadb450e7#com.yelinaung.programmerexcuses","class_package":"com.yelinaung.programmerexcuses.model","class_imports":[],"class_implemented_ifaces":"","class_acc_modifier":"private","class_non_acc_mod":"","class_name":"Excuse","class_methods":[{"method_declared_vars":[],"method_name":"getMessage","method_acc_modifier":"public","method_id":"com.yelinaung.programmerexcuses.model.Excuse.getMessage()","method_metrics":[{"mm_value":1,"mm_metric":"loc","mm_method":"com.yelinaung.programmerexcuses.model.Excuse.getMessage()","mm_value_text":""},{"mm_value":1,"mm_metric":"cc","mm_method":"com.yelinaung.programmerexcuses.model.Excuse.getMessage()","mm_value_text":""},{"mm_value":0,"mm_metric":"nr_args","mm_method":"com.yelinaung.programmerexcuses.model.Excuse.getMessage()","mm_value_text":""},{"mm_value":0,"mm_metric":"javaapi","mm_method":"com.yelinaung.programmerexcuses.model.Excuse.getMessage()","mm_value_text":"API: String|method: null|()"}],"method_non_acc_mod":"","method_args":"","method_class":"0c5b178f-5a33-44c7-86e3-39abadb450e7#com.yelinaung.programmerexcuses.model.Excuse"},{"method_declared_vars":[],"method_name":"setMessage","method_acc_modifier":"public","method_id":"com.yelinaung.programmerexcuses.model.Excuse.setMessage(#String)","method_metrics":[{"mm_value":1,"mm_metric":"loc","mm_method":"com.yelinaung.programmerexcuses.model.Excuse.setMessage(#String)","mm_value_text":""},{"mm_value":1,"mm_metric":"cc","mm_method":"com.yelinaung.programmerexcuses.model.Excuse.setMessage(#String)","mm_value_text":""},{"mm_value":1,"mm_metric":"nr_args","mm_method":"com.yelinaung.programmerexcuses.model.Excuse.setMessage(#String)","mm_value_text":""},{"mm_value":0,"mm_metric":"externalapi","mm_method":"com.yelinaung.programmerexcuses.model.Excuse.setMessage(#String)","mm_value_text":"API: this|method: null|()"},{"mm_value":0,"mm_metric":"javaapi","mm_method":"com.yelinaung.programmerexcuses.model.Excuse.setMessage(#String)","mm_value_text":"API: String|method: null|()"}],"method_non_acc_mod":"","method_args":"String#","method_class":"0c5b178f-5a33-44c7-86e3-39abadb450e7#com.yelinaung.programmerexcuses.model.Excuse"}]}],"app_version":0.0,"app_location":"\/Users\/ruirua\/Documents\/Tese\/resultados\/relevantApps\/0c5b178f-5a33-44c7-86e3-39abadb450e7\/","app_flavor":null,"app_permissions":[],"app_id":"0c5b178f-5a33-44c7-86e3-39abadb450e7#com.yelinaung.programmerexcuses","app_description":null}],"project_description":"","project_id":"0c5b178f-5a33-44c7-86e3-39abadb450e7","project_packages":[{"package":"com.yelinaung.programmerexcuses.model"},{"package":"com.yelinaung.programmerexcuses"},{"package":"com.yelinaung.programmerexcuses.widget"}],"project_build_tool":"gradle"}