[{"androidAPIS":[],"javaAPIS":[],"unknownAPIS":[],"methodName":"setShadowPaint","externalAPI":[]},{"androidAPIS":[],"javaAPIS":[],"unknownAPIS":[],"methodName":"onCreateOptionsMenu","externalAPI":[]},{"androidAPIS":[],"javaAPIS":[],"unknownAPIS":[],"methodName":"setShadowPaint","externalAPI":[]},{"androidAPIS":[],"javaAPIS":[],"unknownAPIS":[],"methodName":"setShadowPaint","externalAPI":[]},{"androidAPIS":[],"javaAPIS":[],"unknownAPIS":[],"methodName":"setShadowPaint","externalAPI":[]},{"androidAPIS":[],"javaAPIS":[],"unknownAPIS":[],"methodName":"setShadowPaint","externalAPI":[]},{"androidAPIS":[],"javaAPIS":[],"unknownAPIS":[],"methodName":"setShadowPaint","externalAPI":[]},{"androidAPIS":[],"javaAPIS":[],"unknownAPIS":[],"methodName":"setShadowPaint","externalAPI":[]},{"androidAPIS":[],"javaAPIS":[],"unknownAPIS":[],"methodName":"onCreateOptionsMenu","externalAPI":[]},{"androidAPIS":[],"javaAPIS":[],"unknownAPIS":[],"methodName":"applyShape","externalAPI":[]},{"androidAPIS":[],"javaAPIS":[],"unknownAPIS":[],"methodName":"EquilateralTriangle","externalAPI":[]},{"androidAPIS":[],"javaAPIS":[],"unknownAPIS":[],"methodName":"EquilateralTriangle","externalAPI":[]},{"androidAPIS":[],"javaAPIS":[],"unknownAPIS":[],"methodName":"setShadowPaint","externalAPI":[]},{"androidAPIS":[],"javaAPIS":[],"unknownAPIS":[],"methodName":"setShadowPaint","externalAPI":[]},{"androidAPIS":[],"javaAPIS":[],"unknownAPIS":[],"methodName":"setShadowPaint","externalAPI":[]},{"androidAPIS":[],"javaAPIS":[],"unknownAPIS":[],"methodName":"setShadowPaint","externalAPI":[]},{"androidAPIS":[],"javaAPIS":[],"unknownAPIS":[],"methodName":"onCreateOptionsMenu","externalAPI":[]},{"androidAPIS":[],"javaAPIS":[],"unknownAPIS":[],"methodName":"setShadowPaint","externalAPI":[]},{"androidAPIS":[],"javaAPIS":[],"unknownAPIS":[],"methodName":"setShadowPaint","externalAPI":[]},{"androidAPIS":[],"javaAPIS":[],"unknownAPIS":[],"methodName":"setShadowPaint","externalAPI":[]},{"androidAPIS":[],"javaAPIS":[],"unknownAPIS":[],"methodName":"setShadowPaint","externalAPI":[]},{"androidAPIS":[],"javaAPIS":[],"unknownAPIS":[],"methodName":"setShadowPaint","externalAPI":[]},{"androidAPIS":[],"javaAPIS":[],"unknownAPIS":[],"methodName":"setShadowPaint","externalAPI":[]},{"androidAPIS":[],"javaAPIS":[],"unknownAPIS":[],"methodName":"setShadowPaint","externalAPI":[]},{"androidAPIS":[],"javaAPIS":[],"unknownAPIS":[],"methodName":"setShadowPaint","externalAPI":[]},{"androidAPIS":[],"javaAPIS":[],"unknownAPIS":[],"methodName":"setShadowPaint","externalAPI":[]}]