{"project_apps":[{"app_build_type":null,"app_project":"01267b88-f16a-43e0-8982-d07844bc72b5","app_classes":[{"class_vars":[{"var_type":"Button","var_isTransient":false,"var_isVolatile":false,"var_isFinal":false,"var_array":false,"var_isStatic":false},{"var_type":"Button","var_isTransient":false,"var_isVolatile":false,"var_isFinal":false,"var_array":false,"var_isStatic":false},{"var_type":"AudioRecorder","var_isTransient":false,"var_isVolatile":false,"var_isFinal":false,"var_array":false,"var_isStatic":false},{"var_type":"String","var_isTransient":false,"var_isVolatile":false,"var_isFinal":false,"var_array":false,"var_isStatic":false},{"var_type":"Button","var_isTransient":false,"var_isVolatile":false,"var_isFinal":false,"var_array":false,"var_isStatic":false},{"var_type":"View.OnClickListener","var_isTransient":false,"var_isVolatile":false,"var_isFinal":false,"var_array":false,"var_isStatic":false}],"class_is_interface":false,"class_superclass":"Fragment","class_id":"01267b88-f16a-43e0-8982-d07844bc72b5#com.github.lassana.continuous_audiorecorder.fragment.MainFragment","class_app":"01267b88-f16a-43e0-8982-d07844bc72b5#com.github.lassana.continuous_audiorecorder","class_package":"com.github.lassana.continuous_audiorecorder.fragment","class_imports":[{"import_name":"android.widget.name","import_class":"01267b88-f16a-43e0-8982-d07844bc72b5#com.github.lassana.continuous_audiorecorder.fragment.MainFragment"},{"import_name":"com.github.lassana.recorder.name","import_class":"01267b88-f16a-43e0-8982-d07844bc72b5#com.github.lassana.continuous_audiorecorder.fragment.MainFragment"},{"import_name":"com.github.lassana.continuous_audiorecorder.name","import_class":"01267b88-f16a-43e0-8982-d07844bc72b5#com.github.lassana.continuous_audiorecorder.fragment.MainFragment"},{"import_name":"android.view.name","import_class":"01267b88-f16a-43e0-8982-d07844bc72b5#com.github.lassana.continuous_audiorecorder.fragment.MainFragment"},{"import_name":"android.view.name","import_class":"01267b88-f16a-43e0-8982-d07844bc72b5#com.github.lassana.continuous_audiorecorder.fragment.MainFragment"},{"import_name":"android.widget.name","import_class":"01267b88-f16a-43e0-8982-d07844bc72b5#com.github.lassana.continuous_audiorecorder.fragment.MainFragment"},{"import_name":"com.github.lassana.continuous_audiorecorder.name","import_class":"01267b88-f16a-43e0-8982-d07844bc72b5#com.github.lassana.continuous_audiorecorder.fragment.MainFragment"},{"import_name":"android.content.name","import_class":"01267b88-f16a-43e0-8982-d07844bc72b5#com.github.lassana.continuous_audiorecorder.fragment.MainFragment"},{"import_name":"android.support.v4.app.name","import_class":"01267b88-f16a-43e0-8982-d07844bc72b5#com.github.lassana.continuous_audiorecorder.fragment.MainFragment"},{"import_name":"android.os.name","import_class":"01267b88-f16a-43e0-8982-d07844bc72b5#com.github.lassana.continuous_audiorecorder.fragment.MainFragment"},{"import_name":"java.io.name","import_class":"01267b88-f16a-43e0-8982-d07844bc72b5#com.github.lassana.continuous_audiorecorder.fragment.MainFragment"},{"import_name":"android.view.name","import_class":"01267b88-f16a-43e0-8982-d07844bc72b5#com.github.lassana.continuous_audiorecorder.fragment.MainFragment"},{"import_name":"android.os.name","import_class":"01267b88-f16a-43e0-8982-d07844bc72b5#com.github.lassana.continuous_audiorecorder.fragment.MainFragment"},{"import_name":"android.net.name","import_class":"01267b88-f16a-43e0-8982-d07844bc72b5#com.github.lassana.continuous_audiorecorder.fragment.MainFragment"}],"class_implemented_ifaces":"","class_acc_modifier":"private","class_non_acc_mod":"","class_name":"MainFragment","class_methods":[{"method_declared_vars":[{"var_type":"File","var_array":false,"var_name":"file"},{"var_type":"Intent","var_array":false,"var_name":"intent"}],"method_name":"play","method_acc_modifier":"private","method_id":"com.github.lassana.continuous_audiorecorder.fragment.MainFragment.play()","method_metrics":[{"mm_value":7,"mm_metric":"loc","mm_method":"com.github.lassana.continuous_audiorecorder.fragment.MainFragment.play()","mm_value_text":""},{"mm_value":2,"mm_metric":"cc","mm_method":"com.github.lassana.continuous_audiorecorder.fragment.MainFragment.play()","mm_value_text":""},{"mm_value":0,"mm_metric":"nr_args","mm_method":"com.github.lassana.continuous_audiorecorder.fragment.MainFragment.play()","mm_value_text":""},{"mm_value":0,"mm_metric":"externalapi","mm_method":"com.github.lassana.continuous_audiorecorder.fragment.MainFragment.play()","mm_value_text":"API: android.content.Intent|method: null|()"},{"mm_value":0,"mm_metric":"androidapi","mm_method":"com.github.lassana.continuous_audiorecorder.fragment.MainFragment.play()","mm_value_text":"API: android.content.Intent|method: setDataAndType|()"},{"mm_value":0,"mm_metric":"androidapi","mm_method":"com.github.lassana.continuous_audiorecorder.fragment.MainFragment.play()","mm_value_text":"API: android.content.Intent|method: intent|()"},{"mm_value":0,"mm_metric":"androidapi","mm_method":"com.github.lassana.continuous_audiorecorder.fragment.MainFragment.play()","mm_value_text":"API: android.net.Uri|method: null|()"},{"mm_value":0,"mm_metric":"androidapi","mm_method":"com.github.lassana.continuous_audiorecorder.fragment.MainFragment.play()","mm_value_text":"API: android.content.Intent|method: null|()"},{"mm_value":0,"mm_metric":"androidapi","mm_method":"com.github.lassana.continuous_audiorecorder.fragment.MainFragment.play()","mm_value_text":"API: android.net.Uri|method: Uri|()"},{"mm_value":0,"mm_metric":"androidapi","mm_method":"com.github.lassana.continuous_audiorecorder.fragment.MainFragment.play()","mm_value_text":"API: android.content.Intent|method: setAction|()"},{"mm_value":0,"mm_metric":"androidapi","mm_method":"com.github.lassana.continuous_audiorecorder.fragment.MainFragment.play()","mm_value_text":"API: android.net.Uri|method: fromFile|()"},{"mm_value":0,"mm_metric":"javaapi","mm_method":"com.github.lassana.continuous_audiorecorder.fragment.MainFragment.play()","mm_value_text":"API: String|method: null|()"},{"mm_value":0,"mm_metric":"javaapi","mm_method":"com.github.lassana.continuous_audiorecorder.fragment.MainFragment.play()","mm_value_text":"API: java.io.File|method: null|()"}],"method_non_acc_mod":"","method_args":"","method_class":"01267b88-f16a-43e0-8982-d07844bc72b5#com.github.lassana.continuous_audiorecorder.fragment.MainFragment"},{"method_declared_vars":[],"method_name":"getNextFileName","method_acc_modifier":"private","method_id":"com.github.lassana.continuous_audiorecorder.fragment.MainFragment.getNextFileName()","method_metrics":[{"mm_value":1,"mm_metric":"loc","mm_method":"com.github.lassana.continuous_audiorecorder.fragment.MainFragment.getNextFileName()","mm_value_text":""},{"mm_value":1,"mm_metric":"cc","mm_method":"com.github.lassana.continuous_audiorecorder.fragment.MainFragment.getNextFileName()","mm_value_text":""},{"mm_value":0,"mm_metric":"nr_args","mm_method":"com.github.lassana.continuous_audiorecorder.fragment.MainFragment.getNextFileName()","mm_value_text":""}],"method_non_acc_mod":"","method_args":"","method_class":"01267b88-f16a-43e0-8982-d07844bc72b5#com.github.lassana.continuous_audiorecorder.fragment.MainFragment"},{"method_declared_vars":[],"method_name":"invalidateButtons","method_acc_modifier":"private","method_id":"com.github.lassana.continuous_audiorecorder.fragment.MainFragment.invalidateButtons()","method_metrics":[{"mm_value":24,"mm_metric":"loc","mm_method":"com.github.lassana.continuous_audiorecorder.fragment.MainFragment.invalidateButtons()","mm_value_text":""},{"mm_value":6,"mm_metric":"cc","mm_method":"com.github.lassana.continuous_audiorecorder.fragment.MainFragment.invalidateButtons()","mm_value_text":""},{"mm_value":0,"mm_metric":"nr_args","mm_method":"com.github.lassana.continuous_audiorecorder.fragment.MainFragment.invalidateButtons()","mm_value_text":""},{"mm_value":0,"mm_metric":"androidapi","mm_method":"com.github.lassana.continuous_audiorecorder.fragment.MainFragment.invalidateButtons()","mm_value_text":"API: android.widget.Button|method: mPlayButton|()"},{"mm_value":0,"mm_metric":"androidapi","mm_method":"com.github.lassana.continuous_audiorecorder.fragment.MainFragment.invalidateButtons()","mm_value_text":"API: android.widget.Button|method: mPauseButton|()"},{"mm_value":0,"mm_metric":"androidapi","mm_method":"com.github.lassana.continuous_audiorecorder.fragment.MainFragment.invalidateButtons()","mm_value_text":"API: android.widget.Button|method: mStartButton|()"},{"mm_value":0,"mm_metric":"androidapi","mm_method":"com.github.lassana.continuous_audiorecorder.fragment.MainFragment.invalidateButtons()","mm_value_text":"API: android.widget.Button|method: null|()"},{"mm_value":0,"mm_metric":"androidapi","mm_method":"com.github.lassana.continuous_audiorecorder.fragment.MainFragment.invalidateButtons()","mm_value_text":"API: android.widget.Button|method: setEnabled|()"}],"method_non_acc_mod":"","method_args":"","method_class":"01267b88-f16a-43e0-8982-d07844bc72b5#com.github.lassana.continuous_audiorecorder.fragment.MainFragment"},{"method_declared_vars":[],"method_name":"start","method_acc_modifier":"private","method_id":"com.github.lassana.continuous_audiorecorder.fragment.MainFragment.start()","method_metrics":[{"mm_value":11,"mm_metric":"loc","mm_method":"com.github.lassana.continuous_audiorecorder.fragment.MainFragment.start()","mm_value_text":""},{"mm_value":1,"mm_metric":"cc","mm_method":"com.github.lassana.continuous_audiorecorder.fragment.MainFragment.start()","mm_value_text":""},{"mm_value":0,"mm_metric":"nr_args","mm_method":"com.github.lassana.continuous_audiorecorder.fragment.MainFragment.start()","mm_value_text":""},{"mm_value":0,"mm_metric":"externalapi","mm_method":"com.github.lassana.continuous_audiorecorder.fragment.MainFragment.start()","mm_value_text":"API: com.github.lassana.recorder.AudioRecorder|method: start|()"},{"mm_value":0,"mm_metric":"externalapi","mm_method":"com.github.lassana.continuous_audiorecorder.fragment.MainFragment.start()","mm_value_text":"API: OnStartListener|method: null|()"},{"mm_value":0,"mm_metric":"externalapi","mm_method":"com.github.lassana.continuous_audiorecorder.fragment.MainFragment.start()","mm_value_text":"API: com.github.lassana.recorder.AudioRecorder|method: null|()"},{"mm_value":0,"mm_metric":"externalapi","mm_method":"com.github.lassana.continuous_audiorecorder.fragment.MainFragment.start()","mm_value_text":"API: com.github.lassana.recorder.AudioRecorder|method: mAudioRecorder|()"}],"method_non_acc_mod":"","method_args":"","method_class":"01267b88-f16a-43e0-8982-d07844bc72b5#com.github.lassana.continuous_audiorecorder.fragment.MainFragment"},{"method_declared_vars":[],"method_name":"onCreateView","method_acc_modifier":"public","method_id":"com.github.lassana.continuous_audiorecorder.fragment.MainFragment.onCreateView(#ViewGroup#Bundle#LayoutInflater)","method_metrics":[{"mm_value":1,"mm_metric":"loc","mm_method":"com.github.lassana.continuous_audiorecorder.fragment.MainFragment.onCreateView(#ViewGroup#Bundle#LayoutInflater)","mm_value_text":""},{"mm_value":1,"mm_metric":"cc","mm_method":"com.github.lassana.continuous_audiorecorder.fragment.MainFragment.onCreateView(#ViewGroup#Bundle#LayoutInflater)","mm_value_text":""},{"mm_value":3,"mm_metric":"nr_args","mm_method":"com.github.lassana.continuous_audiorecorder.fragment.MainFragment.onCreateView(#ViewGroup#Bundle#LayoutInflater)","mm_value_text":""},{"mm_value":0,"mm_metric":"externalapi","mm_method":"com.github.lassana.continuous_audiorecorder.fragment.MainFragment.onCreateView(#ViewGroup#Bundle#LayoutInflater)","mm_value_text":"API: R.layout|method: null|()"},{"mm_value":0,"mm_metric":"androidapi","mm_method":"com.github.lassana.continuous_audiorecorder.fragment.MainFragment.onCreateView(#ViewGroup#Bundle#LayoutInflater)","mm_value_text":"API: android.view.LayoutInflater|method: null|()"},{"mm_value":0,"mm_metric":"androidapi","mm_method":"com.github.lassana.continuous_audiorecorder.fragment.MainFragment.onCreateView(#ViewGroup#Bundle#LayoutInflater)","mm_value_text":"API: android.view.LayoutInflater|method: inflater|()"},{"mm_value":0,"mm_metric":"androidapi","mm_method":"com.github.lassana.continuous_audiorecorder.fragment.MainFragment.onCreateView(#ViewGroup#Bundle#LayoutInflater)","mm_value_text":"API: android.view.LayoutInflater|method: inflate|()"},{"mm_value":0,"mm_metric":"androidapi","mm_method":"com.github.lassana.continuous_audiorecorder.fragment.MainFragment.onCreateView(#ViewGroup#Bundle#LayoutInflater)","mm_value_text":"API: android.view.ViewGroup|method: null|()"}],"method_non_acc_mod":"","method_args":"ViewGroup#Bundle#LayoutInflater#","method_class":"01267b88-f16a-43e0-8982-d07844bc72b5#com.github.lassana.continuous_audiorecorder.fragment.MainFragment"},{"method_declared_vars":[],"method_name":"pause","method_acc_modifier":"private","method_id":"com.github.lassana.continuous_audiorecorder.fragment.MainFragment.pause()","method_metrics":[{"mm_value":12,"mm_metric":"loc","mm_method":"com.github.lassana.continuous_audiorecorder.fragment.MainFragment.pause()","mm_value_text":""},{"mm_value":1,"mm_metric":"cc","mm_method":"com.github.lassana.continuous_audiorecorder.fragment.MainFragment.pause()","mm_value_text":""},{"mm_value":0,"mm_metric":"nr_args","mm_method":"com.github.lassana.continuous_audiorecorder.fragment.MainFragment.pause()","mm_value_text":""},{"mm_value":0,"mm_metric":"externalapi","mm_method":"com.github.lassana.continuous_audiorecorder.fragment.MainFragment.pause()","mm_value_text":"API: OnPauseListener|method: null|()"},{"mm_value":0,"mm_metric":"externalapi","mm_method":"com.github.lassana.continuous_audiorecorder.fragment.MainFragment.pause()","mm_value_text":"API: com.github.lassana.recorder.AudioRecorder|method: null|()"},{"mm_value":0,"mm_metric":"externalapi","mm_method":"com.github.lassana.continuous_audiorecorder.fragment.MainFragment.pause()","mm_value_text":"API: com.github.lassana.recorder.AudioRecorder|method: pause|()"},{"mm_value":0,"mm_metric":"externalapi","mm_method":"com.github.lassana.continuous_audiorecorder.fragment.MainFragment.pause()","mm_value_text":"API: com.github.lassana.recorder.AudioRecorder|method: mAudioRecorder|()"}],"method_non_acc_mod":"","method_args":"","method_class":"01267b88-f16a-43e0-8982-d07844bc72b5#com.github.lassana.continuous_audiorecorder.fragment.MainFragment"},{"method_declared_vars":[],"method_name":"onViewCreated","method_acc_modifier":"public","method_id":"com.github.lassana.continuous_audiorecorder.fragment.MainFragment.onViewCreated(#Bundle#View)","method_metrics":[{"mm_value":9,"mm_metric":"loc","mm_method":"com.github.lassana.continuous_audiorecorder.fragment.MainFragment.onViewCreated(#Bundle#View)","mm_value_text":""},{"mm_value":3,"mm_metric":"cc","mm_method":"com.github.lassana.continuous_audiorecorder.fragment.MainFragment.onViewCreated(#Bundle#View)","mm_value_text":""},{"mm_value":2,"mm_metric":"nr_args","mm_method":"com.github.lassana.continuous_audiorecorder.fragment.MainFragment.onViewCreated(#Bundle#View)","mm_value_text":""},{"mm_value":0,"mm_metric":"externalapi","mm_method":"com.github.lassana.continuous_audiorecorder.fragment.MainFragment.onViewCreated(#Bundle#View)","mm_value_text":"API: R.id|method: null|()"},{"mm_value":0,"mm_metric":"externalapi","mm_method":"com.github.lassana.continuous_audiorecorder.fragment.MainFragment.onViewCreated(#Bundle#View)","mm_value_text":"API: com.github.lassana.continuous_audiorecorder.RecorderApplication|method: null|()"},{"mm_value":0,"mm_metric":"externalapi","mm_method":"com.github.lassana.continuous_audiorecorder.fragment.MainFragment.onViewCreated(#Bundle#View)","mm_value_text":"API: com.github.lassana.recorder.AudioRecorder|method: null|()"},{"mm_value":0,"mm_metric":"externalapi","mm_method":"com.github.lassana.continuous_audiorecorder.fragment.MainFragment.onViewCreated(#Bundle#View)","mm_value_text":"API: RecorderApplication.getApplication(getActivity())|method: createRecorder|()"},{"mm_value":0,"mm_metric":"externalapi","mm_method":"com.github.lassana.continuous_audiorecorder.fragment.MainFragment.onViewCreated(#Bundle#View)","mm_value_text":"API: View.OnClickListener|method: null|()"},{"mm_value":0,"mm_metric":"externalapi","mm_method":"com.github.lassana.continuous_audiorecorder.fragment.MainFragment.onViewCreated(#Bundle#View)","mm_value_text":"API: com.github.lassana.continuous_audiorecorder.RecorderApplication|method: RecorderApplication|()"},{"mm_value":0,"mm_metric":"externalapi","mm_method":"com.github.lassana.continuous_audiorecorder.fragment.MainFragment.onViewCreated(#Bundle#View)","mm_value_text":"API: RecorderApplication.getApplication(getActivity())|method: getRecorder|()"},{"mm_value":0,"mm_metric":"externalapi","mm_method":"com.github.lassana.continuous_audiorecorder.fragment.MainFragment.onViewCreated(#Bundle#View)","mm_value_text":"API: com.github.lassana.continuous_audiorecorder.RecorderApplication|method: getApplication|()"},{"mm_value":0,"mm_metric":"externalapi","mm_method":"com.github.lassana.continuous_audiorecorder.fragment.MainFragment.onViewCreated(#Bundle#View)","mm_value_text":"API: com.github.lassana.continuous_audiorecorder.RecorderApplication|method: RecorderApplication.getApplication(getActivity())|()"},{"mm_value":0,"mm_metric":"androidapi","mm_method":"com.github.lassana.continuous_audiorecorder.fragment.MainFragment.onViewCreated(#Bundle#View)","mm_value_text":"API: android.widget.Button|method: mPlayButton|()"},{"mm_value":0,"mm_metric":"androidapi","mm_method":"com.github.lassana.continuous_audiorecorder.fragment.MainFragment.onViewCreated(#Bundle#View)","mm_value_text":"API: android.support.v4.app.Fragment|method: onViewCreated|()"},{"mm_value":0,"mm_metric":"androidapi","mm_method":"com.github.lassana.continuous_audiorecorder.fragment.MainFragment.onViewCreated(#Bundle#View)","mm_value_text":"API: android.view.View|method: findViewById|()"},{"mm_value":0,"mm_metric":"androidapi","mm_method":"com.github.lassana.continuous_audiorecorder.fragment.MainFragment.onViewCreated(#Bundle#View)","mm_value_text":"API: android.os.Bundle|method: null|()"},{"mm_value":0,"mm_metric":"androidapi","mm_method":"com.github.lassana.continuous_audiorecorder.fragment.MainFragment.onViewCreated(#Bundle#View)","mm_value_text":"API: android.widget.Button|method: mPauseButton|()"},{"mm_value":0,"mm_metric":"androidapi","mm_method":"com.github.lassana.continuous_audiorecorder.fragment.MainFragment.onViewCreated(#Bundle#View)","mm_value_text":"API: android.widget.Button|method: mStartButton|()"},{"mm_value":0,"mm_metric":"androidapi","mm_method":"com.github.lassana.continuous_audiorecorder.fragment.MainFragment.onViewCreated(#Bundle#View)","mm_value_text":"API: android.widget.Button|method: setOnClickListener|()"},{"mm_value":0,"mm_metric":"androidapi","mm_method":"com.github.lassana.continuous_audiorecorder.fragment.MainFragment.onViewCreated(#Bundle#View)","mm_value_text":"API: android.support.v4.app.Fragment|method: null|()"},{"mm_value":0,"mm_metric":"androidapi","mm_method":"com.github.lassana.continuous_audiorecorder.fragment.MainFragment.onViewCreated(#Bundle#View)","mm_value_text":"API: android.support.v4.app.Fragment|method: super|()"},{"mm_value":0,"mm_metric":"androidapi","mm_method":"com.github.lassana.continuous_audiorecorder.fragment.MainFragment.onViewCreated(#Bundle#View)","mm_value_text":"API: android.view.View|method: null|()"},{"mm_value":0,"mm_metric":"androidapi","mm_method":"com.github.lassana.continuous_audiorecorder.fragment.MainFragment.onViewCreated(#Bundle#View)","mm_value_text":"API: android.widget.Button|method: null|()"},{"mm_value":0,"mm_metric":"androidapi","mm_method":"com.github.lassana.continuous_audiorecorder.fragment.MainFragment.onViewCreated(#Bundle#View)","mm_value_text":"API: android.view.View|method: view|()"}],"method_non_acc_mod":"","method_args":"Bundle#View#","method_class":"01267b88-f16a-43e0-8982-d07844bc72b5#com.github.lassana.continuous_audiorecorder.fragment.MainFragment"}]},{"class_vars":[{"var_type":"AudioRecorder","var_isTransient":false,"var_isVolatile":false,"var_isFinal":false,"var_array":false,"var_isStatic":false}],"class_is_interface":false,"class_superclass":"Application","class_id":"01267b88-f16a-43e0-8982-d07844bc72b5#com.github.lassana.continuous_audiorecorder.RecorderApplication","class_app":"01267b88-f16a-43e0-8982-d07844bc72b5#com.github.lassana.continuous_audiorecorder","class_package":"com.github.lassana.continuous_audiorecorder","class_imports":[{"import_name":"android.content.name","import_class":"01267b88-f16a-43e0-8982-d07844bc72b5#com.github.lassana.continuous_audiorecorder.RecorderApplication"},{"import_name":"android.app.name","import_class":"01267b88-f16a-43e0-8982-d07844bc72b5#com.github.lassana.continuous_audiorecorder.RecorderApplication"},{"import_name":"com.github.lassana.recorder.name","import_class":"01267b88-f16a-43e0-8982-d07844bc72b5#com.github.lassana.continuous_audiorecorder.RecorderApplication"}],"class_implemented_ifaces":"","class_acc_modifier":"private","class_non_acc_mod":"","class_name":"RecorderApplication","class_methods":[{"method_declared_vars":[],"method_name":"getApplication","method_acc_modifier":"public","method_id":"com.github.lassana.continuous_audiorecorder.RecorderApplication.getApplication(#Context)","method_metrics":[{"mm_value":4,"mm_metric":"loc","mm_method":"com.github.lassana.continuous_audiorecorder.RecorderApplication.getApplication(#Context)","mm_value_text":""},{"mm_value":3,"mm_metric":"cc","mm_method":"com.github.lassana.continuous_audiorecorder.RecorderApplication.getApplication(#Context)","mm_value_text":""},{"mm_value":1,"mm_metric":"nr_args","mm_method":"com.github.lassana.continuous_audiorecorder.RecorderApplication.getApplication(#Context)","mm_value_text":""},{"mm_value":0,"mm_metric":"androidapi","mm_method":"com.github.lassana.continuous_audiorecorder.RecorderApplication.getApplication(#Context)","mm_value_text":"API: android.content.Context|method: null|()"},{"mm_value":0,"mm_metric":"androidapi","mm_method":"com.github.lassana.continuous_audiorecorder.RecorderApplication.getApplication(#Context)","mm_value_text":"API: android.content.Context|method: getApplicationContext|()"},{"mm_value":0,"mm_metric":"androidapi","mm_method":"com.github.lassana.continuous_audiorecorder.RecorderApplication.getApplication(#Context)","mm_value_text":"API: android.content.Context|method: context|()"}],"method_non_acc_mod":"#static","method_args":"Context#","method_class":"01267b88-f16a-43e0-8982-d07844bc72b5#com.github.lassana.continuous_audiorecorder.RecorderApplication"},{"method_declared_vars":[],"method_name":"onCreate","method_acc_modifier":"public","method_id":"com.github.lassana.continuous_audiorecorder.RecorderApplication.onCreate()","method_metrics":[{"mm_value":1,"mm_metric":"loc","mm_method":"com.github.lassana.continuous_audiorecorder.RecorderApplication.onCreate()","mm_value_text":""},{"mm_value":1,"mm_metric":"cc","mm_method":"com.github.lassana.continuous_audiorecorder.RecorderApplication.onCreate()","mm_value_text":""},{"mm_value":0,"mm_metric":"nr_args","mm_method":"com.github.lassana.continuous_audiorecorder.RecorderApplication.onCreate()","mm_value_text":""},{"mm_value":0,"mm_metric":"androidapi","mm_method":"com.github.lassana.continuous_audiorecorder.RecorderApplication.onCreate()","mm_value_text":"API: android.app.Application|method: super|()"},{"mm_value":0,"mm_metric":"androidapi","mm_method":"com.github.lassana.continuous_audiorecorder.RecorderApplication.onCreate()","mm_value_text":"API: android.app.Application|method: onCreate|()"},{"mm_value":0,"mm_metric":"androidapi","mm_method":"com.github.lassana.continuous_audiorecorder.RecorderApplication.onCreate()","mm_value_text":"API: android.app.Application|method: null|()"}],"method_non_acc_mod":"","method_args":"","method_class":"01267b88-f16a-43e0-8982-d07844bc72b5#com.github.lassana.continuous_audiorecorder.RecorderApplication"},{"method_declared_vars":[],"method_name":"getRecorder","method_acc_modifier":"public","method_id":"com.github.lassana.continuous_audiorecorder.RecorderApplication.getRecorder()","method_metrics":[{"mm_value":1,"mm_metric":"loc","mm_method":"com.github.lassana.continuous_audiorecorder.RecorderApplication.getRecorder()","mm_value_text":""},{"mm_value":1,"mm_metric":"cc","mm_method":"com.github.lassana.continuous_audiorecorder.RecorderApplication.getRecorder()","mm_value_text":""},{"mm_value":0,"mm_metric":"nr_args","mm_method":"com.github.lassana.continuous_audiorecorder.RecorderApplication.getRecorder()","mm_value_text":""},{"mm_value":0,"mm_metric":"externalapi","mm_method":"com.github.lassana.continuous_audiorecorder.RecorderApplication.getRecorder()","mm_value_text":"API: com.github.lassana.recorder.AudioRecorder|method: null|()"}],"method_non_acc_mod":"","method_args":"","method_class":"01267b88-f16a-43e0-8982-d07844bc72b5#com.github.lassana.continuous_audiorecorder.RecorderApplication"},{"method_declared_vars":[],"method_name":"createRecorder","method_acc_modifier":"public","method_id":"com.github.lassana.continuous_audiorecorder.RecorderApplication.createRecorder(#String)","method_metrics":[{"mm_value":2,"mm_metric":"loc","mm_method":"com.github.lassana.continuous_audiorecorder.RecorderApplication.createRecorder(#String)","mm_value_text":""},{"mm_value":1,"mm_metric":"cc","mm_method":"com.github.lassana.continuous_audiorecorder.RecorderApplication.createRecorder(#String)","mm_value_text":""},{"mm_value":1,"mm_metric":"nr_args","mm_method":"com.github.lassana.continuous_audiorecorder.RecorderApplication.createRecorder(#String)","mm_value_text":""},{"mm_value":0,"mm_metric":"externalapi","mm_method":"com.github.lassana.continuous_audiorecorder.RecorderApplication.createRecorder(#String)","mm_value_text":"API: com.github.lassana.recorder.AudioRecorder|method: AudioRecorder|()"},{"mm_value":0,"mm_metric":"externalapi","mm_method":"com.github.lassana.continuous_audiorecorder.RecorderApplication.createRecorder(#String)","mm_value_text":"API: com.github.lassana.recorder.AudioRecorder|method: null|()"},{"mm_value":0,"mm_metric":"externalapi","mm_method":"com.github.lassana.continuous_audiorecorder.RecorderApplication.createRecorder(#String)","mm_value_text":"API: com.github.lassana.recorder.AudioRecorder|method: build|()"},{"mm_value":0,"mm_metric":"javaapi","mm_method":"com.github.lassana.continuous_audiorecorder.RecorderApplication.createRecorder(#String)","mm_value_text":"API: String|method: null|()"}],"method_non_acc_mod":"","method_args":"String#","method_class":"01267b88-f16a-43e0-8982-d07844bc72b5#com.github.lassana.continuous_audiorecorder.RecorderApplication"}]},{"class_vars":[{"var_type":"int","var_isTransient":false,"var_isVolatile":false,"var_isFinal":false,"var_array":false,"var_isStatic":false},{"var_type":"boolean","var_isTransient":false,"var_isVolatile":false,"var_isFinal":false,"var_array":false,"var_isStatic":false}],"class_is_interface":false,"class_superclass":null,"class_id":"01267b88-f16a-43e0-8982-d07844bc72b5#com.github.lassana.recorder.ApiHelper","class_app":"01267b88-f16a-43e0-8982-d07844bc72b5#com.github.lassana.continuous_audiorecorder","class_package":"com.github.lassana.recorder","class_imports":[{"import_name":"android.media.name","import_class":"01267b88-f16a-43e0-8982-d07844bc72b5#com.github.lassana.recorder.ApiHelper"},{"import_name":"android.os.name","import_class":"01267b88-f16a-43e0-8982-d07844bc72b5#com.github.lassana.recorder.ApiHelper"},{"import_name":"android.annotation.name","import_class":"01267b88-f16a-43e0-8982-d07844bc72b5#com.github.lassana.recorder.ApiHelper"}],"class_implemented_ifaces":"","class_acc_modifier":"public","class_non_acc_mod":"final","class_name":"ApiHelper","class_methods":[]},{"class_vars":[{"var_type":"Status","var_isTransient":false,"var_isVolatile":false,"var_isFinal":false,"var_array":false,"var_isStatic":false},{"var_type":"MediaRecorderConfig","var_isTransient":false,"var_isVolatile":false,"var_isFinal":false,"var_array":false,"var_isStatic":false},{"var_type":"String","var_isTransient":false,"var_isVolatile":false,"var_isFinal":false,"var_array":false,"var_isStatic":false},{"var_type":"MediaRecorder","var_isTransient":false,"var_isVolatile":false,"var_isFinal":false,"var_array":false,"var_isStatic":false},{"var_type":"Context","var_isTransient":false,"var_isVolatile":false,"var_isFinal":false,"var_array":false,"var_isStatic":false}],"class_is_interface":false,"class_superclass":null,"class_id":"01267b88-f16a-43e0-8982-d07844bc72b5#com.github.lassana.recorder.AudioRecorder","class_app":"01267b88-f16a-43e0-8982-d07844bc72b5#com.github.lassana.continuous_audiorecorder","class_package":"com.github.lassana.recorder","class_imports":[{"import_name":"android.annotation.name","import_class":"01267b88-f16a-43e0-8982-d07844bc72b5#com.github.lassana.recorder.AudioRecorder"},{"import_name":"java.io.name","import_class":"01267b88-f16a-43e0-8982-d07844bc72b5#com.github.lassana.recorder.AudioRecorder"},{"import_name":"java.io.name","import_class":"01267b88-f16a-43e0-8982-d07844bc72b5#com.github.lassana.recorder.AudioRecorder"},{"import_name":"android.media.name","import_class":"01267b88-f16a-43e0-8982-d07844bc72b5#com.github.lassana.recorder.AudioRecorder"},{"import_name":"android.content.name","import_class":"01267b88-f16a-43e0-8982-d07844bc72b5#com.github.lassana.recorder.AudioRecorder"},{"import_name":"android.os.name","import_class":"01267b88-f16a-43e0-8982-d07844bc72b5#com.github.lassana.recorder.AudioRecorder"}],"class_implemented_ifaces":"","class_acc_modifier":"private","class_non_acc_mod":"final","class_name":"AudioRecorder","class_methods":[{"method_declared_vars":[],"method_name":"isPaused","method_acc_modifier":"public","method_id":"com.github.lassana.recorder.AudioRecorder.isPaused()","method_metrics":[{"mm_value":1,"mm_metric":"loc","mm_method":"com.github.lassana.recorder.AudioRecorder.isPaused()","mm_value_text":""},{"mm_value":1,"mm_metric":"cc","mm_method":"com.github.lassana.recorder.AudioRecorder.isPaused()","mm_value_text":""},{"mm_value":0,"mm_metric":"nr_args","mm_method":"com.github.lassana.recorder.AudioRecorder.isPaused()","mm_value_text":""}],"method_non_acc_mod":"","method_args":"","method_class":"01267b88-f16a-43e0-8982-d07844bc72b5#com.github.lassana.recorder.AudioRecorder"},{"method_declared_vars":[],"method_name":"isRecording","method_acc_modifier":"public","method_id":"com.github.lassana.recorder.AudioRecorder.isRecording()","method_metrics":[{"mm_value":1,"mm_metric":"loc","mm_method":"com.github.lassana.recorder.AudioRecorder.isRecording()","mm_value_text":""},{"mm_value":1,"mm_metric":"cc","mm_method":"com.github.lassana.recorder.AudioRecorder.isRecording()","mm_value_text":""},{"mm_value":0,"mm_metric":"nr_args","mm_method":"com.github.lassana.recorder.AudioRecorder.isRecording()","mm_value_text":""}],"method_non_acc_mod":"","method_args":"","method_class":"01267b88-f16a-43e0-8982-d07844bc72b5#com.github.lassana.recorder.AudioRecorder"},{"method_declared_vars":[{"var_type":"AudioRecorder","var_array":false,"var_name":"rvalue"}],"method_name":"build","method_acc_modifier":"public","method_id":"com.github.lassana.recorder.AudioRecorder.build(#MediaRecorderConfig#Context#String)","method_metrics":[{"mm_value":3,"mm_metric":"loc","mm_method":"com.github.lassana.recorder.AudioRecorder.build(#MediaRecorderConfig#Context#String)","mm_value_text":""},{"mm_value":1,"mm_metric":"cc","mm_method":"com.github.lassana.recorder.AudioRecorder.build(#MediaRecorderConfig#Context#String)","mm_value_text":""},{"mm_value":3,"mm_metric":"nr_args","mm_method":"com.github.lassana.recorder.AudioRecorder.build(#MediaRecorderConfig#Context#String)","mm_value_text":""},{"mm_value":0,"mm_metric":"externalapi","mm_method":"com.github.lassana.recorder.AudioRecorder.build(#MediaRecorderConfig#Context#String)","mm_value_text":"API: Status|method: null|()"},{"mm_value":0,"mm_metric":"externalapi","mm_method":"com.github.lassana.recorder.AudioRecorder.build(#MediaRecorderConfig#Context#String)","mm_value_text":"API: AudioRecorder|method: null|()"},{"mm_value":0,"mm_metric":"externalapi","mm_method":"com.github.lassana.recorder.AudioRecorder.build(#MediaRecorderConfig#Context#String)","mm_value_text":"API: rvalue|method: null|()"},{"mm_value":0,"mm_metric":"externalapi","mm_method":"com.github.lassana.recorder.AudioRecorder.build(#MediaRecorderConfig#Context#String)","mm_value_text":"API: MediaRecorderConfig|method: null|()"},{"mm_value":0,"mm_metric":"androidapi","mm_method":"com.github.lassana.recorder.AudioRecorder.build(#MediaRecorderConfig#Context#String)","mm_value_text":"API: android.content.Context|method: null|()"},{"mm_value":0,"mm_metric":"javaapi","mm_method":"com.github.lassana.recorder.AudioRecorder.build(#MediaRecorderConfig#Context#String)","mm_value_text":"API: String|method: null|()"}],"method_non_acc_mod":"#static","method_args":"MediaRecorderConfig#Context#String#","method_class":"01267b88-f16a-43e0-8982-d07844bc72b5#com.github.lassana.recorder.AudioRecorder"},{"method_declared_vars":[],"method_name":"appendToFile","method_acc_modifier":"private","method_id":"com.github.lassana.recorder.AudioRecorder.appendToFile(#String#String)","method_metrics":[{"mm_value":1,"mm_metric":"loc","mm_method":"com.github.lassana.recorder.AudioRecorder.appendToFile(#String#String)","mm_value_text":""},{"mm_value":1,"mm_metric":"cc","mm_method":"com.github.lassana.recorder.AudioRecorder.appendToFile(#String#String)","mm_value_text":""},{"mm_value":2,"mm_metric":"nr_args","mm_method":"com.github.lassana.recorder.AudioRecorder.appendToFile(#String#String)","mm_value_text":""},{"mm_value":0,"mm_metric":"externalapi","mm_method":"com.github.lassana.recorder.AudioRecorder.appendToFile(#String#String)","mm_value_text":"API: Mp4ParserWrapper|method: Mp4ParserWrapper|()"},{"mm_value":0,"mm_metric":"externalapi","mm_method":"com.github.lassana.recorder.AudioRecorder.appendToFile(#String#String)","mm_value_text":"API: Mp4ParserWrapper|method: append|()"},{"mm_value":0,"mm_metric":"externalapi","mm_method":"com.github.lassana.recorder.AudioRecorder.appendToFile(#String#String)","mm_value_text":"API: Mp4ParserWrapper|method: null|()"},{"mm_value":0,"mm_metric":"javaapi","mm_method":"com.github.lassana.recorder.AudioRecorder.appendToFile(#String#String)","mm_value_text":"API: String|method: null|()"}],"method_non_acc_mod":"","method_args":"String#String#","method_class":"01267b88-f16a-43e0-8982-d07844bc72b5#com.github.lassana.recorder.AudioRecorder"},{"method_declared_vars":[],"method_name":"getRecordFileName","method_acc_modifier":"public","method_id":"com.github.lassana.recorder.AudioRecorder.getRecordFileName()","method_metrics":[{"mm_value":1,"mm_metric":"loc","mm_method":"com.github.lassana.recorder.AudioRecorder.getRecordFileName()","mm_value_text":""},{"mm_value":1,"mm_metric":"cc","mm_method":"com.github.lassana.recorder.AudioRecorder.getRecordFileName()","mm_value_text":""},{"mm_value":0,"mm_metric":"nr_args","mm_method":"com.github.lassana.recorder.AudioRecorder.getRecordFileName()","mm_value_text":""},{"mm_value":0,"mm_metric":"javaapi","mm_method":"com.github.lassana.recorder.AudioRecorder.getRecordFileName()","mm_value_text":"API: String|method: null|()"}],"method_non_acc_mod":"","method_args":"","method_class":"01267b88-f16a-43e0-8982-d07844bc72b5#com.github.lassana.recorder.AudioRecorder"},{"method_declared_vars":[],"method_name":"isReady","method_acc_modifier":"public","method_id":"com.github.lassana.recorder.AudioRecorder.isReady()","method_metrics":[{"mm_value":1,"mm_metric":"loc","mm_method":"com.github.lassana.recorder.AudioRecorder.isReady()","mm_value_text":""},{"mm_value":1,"mm_metric":"cc","mm_method":"com.github.lassana.recorder.AudioRecorder.isReady()","mm_value_text":""},{"mm_value":0,"mm_metric":"nr_args","mm_method":"com.github.lassana.recorder.AudioRecorder.isReady()","mm_value_text":""}],"method_non_acc_mod":"","method_args":"","method_class":"01267b88-f16a-43e0-8982-d07844bc72b5#com.github.lassana.recorder.AudioRecorder"},{"method_declared_vars":[{"var_type":"StartRecordTask","var_array":false,"var_name":"task"}],"method_name":"start","method_acc_modifier":"public","method_id":"com.github.lassana.recorder.AudioRecorder.start(#OnStartListener)","method_metrics":[{"mm_value":2,"mm_metric":"loc","mm_method":"com.github.lassana.recorder.AudioRecorder.start(#OnStartListener)","mm_value_text":""},{"mm_value":1,"mm_metric":"cc","mm_method":"com.github.lassana.recorder.AudioRecorder.start(#OnStartListener)","mm_value_text":""},{"mm_value":1,"mm_metric":"nr_args","mm_method":"com.github.lassana.recorder.AudioRecorder.start(#OnStartListener)","mm_value_text":""},{"mm_value":0,"mm_metric":"externalapi","mm_method":"com.github.lassana.recorder.AudioRecorder.start(#OnStartListener)","mm_value_text":"API: StartRecordTask|method: execute|()"},{"mm_value":0,"mm_metric":"externalapi","mm_method":"com.github.lassana.recorder.AudioRecorder.start(#OnStartListener)","mm_value_text":"API: OnStartListener|method: null|()"},{"mm_value":0,"mm_metric":"externalapi","mm_method":"com.github.lassana.recorder.AudioRecorder.start(#OnStartListener)","mm_value_text":"API: StartRecordTask|method: task|()"},{"mm_value":0,"mm_metric":"externalapi","mm_method":"com.github.lassana.recorder.AudioRecorder.start(#OnStartListener)","mm_value_text":"API: StartRecordTask|method: null|()"}],"method_non_acc_mod":"","method_args":"OnStartListener#","method_class":"01267b88-f16a-43e0-8982-d07844bc72b5#com.github.lassana.recorder.AudioRecorder"},{"method_declared_vars":[],"method_name":"AudioRecorder","method_acc_modifier":"private","method_id":"com.github.lassana.recorder.AudioRecorder.AudioRecorder()","method_metrics":[{"mm_value":4,"mm_metric":"loc","mm_method":"com.github.lassana.recorder.AudioRecorder.AudioRecorder()","mm_value_text":""},{"mm_value":1,"mm_metric":"cc","mm_method":"com.github.lassana.recorder.AudioRecorder.AudioRecorder()","mm_value_text":""},{"mm_value":0,"mm_metric":"nr_args","mm_method":"com.github.lassana.recorder.AudioRecorder.AudioRecorder()","mm_value_text":""},{"mm_value":0,"mm_metric":"externalapi","mm_method":"com.github.lassana.recorder.AudioRecorder.AudioRecorder()","mm_value_text":"API: Status|method: null|()"},{"mm_value":0,"mm_metric":"externalapi","mm_method":"com.github.lassana.recorder.AudioRecorder.AudioRecorder()","mm_value_text":"API: mediaRecorderConfig|method: null|()"},{"mm_value":0,"mm_metric":"externalapi","mm_method":"com.github.lassana.recorder.AudioRecorder.AudioRecorder()","mm_value_text":"API: context|method: null|()"},{"mm_value":0,"mm_metric":"externalapi","mm_method":"com.github.lassana.recorder.AudioRecorder.AudioRecorder()","mm_value_text":"API: targetRecordFileName|method: null|()"},{"mm_value":0,"mm_metric":"externalapi","mm_method":"com.github.lassana.recorder.AudioRecorder.AudioRecorder()","mm_value_text":"API: MediaRecorderConfig|method: null|()"},{"mm_value":0,"mm_metric":"androidapi","mm_method":"com.github.lassana.recorder.AudioRecorder.AudioRecorder()","mm_value_text":"API: android.content.Context|method: null|()"},{"mm_value":0,"mm_metric":"javaapi","mm_method":"com.github.lassana.recorder.AudioRecorder.AudioRecorder()","mm_value_text":"API: String|method: null|()"}],"method_non_acc_mod":"","method_args":"","method_class":"01267b88-f16a-43e0-8982-d07844bc72b5#com.github.lassana.recorder.AudioRecorder"},{"method_declared_vars":[],"method_name":"getStatus","method_acc_modifier":"public","method_id":"com.github.lassana.recorder.AudioRecorder.getStatus()","method_metrics":[{"mm_value":1,"mm_metric":"loc","mm_method":"com.github.lassana.recorder.AudioRecorder.getStatus()","mm_value_text":""},{"mm_value":1,"mm_metric":"cc","mm_method":"com.github.lassana.recorder.AudioRecorder.getStatus()","mm_value_text":""},{"mm_value":0,"mm_metric":"nr_args","mm_method":"com.github.lassana.recorder.AudioRecorder.getStatus()","mm_value_text":""},{"mm_value":0,"mm_metric":"externalapi","mm_method":"com.github.lassana.recorder.AudioRecorder.getStatus()","mm_value_text":"API: Status|method: null|()"}],"method_non_acc_mod":"","method_args":"","method_class":"01267b88-f16a-43e0-8982-d07844bc72b5#com.github.lassana.recorder.AudioRecorder"},{"method_declared_vars":[],"method_name":"getTemporaryFileName","method_acc_modifier":"private","method_id":"com.github.lassana.recorder.AudioRecorder.getTemporaryFileName()","method_metrics":[{"mm_value":1,"mm_metric":"loc","mm_method":"com.github.lassana.recorder.AudioRecorder.getTemporaryFileName()","mm_value_text":""},{"mm_value":1,"mm_metric":"cc","mm_method":"com.github.lassana.recorder.AudioRecorder.getTemporaryFileName()","mm_value_text":""},{"mm_value":0,"mm_metric":"nr_args","mm_method":"com.github.lassana.recorder.AudioRecorder.getTemporaryFileName()","mm_value_text":""}],"method_non_acc_mod":"","method_args":"","method_class":"01267b88-f16a-43e0-8982-d07844bc72b5#com.github.lassana.recorder.AudioRecorder"},{"method_declared_vars":[{"var_type":"PauseRecordTask","var_array":false,"var_name":"task"}],"method_name":"pause","method_acc_modifier":"public","method_id":"com.github.lassana.recorder.AudioRecorder.pause(#OnPauseListener)","method_metrics":[{"mm_value":2,"mm_metric":"loc","mm_method":"com.github.lassana.recorder.AudioRecorder.pause(#OnPauseListener)","mm_value_text":""},{"mm_value":1,"mm_metric":"cc","mm_method":"com.github.lassana.recorder.AudioRecorder.pause(#OnPauseListener)","mm_value_text":""},{"mm_value":1,"mm_metric":"nr_args","mm_method":"com.github.lassana.recorder.AudioRecorder.pause(#OnPauseListener)","mm_value_text":""},{"mm_value":0,"mm_metric":"externalapi","mm_method":"com.github.lassana.recorder.AudioRecorder.pause(#OnPauseListener)","mm_value_text":"API: OnPauseListener|method: null|()"},{"mm_value":0,"mm_metric":"externalapi","mm_method":"com.github.lassana.recorder.AudioRecorder.pause(#OnPauseListener)","mm_value_text":"API: PauseRecordTask|method: task|()"},{"mm_value":0,"mm_metric":"externalapi","mm_method":"com.github.lassana.recorder.AudioRecorder.pause(#OnPauseListener)","mm_value_text":"API: PauseRecordTask|method: execute|()"},{"mm_value":0,"mm_metric":"externalapi","mm_method":"com.github.lassana.recorder.AudioRecorder.pause(#OnPauseListener)","mm_value_text":"API: PauseRecordTask|method: null|()"}],"method_non_acc_mod":"","method_args":"OnPauseListener#","method_class":"01267b88-f16a-43e0-8982-d07844bc72b5#com.github.lassana.recorder.AudioRecorder"},{"method_declared_vars":[],"method_name":"setStatus","method_acc_modifier":"private","method_id":"com.github.lassana.recorder.AudioRecorder.setStatus(#Status)","method_metrics":[{"mm_value":1,"mm_metric":"loc","mm_method":"com.github.lassana.recorder.AudioRecorder.setStatus(#Status)","mm_value_text":""},{"mm_value":1,"mm_metric":"cc","mm_method":"com.github.lassana.recorder.AudioRecorder.setStatus(#Status)","mm_value_text":""},{"mm_value":1,"mm_metric":"nr_args","mm_method":"com.github.lassana.recorder.AudioRecorder.setStatus(#Status)","mm_value_text":""},{"mm_value":0,"mm_metric":"externalapi","mm_method":"com.github.lassana.recorder.AudioRecorder.setStatus(#Status)","mm_value_text":"API: Status|method: null|()"}],"method_non_acc_mod":"","method_args":"Status#","method_class":"01267b88-f16a-43e0-8982-d07844bc72b5#com.github.lassana.recorder.AudioRecorder"}]},{"class_vars":[{"var_type":"int","var_isTransient":false,"var_isVolatile":false,"var_isFinal":false,"var_array":false,"var_isStatic":false},{"var_type":"String","var_isTransient":false,"var_isVolatile":false,"var_isFinal":false,"var_array":false,"var_isStatic":false}],"class_is_interface":false,"class_superclass":null,"class_id":"01267b88-f16a-43e0-8982-d07844bc72b5#com.github.lassana.recorder.Mp4ParserWrapper","class_app":"01267b88-f16a-43e0-8982-d07844bc72b5#com.github.lassana.continuous_audiorecorder","class_package":"com.github.lassana.recorder","class_imports":[{"import_name":"java.io.name","import_class":"01267b88-f16a-43e0-8982-d07844bc72b5#com.github.lassana.recorder.Mp4ParserWrapper"},{"import_name":"com.googlecode.mp4parser.authoring.tracks.name","import_class":"01267b88-f16a-43e0-8982-d07844bc72b5#com.github.lassana.recorder.Mp4ParserWrapper"},{"import_name":"java.io.name","import_class":"01267b88-f16a-43e0-8982-d07844bc72b5#com.github.lassana.recorder.Mp4ParserWrapper"},{"import_name":"com.coremedia.iso.boxes.name","import_class":"01267b88-f16a-43e0-8982-d07844bc72b5#com.github.lassana.recorder.Mp4ParserWrapper"},{"import_name":"com.googlecode.mp4parser.authoring.builder.name","import_class":"01267b88-f16a-43e0-8982-d07844bc72b5#com.github.lassana.recorder.Mp4ParserWrapper"},{"import_name":"android.util.name","import_class":"01267b88-f16a-43e0-8982-d07844bc72b5#com.github.lassana.recorder.Mp4ParserWrapper"},{"import_name":"com.googlecode.mp4parser.authoring.name","import_class":"01267b88-f16a-43e0-8982-d07844bc72b5#com.github.lassana.recorder.Mp4ParserWrapper"},{"import_name":"java.nio.channels.name","import_class":"01267b88-f16a-43e0-8982-d07844bc72b5#com.github.lassana.recorder.Mp4ParserWrapper"},{"import_name":"java.io.name","import_class":"01267b88-f16a-43e0-8982-d07844bc72b5#com.github.lassana.recorder.Mp4ParserWrapper"},{"import_name":"java.nio.channels.name","import_class":"01267b88-f16a-43e0-8982-d07844bc72b5#com.github.lassana.recorder.Mp4ParserWrapper"},{"import_name":"com.googlecode.mp4parser.name","import_class":"01267b88-f16a-43e0-8982-d07844bc72b5#com.github.lassana.recorder.Mp4ParserWrapper"},{"import_name":"com.googlecode.mp4parser.authoring.name","import_class":"01267b88-f16a-43e0-8982-d07844bc72b5#com.github.lassana.recorder.Mp4ParserWrapper"},{"import_name":"com.googlecode.mp4parser.authoring.container.mp4.name","import_class":"01267b88-f16a-43e0-8982-d07844bc72b5#com.github.lassana.recorder.Mp4ParserWrapper"},{"import_name":"java.io.name","import_class":"01267b88-f16a-43e0-8982-d07844bc72b5#com.github.lassana.recorder.Mp4ParserWrapper"},{"import_name":"java.util.name","import_class":"01267b88-f16a-43e0-8982-d07844bc72b5#com.github.lassana.recorder.Mp4ParserWrapper"}],"class_implemented_ifaces":"","class_acc_modifier":"public","class_non_acc_mod":"final","class_name":"Mp4ParserWrapper","class_methods":[{"method_declared_vars":[{"var_type":"FileInputStream","var_array":false,"var_name":"in"},{"var_type":"FileOutputStream","var_array":false,"var_name":"out"}],"method_name":"copyFile","method_acc_modifier":"private","method_id":"com.github.lassana.recorder.Mp4ParserWrapper.copyFile(#String#String)","method_metrics":[{"mm_value":5,"mm_metric":"loc","mm_method":"com.github.lassana.recorder.Mp4ParserWrapper.copyFile(#String#String)","mm_value_text":""},{"mm_value":2,"mm_metric":"cc","mm_method":"com.github.lassana.recorder.Mp4ParserWrapper.copyFile(#String#String)","mm_value_text":""},{"mm_value":2,"mm_metric":"nr_args","mm_method":"com.github.lassana.recorder.Mp4ParserWrapper.copyFile(#String#String)","mm_value_text":""},{"mm_value":0,"mm_metric":"javaapi","mm_method":"com.github.lassana.recorder.Mp4ParserWrapper.copyFile(#String#String)","mm_value_text":"API: java.io.FileInputStream|method: close|()"},{"mm_value":0,"mm_metric":"javaapi","mm_method":"com.github.lassana.recorder.Mp4ParserWrapper.copyFile(#String#String)","mm_value_text":"API: java.io.FileOutputStream|method: out|()"},{"mm_value":0,"mm_metric":"javaapi","mm_method":"com.github.lassana.recorder.Mp4ParserWrapper.copyFile(#String#String)","mm_value_text":"API: java.io.FileOutputStream|method: close|()"},{"mm_value":0,"mm_metric":"javaapi","mm_method":"com.github.lassana.recorder.Mp4ParserWrapper.copyFile(#String#String)","mm_value_text":"API: java.io.FileOutputStream|method: null|()"},{"mm_value":0,"mm_metric":"javaapi","mm_method":"com.github.lassana.recorder.Mp4ParserWrapper.copyFile(#String#String)","mm_value_text":"API: String|method: null|()"},{"mm_value":0,"mm_metric":"javaapi","mm_method":"com.github.lassana.recorder.Mp4ParserWrapper.copyFile(#String#String)","mm_value_text":"API: java.io.FileInputStream|method: null|()"},{"mm_value":0,"mm_metric":"javaapi","mm_method":"com.github.lassana.recorder.Mp4ParserWrapper.copyFile(#String#String)","mm_value_text":"API: java.io.FileInputStream|method: in|()"}],"method_non_acc_mod":"#static","method_args":"String#String#","method_class":"01267b88-f16a-43e0-8982-d07844bc72b5#com.github.lassana.recorder.Mp4ParserWrapper"},{"method_declared_vars":[{"var_type":"byte[]","var_array":true,"var_name":"buf"},{"var_type":"int","var_array":false,"var_name":"len"}],"method_name":"copy","method_acc_modifier":"private","method_id":"com.github.lassana.recorder.Mp4ParserWrapper.copy(#FileInputStream#FileOutputStream)","method_metrics":[{"mm_value":5,"mm_metric":"loc","mm_method":"com.github.lassana.recorder.Mp4ParserWrapper.copy(#FileInputStream#FileOutputStream)","mm_value_text":""},{"mm_value":3,"mm_metric":"cc","mm_method":"com.github.lassana.recorder.Mp4ParserWrapper.copy(#FileInputStream#FileOutputStream)","mm_value_text":""},{"mm_value":2,"mm_metric":"nr_args","mm_method":"com.github.lassana.recorder.Mp4ParserWrapper.copy(#FileInputStream#FileOutputStream)","mm_value_text":""},{"mm_value":0,"mm_metric":"externalapi","mm_method":"com.github.lassana.recorder.Mp4ParserWrapper.copy(#FileInputStream#FileOutputStream)","mm_value_text":"API: byte[]|method: null|()"},{"mm_value":0,"mm_metric":"javaapi","mm_method":"com.github.lassana.recorder.Mp4ParserWrapper.copy(#FileInputStream#FileOutputStream)","mm_value_text":"API: java.io.FileOutputStream|method: out|()"},{"mm_value":0,"mm_metric":"javaapi","mm_method":"com.github.lassana.recorder.Mp4ParserWrapper.copy(#FileInputStream#FileOutputStream)","mm_value_text":"API: java.io.FileOutputStream|method: null|()"},{"mm_value":0,"mm_metric":"javaapi","mm_method":"com.github.lassana.recorder.Mp4ParserWrapper.copy(#FileInputStream#FileOutputStream)","mm_value_text":"API: java.io.FileOutputStream|method: write|()"}],"method_non_acc_mod":"#static","method_args":"FileInputStream#FileOutputStream#","method_class":"01267b88-f16a-43e0-8982-d07844bc72b5#com.github.lassana.recorder.Mp4ParserWrapper"},{"method_declared_vars":[{"var_type":"Container","var_array":false,"var_name":"container"},{"var_type":"WritableByteChannel","var_array":false,"var_name":"bb"},{"var_type":"Movie","var_array":false,"var_name":"movieB"},{"var_type":"Movie","var_array":false,"var_name":"movieA"},{"var_type":"List<Track>","var_array":false,"var_name":"movieTwoTracks"},{"var_type":"Movie","var_array":false,"var_name":"finalMovie"},{"var_type":"List<Track>","var_array":false,"var_name":"movieOneTracks"},{"var_type":"int","var_array":false,"var_name":"i"},{"var_type":"FileOutputStream","var_array":false,"var_name":"fos"}],"method_name":"append","method_acc_modifier":"public","method_id":"com.github.lassana.recorder.Mp4ParserWrapper.append(#String#String#String)","method_metrics":[{"mm_value":13,"mm_metric":"loc","mm_method":"com.github.lassana.recorder.Mp4ParserWrapper.append(#String#String#String)","mm_value_text":""},{"mm_value":3,"mm_metric":"cc","mm_method":"com.github.lassana.recorder.Mp4ParserWrapper.append(#String#String#String)","mm_value_text":""},{"mm_value":3,"mm_metric":"nr_args","mm_method":"com.github.lassana.recorder.Mp4ParserWrapper.append(#String#String#String)","mm_value_text":""},{"mm_value":0,"mm_metric":"externalapi","mm_method":"com.github.lassana.recorder.Mp4ParserWrapper.append(#String#String#String)","mm_value_text":"API: com.googlecode.mp4parser.authoring.tracks.AppendTrack|method: null|()"},{"mm_value":0,"mm_metric":"externalapi","mm_method":"com.github.lassana.recorder.Mp4ParserWrapper.append(#String#String#String)","mm_value_text":"API: com.googlecode.mp4parser.authoring.Track|method: null|()"},{"mm_value":0,"mm_metric":"externalapi","mm_method":"com.github.lassana.recorder.Mp4ParserWrapper.append(#String#String#String)","mm_value_text":"API: com.googlecode.mp4parser.FileDataSourceImpl|method: null|()"},{"mm_value":0,"mm_metric":"externalapi","mm_method":"com.github.lassana.recorder.Mp4ParserWrapper.append(#String#String#String)","mm_value_text":"API: i|method: null|()"},{"mm_value":0,"mm_metric":"externalapi","mm_method":"com.github.lassana.recorder.Mp4ParserWrapper.append(#String#String#String)","mm_value_text":"API: com.googlecode.mp4parser.authoring.Movie|method: getTracks|()"},{"mm_value":0,"mm_metric":"externalapi","mm_method":"com.github.lassana.recorder.Mp4ParserWrapper.append(#String#String#String)","mm_value_text":"API: com.googlecode.mp4parser.authoring.Track|method: get|()"},{"mm_value":0,"mm_metric":"externalapi","mm_method":"com.github.lassana.recorder.Mp4ParserWrapper.append(#String#String#String)","mm_value_text":"API: com.coremedia.iso.boxes.Container|method: null|()"},{"mm_value":0,"mm_metric":"externalapi","mm_method":"com.github.lassana.recorder.Mp4ParserWrapper.append(#String#String#String)","mm_value_text":"API: com.coremedia.iso.boxes.Container|method: container|()"},{"mm_value":0,"mm_metric":"externalapi","mm_method":"com.github.lassana.recorder.Mp4ParserWrapper.append(#String#String#String)","mm_value_text":"API: new  DefaultMp4Builder()|method: build|()"},{"mm_value":0,"mm_metric":"externalapi","mm_method":"com.github.lassana.recorder.Mp4ParserWrapper.append(#String#String#String)","mm_value_text":"API: new  DefaultMp4Builder()|method: new  DefaultMp4Builder()|()"},{"mm_value":0,"mm_metric":"externalapi","mm_method":"com.github.lassana.recorder.Mp4ParserWrapper.append(#String#String#String)","mm_value_text":"API: com.googlecode.mp4parser.authoring.container.mp4.MovieCreator|method: MovieCreator|()"},{"mm_value":0,"mm_metric":"externalapi","mm_method":"com.github.lassana.recorder.Mp4ParserWrapper.append(#String#String#String)","mm_value_text":"API: com.coremedia.iso.boxes.Container|method: writeContainer|()"},{"mm_value":0,"mm_metric":"externalapi","mm_method":"com.github.lassana.recorder.Mp4ParserWrapper.append(#String#String#String)","mm_value_text":"API: com.googlecode.mp4parser.authoring.container.mp4.MovieCreator|method: null|()"},{"mm_value":0,"mm_metric":"externalapi","mm_method":"com.github.lassana.recorder.Mp4ParserWrapper.append(#String#String#String)","mm_value_text":"API: com.googlecode.mp4parser.authoring.Movie|method: addTrack|()"},{"mm_value":0,"mm_metric":"externalapi","mm_method":"com.github.lassana.recorder.Mp4ParserWrapper.append(#String#String#String)","mm_value_text":"API: com.googlecode.mp4parser.authoring.container.mp4.MovieCreator|method: build|()"},{"mm_value":0,"mm_metric":"externalapi","mm_method":"com.github.lassana.recorder.Mp4ParserWrapper.append(#String#String#String)","mm_value_text":"API: com.googlecode.mp4parser.authoring.Movie|method: null|()"},{"mm_value":0,"mm_metric":"externalapi","mm_method":"com.github.lassana.recorder.Mp4ParserWrapper.append(#String#String#String)","mm_value_text":"API: com.googlecode.mp4parser.authoring.Movie|method: movieB|()"},{"mm_value":0,"mm_metric":"externalapi","mm_method":"com.github.lassana.recorder.Mp4ParserWrapper.append(#String#String#String)","mm_value_text":"API: com.googlecode.mp4parser.authoring.Track|method: movieOneTracks|()"},{"mm_value":0,"mm_metric":"externalapi","mm_method":"com.github.lassana.recorder.Mp4ParserWrapper.append(#String#String#String)","mm_value_text":"API: com.googlecode.mp4parser.authoring.Movie|method: movieA|()"},{"mm_value":0,"mm_metric":"externalapi","mm_method":"com.github.lassana.recorder.Mp4ParserWrapper.append(#String#String#String)","mm_value_text":"API: com.googlecode.mp4parser.authoring.builder.DefaultMp4Builder|method: null|()"},{"mm_value":0,"mm_metric":"externalapi","mm_method":"com.github.lassana.recorder.Mp4ParserWrapper.append(#String#String#String)","mm_value_text":"API: com.googlecode.mp4parser.authoring.Track|method: movieTwoTracks|()"},{"mm_value":0,"mm_metric":"externalapi","mm_method":"com.github.lassana.recorder.Mp4ParserWrapper.append(#String#String#String)","mm_value_text":"API: com.googlecode.mp4parser.authoring.Movie|method: finalMovie|()"},{"mm_value":0,"mm_metric":"javaapi","mm_method":"com.github.lassana.recorder.Mp4ParserWrapper.append(#String#String#String)","mm_value_text":"API: java.nio.channels.Channels|method: newChannel|()"},{"mm_value":0,"mm_metric":"javaapi","mm_method":"com.github.lassana.recorder.Mp4ParserWrapper.append(#String#String#String)","mm_value_text":"API: java.nio.channels.Channels|method: null|()"},{"mm_value":0,"mm_metric":"javaapi","mm_method":"com.github.lassana.recorder.Mp4ParserWrapper.append(#String#String#String)","mm_value_text":"API: java.io.FileOutputStream|method: close|()"},{"mm_value":0,"mm_metric":"javaapi","mm_method":"com.github.lassana.recorder.Mp4ParserWrapper.append(#String#String#String)","mm_value_text":"API: java.util.List|method: movieOneTracks|()"},{"mm_value":0,"mm_metric":"javaapi","mm_method":"com.github.lassana.recorder.Mp4ParserWrapper.append(#String#String#String)","mm_value_text":"API: java.io.FileOutputStream|method: null|()"},{"mm_value":0,"mm_metric":"javaapi","mm_method":"com.github.lassana.recorder.Mp4ParserWrapper.append(#String#String#String)","mm_value_text":"API: String|method: null|()"},{"mm_value":0,"mm_metric":"javaapi","mm_method":"com.github.lassana.recorder.Mp4ParserWrapper.append(#String#String#String)","mm_value_text":"API: java.io.File|method: null|()"},{"mm_value":0,"mm_metric":"javaapi","mm_method":"com.github.lassana.recorder.Mp4ParserWrapper.append(#String#String#String)","mm_value_text":"API: java.io.FileOutputStream|method: fos|()"},{"mm_value":0,"mm_metric":"javaapi","mm_method":"com.github.lassana.recorder.Mp4ParserWrapper.append(#String#String#String)","mm_value_text":"API: java.util.List|method: movieTwoTracks|()"},{"mm_value":0,"mm_metric":"javaapi","mm_method":"com.github.lassana.recorder.Mp4ParserWrapper.append(#String#String#String)","mm_value_text":"API: String|method: format|()"},{"mm_value":0,"mm_metric":"javaapi","mm_method":"com.github.lassana.recorder.Mp4ParserWrapper.append(#String#String#String)","mm_value_text":"API: java.util.List|method: null|()"},{"mm_value":0,"mm_metric":"javaapi","mm_method":"com.github.lassana.recorder.Mp4ParserWrapper.append(#String#String#String)","mm_value_text":"API: java.nio.channels.Channels|method: Channels|()"},{"mm_value":0,"mm_metric":"javaapi","mm_method":"com.github.lassana.recorder.Mp4ParserWrapper.append(#String#String#String)","mm_value_text":"API: String|method: String|()"},{"mm_value":0,"mm_metric":"javaapi","mm_method":"com.github.lassana.recorder.Mp4ParserWrapper.append(#String#String#String)","mm_value_text":"API: java.util.List|method: get|()"},{"mm_value":0,"mm_metric":"javaapi","mm_method":"com.github.lassana.recorder.Mp4ParserWrapper.append(#String#String#String)","mm_value_text":"API: java.nio.channels.WritableByteChannel|method: null|()"}],"method_non_acc_mod":"#static","method_args":"String#String#String#","method_class":"01267b88-f16a-43e0-8982-d07844bc72b5#com.github.lassana.recorder.Mp4ParserWrapper"}]},{"class_vars":[],"class_is_interface":false,"class_superclass":"FragmentActivity","class_id":"01267b88-f16a-43e0-8982-d07844bc72b5#com.github.lassana.continuous_audiorecorder.activity.MainActivity","class_app":"01267b88-f16a-43e0-8982-d07844bc72b5#com.github.lassana.continuous_audiorecorder","class_package":"com.github.lassana.continuous_audiorecorder.activity","class_imports":[{"import_name":"android.support.v4.app.name","import_class":"01267b88-f16a-43e0-8982-d07844bc72b5#com.github.lassana.continuous_audiorecorder.activity.MainActivity"},{"import_name":"com.github.lassana.continuous_audiorecorder.name","import_class":"01267b88-f16a-43e0-8982-d07844bc72b5#com.github.lassana.continuous_audiorecorder.activity.MainActivity"},{"import_name":"android.os.name","import_class":"01267b88-f16a-43e0-8982-d07844bc72b5#com.github.lassana.continuous_audiorecorder.activity.MainActivity"}],"class_implemented_ifaces":"","class_acc_modifier":"public","class_non_acc_mod":"","class_name":"MainActivity","class_methods":[{"method_declared_vars":[],"method_name":"onCreate","method_acc_modifier":"protected","method_id":"com.github.lassana.continuous_audiorecorder.activity.MainActivity.onCreate(#Bundle)","method_metrics":[{"mm_value":2,"mm_metric":"loc","mm_method":"com.github.lassana.continuous_audiorecorder.activity.MainActivity.onCreate(#Bundle)","mm_value_text":""},{"mm_value":1,"mm_metric":"cc","mm_method":"com.github.lassana.continuous_audiorecorder.activity.MainActivity.onCreate(#Bundle)","mm_value_text":""},{"mm_value":1,"mm_metric":"nr_args","mm_method":"com.github.lassana.continuous_audiorecorder.activity.MainActivity.onCreate(#Bundle)","mm_value_text":""},{"mm_value":0,"mm_metric":"externalapi","mm_method":"com.github.lassana.continuous_audiorecorder.activity.MainActivity.onCreate(#Bundle)","mm_value_text":"API: R.layout|method: null|()"},{"mm_value":0,"mm_metric":"androidapi","mm_method":"com.github.lassana.continuous_audiorecorder.activity.MainActivity.onCreate(#Bundle)","mm_value_text":"API: android.os.Bundle|method: null|()"},{"mm_value":0,"mm_metric":"androidapi","mm_method":"com.github.lassana.continuous_audiorecorder.activity.MainActivity.onCreate(#Bundle)","mm_value_text":"API: android.support.v4.app.FragmentActivity|method: null|()"},{"mm_value":0,"mm_metric":"androidapi","mm_method":"com.github.lassana.continuous_audiorecorder.activity.MainActivity.onCreate(#Bundle)","mm_value_text":"API: android.support.v4.app.FragmentActivity|method: super|()"},{"mm_value":0,"mm_metric":"androidapi","mm_method":"com.github.lassana.continuous_audiorecorder.activity.MainActivity.onCreate(#Bundle)","mm_value_text":"API: android.support.v4.app.FragmentActivity|method: onCreate|()"}],"method_non_acc_mod":"","method_args":"Bundle#","method_class":"01267b88-f16a-43e0-8982-d07844bc72b5#com.github.lassana.continuous_audiorecorder.activity.MainActivity"}]}],"app_version":0.0,"app_location":"\/Users\/ruirua\/Documents\/Tese\/resultados\/relevantApps\/01267b88-f16a-43e0-8982-d07844bc72b5\/","app_flavor":null,"app_permissions":[],"app_id":"01267b88-f16a-43e0-8982-d07844bc72b5#com.github.lassana.continuous_audiorecorder","app_description":null}],"project_description":"","project_id":"01267b88-f16a-43e0-8982-d07844bc72b5","project_packages":[{"package":"com.github.lassana.continuous_audiorecorder.activity"},{"package":"com.github.lassana.continuous_audiorecorder.fragment"},{"package":"com.github.lassana.continuous_audiorecorder"},{"package":"com.github.lassana.recorder"}],"project_build_tool":"gradle"}