[{"androidAPIS":[],"javaAPIS":[],"unknownAPIS":[],"methodName":"onSaveInstanceState","externalAPI":[]},{"androidAPIS":[],"javaAPIS":[],"unknownAPIS":[],"methodName":"bindView","externalAPI":[]},{"androidAPIS":[],"javaAPIS":[],"unknownAPIS":[],"methodName":"bindView","externalAPI":[]},{"androidAPIS":[],"javaAPIS":[],"unknownAPIS":[],"methodName":"bindView","externalAPI":[]},{"androidAPIS":[],"javaAPIS":[],"unknownAPIS":[],"methodName":"bindView","externalAPI":[]},{"androidAPIS":[],"javaAPIS":[],"unknownAPIS":[],"methodName":"setSpans","externalAPI":[]},{"androidAPIS":[],"javaAPIS":[],"unknownAPIS":[],"methodName":"onFinishInflate","externalAPI":[]},{"androidAPIS":[],"javaAPIS":[],"unknownAPIS":[],"methodName":"setDisplayedChildId","externalAPI":[]},{"androidAPIS":[],"javaAPIS":[],"unknownAPIS":[],"methodName":"onSaveInstanceState","externalAPI":[]},{"androidAPIS":[],"javaAPIS":[],"unknownAPIS":[],"methodName":"onSaveInstanceState","externalAPI":[]},{"androidAPIS":[],"javaAPIS":[],"unknownAPIS":[],"methodName":"setSpans","externalAPI":[]},{"androidAPIS":[],"javaAPIS":[],"unknownAPIS":[],"methodName":"onFinishInflate","externalAPI":[]},{"androidAPIS":[],"javaAPIS":[],"unknownAPIS":[],"methodName":"onCreateView","externalAPI":[]},{"androidAPIS":[],"javaAPIS":[],"unknownAPIS":[],"methodName":"onCreateView","externalAPI":[]},{"androidAPIS":[],"javaAPIS":[],"unknownAPIS":[],"methodName":"bindView","externalAPI":[]},{"androidAPIS":[],"javaAPIS":[],"unknownAPIS":[],"methodName":"setDisplayedChildId","externalAPI":[]},{"androidAPIS":[],"javaAPIS":[],"unknownAPIS":[],"methodName":"NavigationDrawerItemView","externalAPI":[]},{"androidAPIS":[],"javaAPIS":[],"unknownAPIS":[],"methodName":"getItemIcon","externalAPI":[]},{"androidAPIS":[],"javaAPIS":[],"unknownAPIS":[],"methodName":"onSaveInstanceState","externalAPI":[]},{"androidAPIS":[],"javaAPIS":[],"unknownAPIS":[],"methodName":"onCreateView","externalAPI":[]},{"androidAPIS":[],"javaAPIS":[],"unknownAPIS":[],"methodName":"onSaveInstanceState","externalAPI":[]},{"androidAPIS":[],"javaAPIS":[],"unknownAPIS":[],"methodName":"onSaveInstanceState","externalAPI":[]},{"androidAPIS":[],"javaAPIS":[],"unknownAPIS":[],"methodName":"getItemIcon","externalAPI":[]},{"androidAPIS":[],"javaAPIS":[],"unknownAPIS":[],"methodName":"getItemIcon","externalAPI":[]},{"androidAPIS":[],"javaAPIS":[],"unknownAPIS":[],"methodName":"onSaveInstanceState","externalAPI":[]},{"androidAPIS":[],"javaAPIS":[],"unknownAPIS":[],"methodName":"BindableAdapter","externalAPI":[]},{"androidAPIS":[],"javaAPIS":[],"unknownAPIS":[],"methodName":"NavigationDrawerItemView","externalAPI":[]},{"androidAPIS":[],"javaAPIS":[],"unknownAPIS":[],"methodName":"getItemIcon","externalAPI":[]},{"androidAPIS":[],"javaAPIS":[],"unknownAPIS":[],"methodName":"NavigationDrawerItemView","externalAPI":[]},{"androidAPIS":[],"javaAPIS":[],"unknownAPIS":[],"methodName":"getItemIcon","externalAPI":[]},{"androidAPIS":[],"javaAPIS":[],"unknownAPIS":[],"methodName":"onCreateView","externalAPI":[]},{"androidAPIS":[],"javaAPIS":[],"unknownAPIS":[],"methodName":"setSpans","externalAPI":[]},{"androidAPIS":[],"javaAPIS":[],"unknownAPIS":[],"methodName":"bindView","externalAPI":[]},{"androidAPIS":[],"javaAPIS":[],"unknownAPIS":[],"methodName":"onSaveInstanceState","externalAPI":[]}]