{"project_apps":[{"app_build_type":null,"app_project":"014c0791-3e1b-4729-8e37-07905c9e5a8f","app_classes":[{"class_vars":[],"class_is_interface":false,"class_superclass":"Activity","class_id":"014c0791-3e1b-4729-8e37-07905c9e5a8f#demo.apprate.enrique.com.appratedemo.AppRateDemo","class_app":"014c0791-3e1b-4729-8e37-07905c9e5a8f#demo.apprate.enrique.com.appratedemo","class_package":"demo.apprate.enrique.com.appratedemo","class_imports":[{"import_name":"com.enrique.apprater.name","import_class":"014c0791-3e1b-4729-8e37-07905c9e5a8f#demo.apprate.enrique.com.appratedemo.AppRateDemo"},{"import_name":"android.os.name","import_class":"014c0791-3e1b-4729-8e37-07905c9e5a8f#demo.apprate.enrique.com.appratedemo.AppRateDemo"},{"import_name":"android.app.name","import_class":"014c0791-3e1b-4729-8e37-07905c9e5a8f#demo.apprate.enrique.com.appratedemo.AppRateDemo"}],"class_implemented_ifaces":"","class_acc_modifier":"public","class_non_acc_mod":"","class_name":"AppRateDemo","class_methods":[{"method_declared_vars":[],"method_name":"onCreate","method_acc_modifier":"protected","method_id":"demo.apprate.enrique.com.appratedemo.AppRateDemo.onCreate(#Bundle)","method_metrics":[{"mm_value":2,"mm_metric":"loc","mm_method":"demo.apprate.enrique.com.appratedemo.AppRateDemo.onCreate(#Bundle)","mm_value_text":""},{"mm_value":1,"mm_metric":"cc","mm_method":"demo.apprate.enrique.com.appratedemo.AppRateDemo.onCreate(#Bundle)","mm_value_text":""},{"mm_value":1,"mm_metric":"nr_args","mm_method":"demo.apprate.enrique.com.appratedemo.AppRateDemo.onCreate(#Bundle)","mm_value_text":""},{"mm_value":0,"mm_metric":"externalapi","mm_method":"demo.apprate.enrique.com.appratedemo.AppRateDemo.onCreate(#Bundle)","mm_value_text":"API: new  AppRater(this)|method: setMinDays|()"},{"mm_value":0,"mm_metric":"externalapi","mm_method":"demo.apprate.enrique.com.appratedemo.AppRateDemo.onCreate(#Bundle)","mm_value_text":"API: new  AppRater(this).setMinDays(0).setMinLaunches(0).setAppTitle(\"My Title\")|method: init|()"},{"mm_value":0,"mm_metric":"externalapi","mm_method":"demo.apprate.enrique.com.appratedemo.AppRateDemo.onCreate(#Bundle)","mm_value_text":"API: new  AppRater(this).setMinDays(0)|method: setMinLaunches|()"},{"mm_value":0,"mm_metric":"externalapi","mm_method":"demo.apprate.enrique.com.appratedemo.AppRateDemo.onCreate(#Bundle)","mm_value_text":"API: com.enrique.apprater.AppRater|method: null|()"},{"mm_value":0,"mm_metric":"externalapi","mm_method":"demo.apprate.enrique.com.appratedemo.AppRateDemo.onCreate(#Bundle)","mm_value_text":"API: new  AppRater(this)|method: new  AppRater(this).setMinDays(0).setMinLaunches(0)|()"},{"mm_value":0,"mm_metric":"externalapi","mm_method":"demo.apprate.enrique.com.appratedemo.AppRateDemo.onCreate(#Bundle)","mm_value_text":"API: new  AppRater(this).setMinDays(0).setMinLaunches(0)|method: setAppTitle|()"},{"mm_value":0,"mm_metric":"externalapi","mm_method":"demo.apprate.enrique.com.appratedemo.AppRateDemo.onCreate(#Bundle)","mm_value_text":"API: new  AppRater(this)|method: new  AppRater(this)|()"},{"mm_value":0,"mm_metric":"externalapi","mm_method":"demo.apprate.enrique.com.appratedemo.AppRateDemo.onCreate(#Bundle)","mm_value_text":"API: new  AppRater(this)|method: new  AppRater(this).setMinDays(0)|()"},{"mm_value":0,"mm_metric":"externalapi","mm_method":"demo.apprate.enrique.com.appratedemo.AppRateDemo.onCreate(#Bundle)","mm_value_text":"API: new  AppRater(this)|method: new  AppRater(this).setMinDays(0).setMinLaunches(0).setAppTitle(\"My Title\")|()"},{"mm_value":0,"mm_metric":"androidapi","mm_method":"demo.apprate.enrique.com.appratedemo.AppRateDemo.onCreate(#Bundle)","mm_value_text":"API: android.os.Bundle|method: null|()"},{"mm_value":0,"mm_metric":"androidapi","mm_method":"demo.apprate.enrique.com.appratedemo.AppRateDemo.onCreate(#Bundle)","mm_value_text":"API: android.app.Activity|method: super|()"},{"mm_value":0,"mm_metric":"androidapi","mm_method":"demo.apprate.enrique.com.appratedemo.AppRateDemo.onCreate(#Bundle)","mm_value_text":"API: android.app.Activity|method: onCreate|()"},{"mm_value":0,"mm_metric":"androidapi","mm_method":"demo.apprate.enrique.com.appratedemo.AppRateDemo.onCreate(#Bundle)","mm_value_text":"API: android.app.Activity|method: null|()"}],"method_non_acc_mod":"","method_args":"Bundle#","method_class":"014c0791-3e1b-4729-8e37-07905c9e5a8f#demo.apprate.enrique.com.appratedemo.AppRateDemo"}]},{"class_vars":[{"var_type":"String","var_isTransient":false,"var_isVolatile":false,"var_isFinal":false,"var_array":false,"var_isStatic":false},{"var_type":"int","var_isTransient":false,"var_isVolatile":false,"var_isFinal":false,"var_array":false,"var_isStatic":false},{"var_type":"String","var_isTransient":false,"var_isVolatile":false,"var_isFinal":false,"var_array":false,"var_isStatic":false},{"var_type":"String","var_isTransient":false,"var_isVolatile":false,"var_isFinal":false,"var_array":false,"var_isStatic":false},{"var_type":"String","var_isTransient":false,"var_isVolatile":false,"var_isFinal":false,"var_array":false,"var_isStatic":false},{"var_type":"String","var_isTransient":false,"var_isVolatile":false,"var_isFinal":false,"var_array":false,"var_isStatic":false},{"var_type":"Context","var_isTransient":false,"var_isVolatile":false,"var_isFinal":false,"var_array":false,"var_isStatic":false},{"var_type":"int","var_isTransient":false,"var_isVolatile":false,"var_isFinal":false,"var_array":false,"var_isStatic":false},{"var_type":"String","var_isTransient":false,"var_isVolatile":false,"var_isFinal":false,"var_array":false,"var_isStatic":false}],"class_is_interface":false,"class_superclass":null,"class_id":"014c0791-3e1b-4729-8e37-07905c9e5a8f#com.enrique.apprater.AppRater","class_app":"014c0791-3e1b-4729-8e37-07905c9e5a8f#demo.apprate.enrique.com.appratedemo","class_package":"com.enrique.apprater","class_imports":[{"import_name":"android.content.name","import_class":"014c0791-3e1b-4729-8e37-07905c9e5a8f#com.enrique.apprater.AppRater"},{"import_name":"android.content.name","import_class":"014c0791-3e1b-4729-8e37-07905c9e5a8f#com.enrique.apprater.AppRater"},{"import_name":"android.net.name","import_class":"014c0791-3e1b-4729-8e37-07905c9e5a8f#com.enrique.apprater.AppRater"},{"import_name":"com.enrique.mymodule.app.name","import_class":"014c0791-3e1b-4729-8e37-07905c9e5a8f#com.enrique.apprater.AppRater"},{"import_name":"android.content.name","import_class":"014c0791-3e1b-4729-8e37-07905c9e5a8f#com.enrique.apprater.AppRater"},{"import_name":"android.content.name","import_class":"014c0791-3e1b-4729-8e37-07905c9e5a8f#com.enrique.apprater.AppRater"},{"import_name":"android.app.name","import_class":"014c0791-3e1b-4729-8e37-07905c9e5a8f#com.enrique.apprater.AppRater"}],"class_implemented_ifaces":"","class_acc_modifier":"private","class_non_acc_mod":"","class_name":"AppRater","class_methods":[{"method_declared_vars":[{"var_type":"SharedPreferences.Editor","var_array":false,"var_name":"editor"},{"var_type":"long","var_array":false,"var_name":"launch_count"},{"var_type":"Long","var_array":false,"var_name":"date_firstLaunch"},{"var_type":"SharedPreferences","var_array":false,"var_name":"prefs"}],"method_name":"init","method_acc_modifier":"public","method_id":"com.enrique.apprater.AppRater.init()","method_metrics":[{"mm_value":19,"mm_metric":"loc","mm_method":"com.enrique.apprater.AppRater.init()","mm_value_text":""},{"mm_value":6,"mm_metric":"cc","mm_method":"com.enrique.apprater.AppRater.init()","mm_value_text":""},{"mm_value":0,"mm_metric":"nr_args","mm_method":"com.enrique.apprater.AppRater.init()","mm_value_text":""},{"mm_value":0,"mm_metric":"externalapi","mm_method":"com.enrique.apprater.AppRater.init()","mm_value_text":"API: SharedPreferences.Editor|method: commit|()"},{"mm_value":0,"mm_metric":"externalapi","mm_method":"com.enrique.apprater.AppRater.init()","mm_value_text":"API: SharedPreferences.Editor|method: putLong|()"},{"mm_value":0,"mm_metric":"externalapi","mm_method":"com.enrique.apprater.AppRater.init()","mm_value_text":"API: SharedPreferences.Editor|method: null|()"},{"mm_value":0,"mm_metric":"externalapi","mm_method":"com.enrique.apprater.AppRater.init()","mm_value_text":"API: SharedPreferences.Editor|method: editor|()"},{"mm_value":0,"mm_metric":"androidapi","mm_method":"com.enrique.apprater.AppRater.init()","mm_value_text":"API: android.content.Context|method: null|()"},{"mm_value":0,"mm_metric":"androidapi","mm_method":"com.enrique.apprater.AppRater.init()","mm_value_text":"API: android.content.SharedPreferences|method: edit|()"},{"mm_value":0,"mm_metric":"androidapi","mm_method":"com.enrique.apprater.AppRater.init()","mm_value_text":"API: android.content.SharedPreferences|method: null|()"},{"mm_value":0,"mm_metric":"androidapi","mm_method":"com.enrique.apprater.AppRater.init()","mm_value_text":"API: android.content.SharedPreferences|method: prefs|()"},{"mm_value":0,"mm_metric":"androidapi","mm_method":"com.enrique.apprater.AppRater.init()","mm_value_text":"API: android.content.Context|method: mContext|()"},{"mm_value":0,"mm_metric":"androidapi","mm_method":"com.enrique.apprater.AppRater.init()","mm_value_text":"API: android.content.Context|method: getSharedPreferences|()"},{"mm_value":0,"mm_metric":"androidapi","mm_method":"com.enrique.apprater.AppRater.init()","mm_value_text":"API: android.content.SharedPreferences|method: getLong|()"},{"mm_value":0,"mm_metric":"javaapi","mm_method":"com.enrique.apprater.AppRater.init()","mm_value_text":"API: System|method: currentTimeMillis|()"},{"mm_value":0,"mm_metric":"javaapi","mm_method":"com.enrique.apprater.AppRater.init()","mm_value_text":"API: Long|method: null|()"},{"mm_value":0,"mm_metric":"javaapi","mm_method":"com.enrique.apprater.AppRater.init()","mm_value_text":"API: String|method: null|()"},{"mm_value":0,"mm_metric":"javaapi","mm_method":"com.enrique.apprater.AppRater.init()","mm_value_text":"API: System|method: System|()"},{"mm_value":0,"mm_metric":"javaapi","mm_method":"com.enrique.apprater.AppRater.init()","mm_value_text":"API: System|method: null|()"}],"method_non_acc_mod":"","method_args":"","method_class":"014c0791-3e1b-4729-8e37-07905c9e5a8f#com.enrique.apprater.AppRater"},{"method_declared_vars":[],"method_name":"setMinDays","method_acc_modifier":"public","method_id":"com.enrique.apprater.AppRater.setMinDays(#int)","method_metrics":[{"mm_value":2,"mm_metric":"loc","mm_method":"com.enrique.apprater.AppRater.setMinDays(#int)","mm_value_text":""},{"mm_value":1,"mm_metric":"cc","mm_method":"com.enrique.apprater.AppRater.setMinDays(#int)","mm_value_text":""},{"mm_value":1,"mm_metric":"nr_args","mm_method":"com.enrique.apprater.AppRater.setMinDays(#int)","mm_value_text":""}],"method_non_acc_mod":"","method_args":"int#","method_class":"014c0791-3e1b-4729-8e37-07905c9e5a8f#com.enrique.apprater.AppRater"},{"method_declared_vars":[],"method_name":"AppRater","method_acc_modifier":"public","method_id":"com.enrique.apprater.AppRater.AppRater()","method_metrics":[{"mm_value":2,"mm_metric":"loc","mm_method":"com.enrique.apprater.AppRater.AppRater()","mm_value_text":""},{"mm_value":1,"mm_metric":"cc","mm_method":"com.enrique.apprater.AppRater.AppRater()","mm_value_text":""},{"mm_value":0,"mm_metric":"nr_args","mm_method":"com.enrique.apprater.AppRater.AppRater()","mm_value_text":""},{"mm_value":0,"mm_metric":"externalapi","mm_method":"com.enrique.apprater.AppRater.AppRater()","mm_value_text":"API: context|method: context|()"},{"mm_value":0,"mm_metric":"externalapi","mm_method":"com.enrique.apprater.AppRater.AppRater()","mm_value_text":"API: context|method: getPackageName|()"},{"mm_value":0,"mm_metric":"externalapi","mm_method":"com.enrique.apprater.AppRater.AppRater()","mm_value_text":"API: this|method: null|()"},{"mm_value":0,"mm_metric":"externalapi","mm_method":"com.enrique.apprater.AppRater.AppRater()","mm_value_text":"API: context|method: null|()"}],"method_non_acc_mod":"","method_args":"","method_class":"014c0791-3e1b-4729-8e37-07905c9e5a8f#com.enrique.apprater.AppRater"},{"method_declared_vars":[{"var_type":"AlertDialog","var_array":false,"var_name":"dialog"},{"var_type":"AlertDialog.Builder","var_array":false,"var_name":"builder"}],"method_name":"showRateDialog","method_acc_modifier":"public","method_id":"com.enrique.apprater.AppRater.showRateDialog(#SharedPreferences.Editor#Context)","method_metrics":[{"mm_value":29,"mm_metric":"loc","mm_method":"com.enrique.apprater.AppRater.showRateDialog(#SharedPreferences.Editor#Context)","mm_value_text":""},{"mm_value":1,"mm_metric":"cc","mm_method":"com.enrique.apprater.AppRater.showRateDialog(#SharedPreferences.Editor#Context)","mm_value_text":""},{"mm_value":2,"mm_metric":"nr_args","mm_method":"com.enrique.apprater.AppRater.showRateDialog(#SharedPreferences.Editor#Context)","mm_value_text":""},{"mm_value":0,"mm_metric":"externalapi","mm_method":"com.enrique.apprater.AppRater.showRateDialog(#SharedPreferences.Editor#Context)","mm_value_text":"API: AlertDialog.Builder|method: builder|()"},{"mm_value":0,"mm_metric":"externalapi","mm_method":"com.enrique.apprater.AppRater.showRateDialog(#SharedPreferences.Editor#Context)","mm_value_text":"API: AlertDialog.Builder|method: create|()"},{"mm_value":0,"mm_metric":"externalapi","mm_method":"com.enrique.apprater.AppRater.showRateDialog(#SharedPreferences.Editor#Context)","mm_value_text":"API: AlertDialog.Builder|method: setPositiveButton|()"},{"mm_value":0,"mm_metric":"externalapi","mm_method":"com.enrique.apprater.AppRater.showRateDialog(#SharedPreferences.Editor#Context)","mm_value_text":"API: AlertDialog.Builder|method: setMessage|()"},{"mm_value":0,"mm_metric":"externalapi","mm_method":"com.enrique.apprater.AppRater.showRateDialog(#SharedPreferences.Editor#Context)","mm_value_text":"API: Builder|method: null|()"},{"mm_value":0,"mm_metric":"externalapi","mm_method":"com.enrique.apprater.AppRater.showRateDialog(#SharedPreferences.Editor#Context)","mm_value_text":"API: AlertDialog.Builder|method: null|()"},{"mm_value":0,"mm_metric":"externalapi","mm_method":"com.enrique.apprater.AppRater.showRateDialog(#SharedPreferences.Editor#Context)","mm_value_text":"API: mContext.getResources()|method: getString|()"},{"mm_value":0,"mm_metric":"externalapi","mm_method":"com.enrique.apprater.AppRater.showRateDialog(#SharedPreferences.Editor#Context)","mm_value_text":"API: R.string|method: null|()"},{"mm_value":0,"mm_metric":"externalapi","mm_method":"com.enrique.apprater.AppRater.showRateDialog(#SharedPreferences.Editor#Context)","mm_value_text":"API: OnClickListener|method: null|()"},{"mm_value":0,"mm_metric":"externalapi","mm_method":"com.enrique.apprater.AppRater.showRateDialog(#SharedPreferences.Editor#Context)","mm_value_text":"API: AlertDialog.Builder|method: setNeutralButton|()"},{"mm_value":0,"mm_metric":"externalapi","mm_method":"com.enrique.apprater.AppRater.showRateDialog(#SharedPreferences.Editor#Context)","mm_value_text":"API: AlertDialog.Builder|method: setNegativeButton|()"},{"mm_value":0,"mm_metric":"externalapi","mm_method":"com.enrique.apprater.AppRater.showRateDialog(#SharedPreferences.Editor#Context)","mm_value_text":"API: AlertDialog.Builder|method: setTitle|()"},{"mm_value":0,"mm_metric":"androidapi","mm_method":"com.enrique.apprater.AppRater.showRateDialog(#SharedPreferences.Editor#Context)","mm_value_text":"API: android.app.AlertDialog|method: null|()"},{"mm_value":0,"mm_metric":"androidapi","mm_method":"com.enrique.apprater.AppRater.showRateDialog(#SharedPreferences.Editor#Context)","mm_value_text":"API: android.content.Context|method: null|()"},{"mm_value":0,"mm_metric":"androidapi","mm_method":"com.enrique.apprater.AppRater.showRateDialog(#SharedPreferences.Editor#Context)","mm_value_text":"API: android.app.AlertDialog|method: dialog|()"},{"mm_value":0,"mm_metric":"androidapi","mm_method":"com.enrique.apprater.AppRater.showRateDialog(#SharedPreferences.Editor#Context)","mm_value_text":"API: android.content.Context|method: getString|()"},{"mm_value":0,"mm_metric":"androidapi","mm_method":"com.enrique.apprater.AppRater.showRateDialog(#SharedPreferences.Editor#Context)","mm_value_text":"API: android.content.Context|method: mContext|()"},{"mm_value":0,"mm_metric":"androidapi","mm_method":"com.enrique.apprater.AppRater.showRateDialog(#SharedPreferences.Editor#Context)","mm_value_text":"API: android.app.AlertDialog|method: show|()"},{"mm_value":0,"mm_metric":"androidapi","mm_method":"com.enrique.apprater.AppRater.showRateDialog(#SharedPreferences.Editor#Context)","mm_value_text":"API: android.content.Context|method: mContext.getResources()|()"},{"mm_value":0,"mm_metric":"androidapi","mm_method":"com.enrique.apprater.AppRater.showRateDialog(#SharedPreferences.Editor#Context)","mm_value_text":"API: android.content.Context|method: getResources|()"},{"mm_value":0,"mm_metric":"javaapi","mm_method":"com.enrique.apprater.AppRater.showRateDialog(#SharedPreferences.Editor#Context)","mm_value_text":"API: String|method: null|()"}],"method_non_acc_mod":"","method_args":"SharedPreferences.Editor#Context#","method_class":"014c0791-3e1b-4729-8e37-07905c9e5a8f#com.enrique.apprater.AppRater"},{"method_declared_vars":[],"method_name":"setAppTitle","method_acc_modifier":"public","method_id":"com.enrique.apprater.AppRater.setAppTitle(#String)","method_metrics":[{"mm_value":2,"mm_metric":"loc","mm_method":"com.enrique.apprater.AppRater.setAppTitle(#String)","mm_value_text":""},{"mm_value":1,"mm_metric":"cc","mm_method":"com.enrique.apprater.AppRater.setAppTitle(#String)","mm_value_text":""},{"mm_value":1,"mm_metric":"nr_args","mm_method":"com.enrique.apprater.AppRater.setAppTitle(#String)","mm_value_text":""},{"mm_value":0,"mm_metric":"javaapi","mm_method":"com.enrique.apprater.AppRater.setAppTitle(#String)","mm_value_text":"API: String|method: null|()"}],"method_non_acc_mod":"","method_args":"String#","method_class":"014c0791-3e1b-4729-8e37-07905c9e5a8f#com.enrique.apprater.AppRater"},{"method_declared_vars":[],"method_name":"setMinLaunches","method_acc_modifier":"public","method_id":"com.enrique.apprater.AppRater.setMinLaunches(#int)","method_metrics":[{"mm_value":2,"mm_metric":"loc","mm_method":"com.enrique.apprater.AppRater.setMinLaunches(#int)","mm_value_text":""},{"mm_value":1,"mm_metric":"cc","mm_method":"com.enrique.apprater.AppRater.setMinLaunches(#int)","mm_value_text":""},{"mm_value":1,"mm_metric":"nr_args","mm_method":"com.enrique.apprater.AppRater.setMinLaunches(#int)","mm_value_text":""}],"method_non_acc_mod":"","method_args":"int#","method_class":"014c0791-3e1b-4729-8e37-07905c9e5a8f#com.enrique.apprater.AppRater"}]}],"app_version":0.0,"app_location":"\/Users\/ruirua\/Documents\/Tese\/resultados\/relevantApps\/014c0791-3e1b-4729-8e37-07905c9e5a8f\/","app_flavor":null,"app_permissions":[],"app_id":"014c0791-3e1b-4729-8e37-07905c9e5a8f#demo.apprate.enrique.com.appratedemo","app_description":null}],"project_description":"","project_id":"014c0791-3e1b-4729-8e37-07905c9e5a8f","project_packages":[{"package":"com.enrique.apprater"},{"package":"demo.apprate.enrique.com.appratedemo"}],"project_build_tool":"gradle"}