{"project_apps":[{"app_build_type":null,"app_project":"0984fc1b-cb37-49b3-be5c-f6e56709568e","app_classes":[{"class_vars":[],"class_is_interface":false,"class_superclass":"BroadcastReceiver","class_id":"0984fc1b-cb37-49b3-be5c-f6e56709568e#org.segin.ttleditor.BootReceiver","class_app":"0984fc1b-cb37-49b3-be5c-f6e56709568e#org.segin.ttleditor","class_package":"org.segin.ttleditor","class_imports":[{"import_name":"android.content.name","import_class":"0984fc1b-cb37-49b3-be5c-f6e56709568e#org.segin.ttleditor.BootReceiver"},{"import_name":"android.content.name","import_class":"0984fc1b-cb37-49b3-be5c-f6e56709568e#org.segin.ttleditor.BootReceiver"},{"import_name":"android.content.name","import_class":"0984fc1b-cb37-49b3-be5c-f6e56709568e#org.segin.ttleditor.BootReceiver"}],"class_implemented_ifaces":"","class_acc_modifier":"public","class_non_acc_mod":"","class_name":"BootReceiver","class_methods":[{"method_declared_vars":[{"var_type":"Intent","var_array":false,"var_name":"serviceIntent"}],"method_name":"onReceive","method_acc_modifier":"public","method_id":"org.segin.ttleditor.BootReceiver.onReceive(#Context#Intent)","method_metrics":[{"mm_value":4,"mm_metric":"loc","mm_method":"org.segin.ttleditor.BootReceiver.onReceive(#Context#Intent)","mm_value_text":""},{"mm_value":2,"mm_metric":"cc","mm_method":"org.segin.ttleditor.BootReceiver.onReceive(#Context#Intent)","mm_value_text":""},{"mm_value":2,"mm_metric":"nr_args","mm_method":"org.segin.ttleditor.BootReceiver.onReceive(#Context#Intent)","mm_value_text":""},{"mm_value":0,"mm_metric":"androidapi","mm_method":"org.segin.ttleditor.BootReceiver.onReceive(#Context#Intent)","mm_value_text":"API: android.content.Context|method: null|()"},{"mm_value":0,"mm_metric":"androidapi","mm_method":"org.segin.ttleditor.BootReceiver.onReceive(#Context#Intent)","mm_value_text":"API: android.content.Context|method: startService|()"},{"mm_value":0,"mm_metric":"androidapi","mm_method":"org.segin.ttleditor.BootReceiver.onReceive(#Context#Intent)","mm_value_text":"API: android.content.Context|method: context|()"},{"mm_value":0,"mm_metric":"androidapi","mm_method":"org.segin.ttleditor.BootReceiver.onReceive(#Context#Intent)","mm_value_text":"API: android.content.Intent|method: null|()"}],"method_non_acc_mod":"","method_args":"Context#Intent#","method_class":"0984fc1b-cb37-49b3-be5c-f6e56709568e#org.segin.ttleditor.BootReceiver"}]},{"class_vars":[{"var_type":"Resources","var_isTransient":false,"var_isVolatile":false,"var_isFinal":false,"var_array":false,"var_isStatic":false},{"var_type":"String","var_isTransient":false,"var_isVolatile":false,"var_isFinal":false,"var_array":false,"var_isStatic":false},{"var_type":"CheckBox","var_isTransient":false,"var_isVolatile":false,"var_isFinal":false,"var_array":false,"var_isStatic":false},{"var_type":"TextView","var_isTransient":false,"var_isVolatile":false,"var_isFinal":false,"var_array":false,"var_isStatic":false},{"var_type":"Button","var_isTransient":false,"var_isVolatile":false,"var_isFinal":false,"var_array":false,"var_isStatic":false},{"var_type":"TextView","var_isTransient":false,"var_isVolatile":false,"var_isFinal":false,"var_array":false,"var_isStatic":false},{"var_type":"Spinner","var_isTransient":false,"var_isVolatile":false,"var_isFinal":false,"var_array":false,"var_isStatic":false}],"class_is_interface":false,"class_superclass":"Activity","class_id":"0984fc1b-cb37-49b3-be5c-f6e56709568e#org.segin.ttleditor.TTLEditor","class_app":"0984fc1b-cb37-49b3-be5c-f6e56709568e#org.segin.ttleditor","class_package":"org.segin.ttleditor","class_imports":[{"import_name":"android.view.name","import_class":"0984fc1b-cb37-49b3-be5c-f6e56709568e#org.segin.ttleditor.TTLEditor"},{"import_name":"android.content.name","import_class":"0984fc1b-cb37-49b3-be5c-f6e56709568e#org.segin.ttleditor.TTLEditor"},{"import_name":"java.util.name","import_class":"0984fc1b-cb37-49b3-be5c-f6e56709568e#org.segin.ttleditor.TTLEditor"},{"import_name":"android.widget.name","import_class":"0984fc1b-cb37-49b3-be5c-f6e56709568e#org.segin.ttleditor.TTLEditor"},{"import_name":"java.util.name","import_class":"0984fc1b-cb37-49b3-be5c-f6e56709568e#org.segin.ttleditor.TTLEditor"},{"import_name":"android.view.name","import_class":"0984fc1b-cb37-49b3-be5c-f6e56709568e#org.segin.ttleditor.TTLEditor"},{"import_name":"android.view.View.name","import_class":"0984fc1b-cb37-49b3-be5c-f6e56709568e#org.segin.ttleditor.TTLEditor"},{"import_name":"android.app.name","import_class":"0984fc1b-cb37-49b3-be5c-f6e56709568e#org.segin.ttleditor.TTLEditor"},{"import_name":"android.view.name","import_class":"0984fc1b-cb37-49b3-be5c-f6e56709568e#org.segin.ttleditor.TTLEditor"},{"import_name":"java.net.name","import_class":"0984fc1b-cb37-49b3-be5c-f6e56709568e#org.segin.ttleditor.TTLEditor"},{"import_name":"android.util.name","import_class":"0984fc1b-cb37-49b3-be5c-f6e56709568e#org.segin.ttleditor.TTLEditor"},{"import_name":"java.net.name","import_class":"0984fc1b-cb37-49b3-be5c-f6e56709568e#org.segin.ttleditor.TTLEditor"},{"import_name":"android.app.name","import_class":"0984fc1b-cb37-49b3-be5c-f6e56709568e#org.segin.ttleditor.TTLEditor"},{"import_name":"android.content.name","import_class":"0984fc1b-cb37-49b3-be5c-f6e56709568e#org.segin.ttleditor.TTLEditor"},{"import_name":"com.stericson.name","import_class":"0984fc1b-cb37-49b3-be5c-f6e56709568e#org.segin.ttleditor.TTLEditor"},{"import_name":"android.widget.name","import_class":"0984fc1b-cb37-49b3-be5c-f6e56709568e#org.segin.ttleditor.TTLEditor"},{"import_name":"android.os.name","import_class":"0984fc1b-cb37-49b3-be5c-f6e56709568e#org.segin.ttleditor.TTLEditor"},{"import_name":"java.util.name","import_class":"0984fc1b-cb37-49b3-be5c-f6e56709568e#org.segin.ttleditor.TTLEditor"},{"import_name":"android.content.res.name","import_class":"0984fc1b-cb37-49b3-be5c-f6e56709568e#org.segin.ttleditor.TTLEditor"},{"import_name":"android.content.name","import_class":"0984fc1b-cb37-49b3-be5c-f6e56709568e#org.segin.ttleditor.TTLEditor"},{"import_name":"java.net.name","import_class":"0984fc1b-cb37-49b3-be5c-f6e56709568e#org.segin.ttleditor.TTLEditor"},{"import_name":"android.widget.name","import_class":"0984fc1b-cb37-49b3-be5c-f6e56709568e#org.segin.ttleditor.TTLEditor"},{"import_name":"android.content.name","import_class":"0984fc1b-cb37-49b3-be5c-f6e56709568e#org.segin.ttleditor.TTLEditor"},{"import_name":"android.widget.name","import_class":"0984fc1b-cb37-49b3-be5c-f6e56709568e#org.segin.ttleditor.TTLEditor"},{"import_name":"java.util.name","import_class":"0984fc1b-cb37-49b3-be5c-f6e56709568e#org.segin.ttleditor.TTLEditor"},{"import_name":"android.widget.name","import_class":"0984fc1b-cb37-49b3-be5c-f6e56709568e#org.segin.ttleditor.TTLEditor"},{"import_name":"android.widget.name","import_class":"0984fc1b-cb37-49b3-be5c-f6e56709568e#org.segin.ttleditor.TTLEditor"},{"import_name":"android.preference.name","import_class":"0984fc1b-cb37-49b3-be5c-f6e56709568e#org.segin.ttleditor.TTLEditor"},{"import_name":"android.widget.name","import_class":"0984fc1b-cb37-49b3-be5c-f6e56709568e#org.segin.ttleditor.TTLEditor"},{"import_name":"android.text.method.name","import_class":"0984fc1b-cb37-49b3-be5c-f6e56709568e#org.segin.ttleditor.TTLEditor"},{"import_name":"java.io.name","import_class":"0984fc1b-cb37-49b3-be5c-f6e56709568e#org.segin.ttleditor.TTLEditor"},{"import_name":"android.widget.name","import_class":"0984fc1b-cb37-49b3-be5c-f6e56709568e#org.segin.ttleditor.TTLEditor"}],"class_implemented_ifaces":"","class_acc_modifier":"private","class_non_acc_mod":"","class_name":"TTLEditor","class_methods":[{"method_declared_vars":[{"var_type":"AlertDialog.Builder","var_array":false,"var_name":"alertDialogBuilder"},{"var_type":"AlertDialog","var_array":false,"var_name":"alertDialog"}],"method_name":"onCreate","method_acc_modifier":"protected","method_id":"org.segin.ttleditor.TTLEditor.onCreate(#Bundle)","method_metrics":[{"mm_value":33,"mm_metric":"loc","mm_method":"org.segin.ttleditor.TTLEditor.onCreate(#Bundle)","mm_value_text":""},{"mm_value":5,"mm_metric":"cc","mm_method":"org.segin.ttleditor.TTLEditor.onCreate(#Bundle)","mm_value_text":""},{"mm_value":1,"mm_metric":"nr_args","mm_method":"org.segin.ttleditor.TTLEditor.onCreate(#Bundle)","mm_value_text":""},{"mm_value":0,"mm_metric":"externalapi","mm_method":"org.segin.ttleditor.TTLEditor.onCreate(#Bundle)","mm_value_text":"API: android.R.string|method: null|()"},{"mm_value":0,"mm_metric":"externalapi","mm_method":"org.segin.ttleditor.TTLEditor.onCreate(#Bundle)","mm_value_text":"API: AlertDialog.Builder|method: alertDialogBuilder.setMessage(getString(R.string.rootalert_text))|()"},{"mm_value":0,"mm_metric":"externalapi","mm_method":"org.segin.ttleditor.TTLEditor.onCreate(#Bundle)","mm_value_text":"API: alertDialogBuilder.setMessage(getString(R.string.rootalert_text))|method: setCancelable|()"},{"mm_value":0,"mm_metric":"externalapi","mm_method":"org.segin.ttleditor.TTLEditor.onCreate(#Bundle)","mm_value_text":"API: Builder|method: null|()"},{"mm_value":0,"mm_metric":"externalapi","mm_method":"org.segin.ttleditor.TTLEditor.onCreate(#Bundle)","mm_value_text":"API: AlertDialog.Builder|method: null|()"},{"mm_value":0,"mm_metric":"externalapi","mm_method":"org.segin.ttleditor.TTLEditor.onCreate(#Bundle)","mm_value_text":"API: AlertDialog.Builder|method: alertDialogBuilder|()"},{"mm_value":0,"mm_metric":"externalapi","mm_method":"org.segin.ttleditor.TTLEditor.onCreate(#Bundle)","mm_value_text":"API: AlertDialog.Builder|method: create|()"},{"mm_value":0,"mm_metric":"externalapi","mm_method":"org.segin.ttleditor.TTLEditor.onCreate(#Bundle)","mm_value_text":"API: AlertDialog.Builder|method: setMessage|()"},{"mm_value":0,"mm_metric":"externalapi","mm_method":"org.segin.ttleditor.TTLEditor.onCreate(#Bundle)","mm_value_text":"API: alertDialogBuilder.setMessage(getString(R.string.rootalert_text)).setCancelable(true)|method: setNegativeButton|()"},{"mm_value":0,"mm_metric":"externalapi","mm_method":"org.segin.ttleditor.TTLEditor.onCreate(#Bundle)","mm_value_text":"API: AlertDialog.Builder|method: alertDialogBuilder.setMessage(getString(R.string.rootalert_text)).setCancelable(true)|()"},{"mm_value":0,"mm_metric":"externalapi","mm_method":"org.segin.ttleditor.TTLEditor.onCreate(#Bundle)","mm_value_text":"API: R.string|method: null|()"},{"mm_value":0,"mm_metric":"externalapi","mm_method":"org.segin.ttleditor.TTLEditor.onCreate(#Bundle)","mm_value_text":"API: R.layout|method: null|()"},{"mm_value":0,"mm_metric":"externalapi","mm_method":"org.segin.ttleditor.TTLEditor.onCreate(#Bundle)","mm_value_text":"API: AlertDialog.Builder|method: setTitle|()"},{"mm_value":0,"mm_metric":"androidapi","mm_method":"org.segin.ttleditor.TTLEditor.onCreate(#Bundle)","mm_value_text":"API: android.app.AlertDialog|method: null|()"},{"mm_value":0,"mm_metric":"androidapi","mm_method":"org.segin.ttleditor.TTLEditor.onCreate(#Bundle)","mm_value_text":"API: android.util.Log|method: Log|()"},{"mm_value":0,"mm_metric":"androidapi","mm_method":"org.segin.ttleditor.TTLEditor.onCreate(#Bundle)","mm_value_text":"API: android.os.Bundle|method: null|()"},{"mm_value":0,"mm_metric":"androidapi","mm_method":"org.segin.ttleditor.TTLEditor.onCreate(#Bundle)","mm_value_text":"API: android.app.Activity|method: super|()"},{"mm_value":0,"mm_metric":"androidapi","mm_method":"org.segin.ttleditor.TTLEditor.onCreate(#Bundle)","mm_value_text":"API: android.app.Activity|method: onCreate|()"},{"mm_value":0,"mm_metric":"androidapi","mm_method":"org.segin.ttleditor.TTLEditor.onCreate(#Bundle)","mm_value_text":"API: android.app.AlertDialog|method: show|()"},{"mm_value":0,"mm_metric":"androidapi","mm_method":"org.segin.ttleditor.TTLEditor.onCreate(#Bundle)","mm_value_text":"API: android.util.Log|method: i|()"},{"mm_value":0,"mm_metric":"androidapi","mm_method":"org.segin.ttleditor.TTLEditor.onCreate(#Bundle)","mm_value_text":"API: android.app.Activity|method: null|()"},{"mm_value":0,"mm_metric":"androidapi","mm_method":"org.segin.ttleditor.TTLEditor.onCreate(#Bundle)","mm_value_text":"API: android.util.Log|method: null|()"},{"mm_value":0,"mm_metric":"androidapi","mm_method":"org.segin.ttleditor.TTLEditor.onCreate(#Bundle)","mm_value_text":"API: android.app.AlertDialog|method: alertDialog|()"},{"mm_value":0,"mm_metric":"androidapi","mm_method":"org.segin.ttleditor.TTLEditor.onCreate(#Bundle)","mm_value_text":"API: android.view.View.OnClickListener|method: null|()"}],"method_non_acc_mod":"","method_args":"Bundle#","method_class":"0984fc1b-cb37-49b3-be5c-f6e56709568e#org.segin.ttleditor.TTLEditor"},{"method_declared_vars":[{"var_type":"EditText","var_array":false,"var_name":"newttl"},{"var_type":"String","var_array":false,"var_name":"cmdLine"},{"var_type":"String","var_array":false,"var_name":"ipv6_cmdLine"},{"var_type":"String","var_array":false,"var_name":"ttl"},{"var_type":"Process","var_array":false,"var_name":"ipv6_exec"},{"var_type":"Process","var_array":false,"var_name":"exec"}],"method_name":"changeTTL","method_acc_modifier":"private","method_id":"org.segin.ttleditor.TTLEditor.changeTTL()","method_metrics":[{"mm_value":27,"mm_metric":"loc","mm_method":"org.segin.ttleditor.TTLEditor.changeTTL()","mm_value_text":""},{"mm_value":3,"mm_metric":"cc","mm_method":"org.segin.ttleditor.TTLEditor.changeTTL()","mm_value_text":""},{"mm_value":0,"mm_metric":"nr_args","mm_method":"org.segin.ttleditor.TTLEditor.changeTTL()","mm_value_text":""},{"mm_value":0,"mm_metric":"externalapi","mm_method":"org.segin.ttleditor.TTLEditor.changeTTL()","mm_value_text":"API: R.id|method: null|()"},{"mm_value":0,"mm_metric":"externalapi","mm_method":"org.segin.ttleditor.TTLEditor.changeTTL()","mm_value_text":"API: spinner.getSelectedItem()|method: toString|()"},{"mm_value":0,"mm_metric":"externalapi","mm_method":"org.segin.ttleditor.TTLEditor.changeTTL()","mm_value_text":"API: newttl.getText()|method: toString|()"},{"mm_value":0,"mm_metric":"externalapi","mm_method":"org.segin.ttleditor.TTLEditor.changeTTL()","mm_value_text":"API: R.string|method: null|()"},{"mm_value":0,"mm_metric":"externalapi","mm_method":"org.segin.ttleditor.TTLEditor.changeTTL()","mm_value_text":"API: Process|method: null|()"},{"mm_value":0,"mm_metric":"androidapi","mm_method":"org.segin.ttleditor.TTLEditor.changeTTL()","mm_value_text":"API: android.content.res.Resources|method: getString|()"},{"mm_value":0,"mm_metric":"androidapi","mm_method":"org.segin.ttleditor.TTLEditor.changeTTL()","mm_value_text":"API: android.widget.EditText|method: newttl.getText()|()"},{"mm_value":0,"mm_metric":"androidapi","mm_method":"org.segin.ttleditor.TTLEditor.changeTTL()","mm_value_text":"API: android.widget.EditText|method: newttl|()"},{"mm_value":0,"mm_metric":"androidapi","mm_method":"org.segin.ttleditor.TTLEditor.changeTTL()","mm_value_text":"API: android.widget.EditText|method: getText|()"},{"mm_value":0,"mm_metric":"androidapi","mm_method":"org.segin.ttleditor.TTLEditor.changeTTL()","mm_value_text":"API: android.content.res.Resources|method: res|()"},{"mm_value":0,"mm_metric":"androidapi","mm_method":"org.segin.ttleditor.TTLEditor.changeTTL()","mm_value_text":"API: android.widget.Spinner|method: spinner.getSelectedItem()|()"},{"mm_value":0,"mm_metric":"androidapi","mm_method":"org.segin.ttleditor.TTLEditor.changeTTL()","mm_value_text":"API: android.widget.EditText|method: null|()"},{"mm_value":0,"mm_metric":"androidapi","mm_method":"org.segin.ttleditor.TTLEditor.changeTTL()","mm_value_text":"API: android.widget.Spinner|method: getSelectedItem|()"},{"mm_value":0,"mm_metric":"androidapi","mm_method":"org.segin.ttleditor.TTLEditor.changeTTL()","mm_value_text":"API: android.widget.Spinner|method: null|()"},{"mm_value":0,"mm_metric":"androidapi","mm_method":"org.segin.ttleditor.TTLEditor.changeTTL()","mm_value_text":"API: android.widget.Spinner|method: spinner|()"},{"mm_value":0,"mm_metric":"androidapi","mm_method":"org.segin.ttleditor.TTLEditor.changeTTL()","mm_value_text":"API: android.content.res.Resources|method: null|()"},{"mm_value":0,"mm_metric":"javaapi","mm_method":"org.segin.ttleditor.TTLEditor.changeTTL()","mm_value_text":"API: String|method: format|()"},{"mm_value":0,"mm_metric":"javaapi","mm_method":"org.segin.ttleditor.TTLEditor.changeTTL()","mm_value_text":"API: String|method: String|()"},{"mm_value":0,"mm_metric":"javaapi","mm_method":"org.segin.ttleditor.TTLEditor.changeTTL()","mm_value_text":"API: String|method: null|()"}],"method_non_acc_mod":"","method_args":"","method_class":"0984fc1b-cb37-49b3-be5c-f6e56709568e#org.segin.ttleditor.TTLEditor"},{"method_declared_vars":[{"var_type":"AlertDialog.Builder","var_array":false,"var_name":"alertDialogBuilder"},{"var_type":"AlertDialog","var_array":false,"var_name":"alertDialog"}],"method_name":"buildOfferBusyBoxDialog","method_acc_modifier":"private","method_id":"org.segin.ttleditor.TTLEditor.buildOfferBusyBoxDialog()","method_metrics":[{"mm_value":13,"mm_metric":"loc","mm_method":"org.segin.ttleditor.TTLEditor.buildOfferBusyBoxDialog()","mm_value_text":""},{"mm_value":1,"mm_metric":"cc","mm_method":"org.segin.ttleditor.TTLEditor.buildOfferBusyBoxDialog()","mm_value_text":""},{"mm_value":0,"mm_metric":"nr_args","mm_method":"org.segin.ttleditor.TTLEditor.buildOfferBusyBoxDialog()","mm_value_text":""},{"mm_value":0,"mm_metric":"externalapi","mm_method":"org.segin.ttleditor.TTLEditor.buildOfferBusyBoxDialog()","mm_value_text":"API: android.R.string|method: null|()"},{"mm_value":0,"mm_metric":"externalapi","mm_method":"org.segin.ttleditor.TTLEditor.buildOfferBusyBoxDialog()","mm_value_text":"API: alertDialogBuilder.setMessage(getString(R.string.offer_name))|method: setCancelable|()"},{"mm_value":0,"mm_metric":"externalapi","mm_method":"org.segin.ttleditor.TTLEditor.buildOfferBusyBoxDialog()","mm_value_text":"API: AlertDialog.Builder|method: alertDialogBuilder.setMessage(getString(R.string.offer_name))|()"},{"mm_value":0,"mm_metric":"externalapi","mm_method":"org.segin.ttleditor.TTLEditor.buildOfferBusyBoxDialog()","mm_value_text":"API: Builder|method: null|()"},{"mm_value":0,"mm_metric":"externalapi","mm_method":"org.segin.ttleditor.TTLEditor.buildOfferBusyBoxDialog()","mm_value_text":"API: AlertDialog.Builder|method: null|()"},{"mm_value":0,"mm_metric":"externalapi","mm_method":"org.segin.ttleditor.TTLEditor.buildOfferBusyBoxDialog()","mm_value_text":"API: intid){\nRootTools.offerBusyBox(TTLEditor.this);\n}\n})|method: setNegativeButton|()"},{"mm_value":0,"mm_metric":"externalapi","mm_method":"org.segin.ttleditor.TTLEditor.buildOfferBusyBoxDialog()","mm_value_text":"API: AlertDialog.Builder|method: alertDialogBuilder|()"},{"mm_value":0,"mm_metric":"externalapi","mm_method":"org.segin.ttleditor.TTLEditor.buildOfferBusyBoxDialog()","mm_value_text":"API: alertDialogBuilder.setMessage(getString(R.string.offer_name)).setCancelable(false).setPositiveButton(getString(android.R.string.yes)|method: setNegativeButton|()"},{"mm_value":0,"mm_metric":"externalapi","mm_method":"org.segin.ttleditor.TTLEditor.buildOfferBusyBoxDialog()","mm_value_text":"API: AlertDialog.Builder|method: alertDialogBuilder.setMessage(getString(R.string.offer_name)).setCancelable(false)|()"},{"mm_value":0,"mm_metric":"externalapi","mm_method":"org.segin.ttleditor.TTLEditor.buildOfferBusyBoxDialog()","mm_value_text":"API: AlertDialog.Builder|method: create|()"},{"mm_value":0,"mm_metric":"externalapi","mm_method":"org.segin.ttleditor.TTLEditor.buildOfferBusyBoxDialog()","mm_value_text":"API: AlertDialog.Builder|method: setMessage|()"},{"mm_value":0,"mm_metric":"externalapi","mm_method":"org.segin.ttleditor.TTLEditor.buildOfferBusyBoxDialog()","mm_value_text":"API: AlertDialog.Builder|method: alertDialogBuilder.setMessage(getString(R.string.offer_name)).setCancelable(false).setPositiveButton(getString(android.R.string.yes), new  DialogInterface.OnClickListener() {\n\n    public void onClick(DialogInterface dialog, int id) {\n        RootTools.offerBusyBox(TTLEditor.this);\n    }\n})|()"},{"mm_value":0,"mm_metric":"externalapi","mm_method":"org.segin.ttleditor.TTLEditor.buildOfferBusyBoxDialog()","mm_value_text":"API: newDialogInterface.OnClickListener(){\n\npublicvoidonClick(DialogInterfacedialog|method: setNegativeButton|()"},{"mm_value":0,"mm_metric":"externalapi","mm_method":"org.segin.ttleditor.TTLEditor.buildOfferBusyBoxDialog()","mm_value_text":"API: R.string|method: null|()"},{"mm_value":0,"mm_metric":"externalapi","mm_method":"org.segin.ttleditor.TTLEditor.buildOfferBusyBoxDialog()","mm_value_text":"API: AlertDialog.Builder|method: setTitle|()"},{"mm_value":0,"mm_metric":"externalapi","mm_method":"org.segin.ttleditor.TTLEditor.buildOfferBusyBoxDialog()","mm_value_text":"API: alertDialogBuilder.setMessage(getString(R.string.offer_name)).setCancelable(false)|method: setPositiveButton|()"},{"mm_value":0,"mm_metric":"androidapi","mm_method":"org.segin.ttleditor.TTLEditor.buildOfferBusyBoxDialog()","mm_value_text":"API: android.app.AlertDialog|method: null|()"},{"mm_value":0,"mm_metric":"androidapi","mm_method":"org.segin.ttleditor.TTLEditor.buildOfferBusyBoxDialog()","mm_value_text":"API: android.app.AlertDialog|method: show|()"},{"mm_value":0,"mm_metric":"androidapi","mm_method":"org.segin.ttleditor.TTLEditor.buildOfferBusyBoxDialog()","mm_value_text":"API: android.app.AlertDialog|method: alertDialog|()"},{"mm_value":0,"mm_metric":"androidapi","mm_method":"org.segin.ttleditor.TTLEditor.buildOfferBusyBoxDialog()","mm_value_text":"API: android.view.View.OnClickListener|method: null|()"}],"method_non_acc_mod":"","method_args":"","method_class":"0984fc1b-cb37-49b3-be5c-f6e56709568e#org.segin.ttleditor.TTLEditor"},{"method_declared_vars":[],"method_name":"debug","method_acc_modifier":"private","method_id":"org.segin.ttleditor.TTLEditor.debug(#String)","method_metrics":[{"mm_value":2,"mm_metric":"loc","mm_method":"org.segin.ttleditor.TTLEditor.debug(#String)","mm_value_text":""},{"mm_value":1,"mm_metric":"cc","mm_method":"org.segin.ttleditor.TTLEditor.debug(#String)","mm_value_text":""},{"mm_value":1,"mm_metric":"nr_args","mm_method":"org.segin.ttleditor.TTLEditor.debug(#String)","mm_value_text":""},{"mm_value":0,"mm_metric":"androidapi","mm_method":"org.segin.ttleditor.TTLEditor.debug(#String)","mm_value_text":"API: android.widget.TextView|method: debugText|()"},{"mm_value":0,"mm_metric":"androidapi","mm_method":"org.segin.ttleditor.TTLEditor.debug(#String)","mm_value_text":"API: android.widget.TextView|method: setText|()"},{"mm_value":0,"mm_metric":"androidapi","mm_method":"org.segin.ttleditor.TTLEditor.debug(#String)","mm_value_text":"API: android.widget.TextView|method: null|()"},{"mm_value":0,"mm_metric":"javaapi","mm_method":"org.segin.ttleditor.TTLEditor.debug(#String)","mm_value_text":"API: String|method: null|()"},{"mm_value":0,"mm_metric":"javaapi","mm_method":"org.segin.ttleditor.TTLEditor.debug(#String)","mm_value_text":"API: String|method: concat|()"},{"mm_value":0,"mm_metric":"javaapi","mm_method":"org.segin.ttleditor.TTLEditor.debug(#String)","mm_value_text":"API: String|method: dbgmsg|()"}],"method_non_acc_mod":"","method_args":"String#","method_class":"0984fc1b-cb37-49b3-be5c-f6e56709568e#org.segin.ttleditor.TTLEditor"},{"method_declared_vars":[{"var_type":"List<String>","var_array":false,"var_name":"ifnames"},{"var_type":"ArrayAdapter<String>","var_array":false,"var_name":"dataAdapter"}],"method_name":"enumerateNetworkInterfaces","method_acc_modifier":"private","method_id":"org.segin.ttleditor.TTLEditor.enumerateNetworkInterfaces()","method_metrics":[{"mm_value":26,"mm_metric":"loc","mm_method":"org.segin.ttleditor.TTLEditor.enumerateNetworkInterfaces()","mm_value_text":""},{"mm_value":3,"mm_metric":"cc","mm_method":"org.segin.ttleditor.TTLEditor.enumerateNetworkInterfaces()","mm_value_text":""},{"mm_value":0,"mm_metric":"nr_args","mm_method":"org.segin.ttleditor.TTLEditor.enumerateNetworkInterfaces()","mm_value_text":""},{"mm_value":0,"mm_metric":"externalapi","mm_method":"org.segin.ttleditor.TTLEditor.enumerateNetworkInterfaces()","mm_value_text":"API: R.id|method: null|()"},{"mm_value":0,"mm_metric":"externalapi","mm_method":"org.segin.ttleditor.TTLEditor.enumerateNetworkInterfaces()","mm_value_text":"API: android.R.layout|method: null|()"},{"mm_value":0,"mm_metric":"externalapi","mm_method":"org.segin.ttleditor.TTLEditor.enumerateNetworkInterfaces()","mm_value_text":"API: R.string|method: null|()"},{"mm_value":0,"mm_metric":"externalapi","mm_method":"org.segin.ttleditor.TTLEditor.enumerateNetworkInterfaces()","mm_value_text":"API: R.plurals|method: null|()"},{"mm_value":0,"mm_metric":"androidapi","mm_method":"org.segin.ttleditor.TTLEditor.enumerateNetworkInterfaces()","mm_value_text":"API: android.widget.ArrayAdapter|method: null|()"},{"mm_value":0,"mm_metric":"androidapi","mm_method":"org.segin.ttleditor.TTLEditor.enumerateNetworkInterfaces()","mm_value_text":"API: android.widget.ArrayAdapter|method: dataAdapter|()"},{"mm_value":0,"mm_metric":"androidapi","mm_method":"org.segin.ttleditor.TTLEditor.enumerateNetworkInterfaces()","mm_value_text":"API: android.widget.Spinner|method: setAdapter|()"},{"mm_value":0,"mm_metric":"androidapi","mm_method":"org.segin.ttleditor.TTLEditor.enumerateNetworkInterfaces()","mm_value_text":"API: android.content.res.Resources|method: getQuantityString|()"},{"mm_value":0,"mm_metric":"androidapi","mm_method":"org.segin.ttleditor.TTLEditor.enumerateNetworkInterfaces()","mm_value_text":"API: android.content.res.Resources|method: res|()"},{"mm_value":0,"mm_metric":"androidapi","mm_method":"org.segin.ttleditor.TTLEditor.enumerateNetworkInterfaces()","mm_value_text":"API: android.widget.ArrayAdapter|method: setDropDownViewResource|()"},{"mm_value":0,"mm_metric":"androidapi","mm_method":"org.segin.ttleditor.TTLEditor.enumerateNetworkInterfaces()","mm_value_text":"API: android.widget.Spinner|method: null|()"},{"mm_value":0,"mm_metric":"androidapi","mm_method":"org.segin.ttleditor.TTLEditor.enumerateNetworkInterfaces()","mm_value_text":"API: android.widget.Spinner|method: spinner|()"},{"mm_value":0,"mm_metric":"androidapi","mm_method":"org.segin.ttleditor.TTLEditor.enumerateNetworkInterfaces()","mm_value_text":"API: android.content.res.Resources|method: null|()"},{"mm_value":0,"mm_metric":"javaapi","mm_method":"org.segin.ttleditor.TTLEditor.enumerateNetworkInterfaces()","mm_value_text":"API: String|method: size|()"},{"mm_value":0,"mm_metric":"javaapi","mm_method":"org.segin.ttleditor.TTLEditor.enumerateNetworkInterfaces()","mm_value_text":"API: java.util.List|method: null|()"},{"mm_value":0,"mm_metric":"javaapi","mm_method":"org.segin.ttleditor.TTLEditor.enumerateNetworkInterfaces()","mm_value_text":"API: java.util.List|method: add|()"},{"mm_value":0,"mm_metric":"javaapi","mm_method":"org.segin.ttleditor.TTLEditor.enumerateNetworkInterfaces()","mm_value_text":"API: String|method: setDropDownViewResource|()"},{"mm_value":0,"mm_metric":"javaapi","mm_method":"org.segin.ttleditor.TTLEditor.enumerateNetworkInterfaces()","mm_value_text":"API: String|method: add|()"},{"mm_value":0,"mm_metric":"javaapi","mm_method":"org.segin.ttleditor.TTLEditor.enumerateNetworkInterfaces()","mm_value_text":"API: String|method: dataAdapter|()"},{"mm_value":0,"mm_metric":"javaapi","mm_method":"org.segin.ttleditor.TTLEditor.enumerateNetworkInterfaces()","mm_value_text":"API: String|method: null|()"},{"mm_value":0,"mm_metric":"javaapi","mm_method":"org.segin.ttleditor.TTLEditor.enumerateNetworkInterfaces()","mm_value_text":"API: java.util.List|method: ifnames|()"},{"mm_value":0,"mm_metric":"javaapi","mm_method":"org.segin.ttleditor.TTLEditor.enumerateNetworkInterfaces()","mm_value_text":"API: java.util.List|method: size|()"},{"mm_value":0,"mm_metric":"javaapi","mm_method":"org.segin.ttleditor.TTLEditor.enumerateNetworkInterfaces()","mm_value_text":"API: String|method: ifnames|()"},{"mm_value":0,"mm_metric":"javaapi","mm_method":"org.segin.ttleditor.TTLEditor.enumerateNetworkInterfaces()","mm_value_text":"API: java.util.ArrayList|method: null|()"}],"method_non_acc_mod":"","method_args":"","method_class":"0984fc1b-cb37-49b3-be5c-f6e56709568e#org.segin.ttleditor.TTLEditor"},{"method_declared_vars":[],"method_name":"makeCheckboxDoStuff","method_acc_modifier":"private","method_id":"org.segin.ttleditor.TTLEditor.makeCheckboxDoStuff()","method_metrics":[{"mm_value":14,"mm_metric":"loc","mm_method":"org.segin.ttleditor.TTLEditor.makeCheckboxDoStuff()","mm_value_text":""},{"mm_value":2,"mm_metric":"cc","mm_method":"org.segin.ttleditor.TTLEditor.makeCheckboxDoStuff()","mm_value_text":""},{"mm_value":0,"mm_metric":"nr_args","mm_method":"org.segin.ttleditor.TTLEditor.makeCheckboxDoStuff()","mm_value_text":""},{"mm_value":0,"mm_metric":"externalapi","mm_method":"org.segin.ttleditor.TTLEditor.makeCheckboxDoStuff()","mm_value_text":"API: R.id|method: null|()"},{"mm_value":0,"mm_metric":"androidapi","mm_method":"org.segin.ttleditor.TTLEditor.makeCheckboxDoStuff()","mm_value_text":"API: android.widget.CheckBox|method: null|()"},{"mm_value":0,"mm_metric":"androidapi","mm_method":"org.segin.ttleditor.TTLEditor.makeCheckboxDoStuff()","mm_value_text":"API: android.widget.CheckBox|method: setOnClickListener|()"},{"mm_value":0,"mm_metric":"androidapi","mm_method":"org.segin.ttleditor.TTLEditor.makeCheckboxDoStuff()","mm_value_text":"API: android.view.View.OnClickListener|method: null|()"},{"mm_value":0,"mm_metric":"androidapi","mm_method":"org.segin.ttleditor.TTLEditor.makeCheckboxDoStuff()","mm_value_text":"API: android.widget.CheckBox|method: ifDoAll|()"}],"method_non_acc_mod":"","method_args":"","method_class":"0984fc1b-cb37-49b3-be5c-f6e56709568e#org.segin.ttleditor.TTLEditor"},{"method_declared_vars":[{"var_type":"EditText","var_array":false,"var_name":"newttl"},{"var_type":"String","var_array":false,"var_name":"msg"},{"var_type":"int","var_array":false,"var_name":"ttl"}],"method_name":"validateTTL","method_acc_modifier":"private","method_id":"org.segin.ttleditor.TTLEditor.validateTTL()","method_metrics":[{"mm_value":11,"mm_metric":"loc","mm_method":"org.segin.ttleditor.TTLEditor.validateTTL()","mm_value_text":""},{"mm_value":6,"mm_metric":"cc","mm_method":"org.segin.ttleditor.TTLEditor.validateTTL()","mm_value_text":""},{"mm_value":0,"mm_metric":"nr_args","mm_method":"org.segin.ttleditor.TTLEditor.validateTTL()","mm_value_text":""},{"mm_value":0,"mm_metric":"externalapi","mm_method":"org.segin.ttleditor.TTLEditor.validateTTL()","mm_value_text":"API: R.id|method: null|()"},{"mm_value":0,"mm_metric":"externalapi","mm_method":"org.segin.ttleditor.TTLEditor.validateTTL()","mm_value_text":"API: newttl.getText()|method: toString|()"},{"mm_value":0,"mm_metric":"externalapi","mm_method":"org.segin.ttleditor.TTLEditor.validateTTL()","mm_value_text":"API: R.string|method: null|()"},{"mm_value":0,"mm_metric":"androidapi","mm_method":"org.segin.ttleditor.TTLEditor.validateTTL()","mm_value_text":"API: android.content.res.Resources|method: getString|()"},{"mm_value":0,"mm_metric":"androidapi","mm_method":"org.segin.ttleditor.TTLEditor.validateTTL()","mm_value_text":"API: android.widget.EditText|method: newttl.getText()|()"},{"mm_value":0,"mm_metric":"androidapi","mm_method":"org.segin.ttleditor.TTLEditor.validateTTL()","mm_value_text":"API: android.widget.EditText|method: newttl|()"},{"mm_value":0,"mm_metric":"androidapi","mm_method":"org.segin.ttleditor.TTLEditor.validateTTL()","mm_value_text":"API: android.widget.EditText|method: getText|()"},{"mm_value":0,"mm_metric":"androidapi","mm_method":"org.segin.ttleditor.TTLEditor.validateTTL()","mm_value_text":"API: android.content.res.Resources|method: res|()"},{"mm_value":0,"mm_metric":"androidapi","mm_method":"org.segin.ttleditor.TTLEditor.validateTTL()","mm_value_text":"API: android.widget.EditText|method: null|()"},{"mm_value":0,"mm_metric":"androidapi","mm_method":"org.segin.ttleditor.TTLEditor.validateTTL()","mm_value_text":"API: android.content.res.Resources|method: null|()"},{"mm_value":0,"mm_metric":"javaapi","mm_method":"org.segin.ttleditor.TTLEditor.validateTTL()","mm_value_text":"API: Integer|method: Integer|()"},{"mm_value":0,"mm_metric":"javaapi","mm_method":"org.segin.ttleditor.TTLEditor.validateTTL()","mm_value_text":"API: Integer|method: parseInt|()"},{"mm_value":0,"mm_metric":"javaapi","mm_method":"org.segin.ttleditor.TTLEditor.validateTTL()","mm_value_text":"API: Integer|method: null|()"},{"mm_value":0,"mm_metric":"javaapi","mm_method":"org.segin.ttleditor.TTLEditor.validateTTL()","mm_value_text":"API: String|method: format|()"},{"mm_value":0,"mm_metric":"javaapi","mm_method":"org.segin.ttleditor.TTLEditor.validateTTL()","mm_value_text":"API: String|method: String|()"},{"mm_value":0,"mm_metric":"javaapi","mm_method":"org.segin.ttleditor.TTLEditor.validateTTL()","mm_value_text":"API: String|method: null|()"}],"method_non_acc_mod":"","method_args":"","method_class":"0984fc1b-cb37-49b3-be5c-f6e56709568e#org.segin.ttleditor.TTLEditor"},{"method_declared_vars":[{"var_type":"SharedPreferences","var_array":false,"var_name":"prefs"}],"method_name":"debugInit","method_acc_modifier":"protected","method_id":"org.segin.ttleditor.TTLEditor.debugInit()","method_metrics":[{"mm_value":12,"mm_metric":"loc","mm_method":"org.segin.ttleditor.TTLEditor.debugInit()","mm_value_text":""},{"mm_value":5,"mm_metric":"cc","mm_method":"org.segin.ttleditor.TTLEditor.debugInit()","mm_value_text":""},{"mm_value":0,"mm_metric":"nr_args","mm_method":"org.segin.ttleditor.TTLEditor.debugInit()","mm_value_text":""},{"mm_value":0,"mm_metric":"externalapi","mm_method":"org.segin.ttleditor.TTLEditor.debugInit()","mm_value_text":"API: R.id|method: null|()"},{"mm_value":0,"mm_metric":"externalapi","mm_method":"org.segin.ttleditor.TTLEditor.debugInit()","mm_value_text":"API: R.string|method: null|()"},{"mm_value":0,"mm_metric":"androidapi","mm_method":"org.segin.ttleditor.TTLEditor.debugInit()","mm_value_text":"API: android.widget.TextView|method: debugText|()"},{"mm_value":0,"mm_metric":"androidapi","mm_method":"org.segin.ttleditor.TTLEditor.debugInit()","mm_value_text":"API: android.content.res.Resources|method: getString|()"},{"mm_value":0,"mm_metric":"androidapi","mm_method":"org.segin.ttleditor.TTLEditor.debugInit()","mm_value_text":"API: android.preference.PreferenceManager|method: getDefaultSharedPreferences|()"},{"mm_value":0,"mm_metric":"androidapi","mm_method":"org.segin.ttleditor.TTLEditor.debugInit()","mm_value_text":"API: android.text.method.ScrollingMovementMethod|method: null|()"},{"mm_value":0,"mm_metric":"androidapi","mm_method":"org.segin.ttleditor.TTLEditor.debugInit()","mm_value_text":"API: android.preference.PreferenceManager|method: PreferenceManager|()"},{"mm_value":0,"mm_metric":"androidapi","mm_method":"org.segin.ttleditor.TTLEditor.debugInit()","mm_value_text":"API: android.widget.TextView|method: setText|()"},{"mm_value":0,"mm_metric":"androidapi","mm_method":"org.segin.ttleditor.TTLEditor.debugInit()","mm_value_text":"API: android.widget.TextView|method: null|()"},{"mm_value":0,"mm_metric":"androidapi","mm_method":"org.segin.ttleditor.TTLEditor.debugInit()","mm_value_text":"API: android.content.SharedPreferences|method: null|()"},{"mm_value":0,"mm_metric":"androidapi","mm_method":"org.segin.ttleditor.TTLEditor.debugInit()","mm_value_text":"API: android.widget.TextView|method: setMovementMethod|()"},{"mm_value":0,"mm_metric":"androidapi","mm_method":"org.segin.ttleditor.TTLEditor.debugInit()","mm_value_text":"API: android.widget.TextView|method: setVisibility|()"},{"mm_value":0,"mm_metric":"androidapi","mm_method":"org.segin.ttleditor.TTLEditor.debugInit()","mm_value_text":"API: android.view.View|method: null|()"},{"mm_value":0,"mm_metric":"androidapi","mm_method":"org.segin.ttleditor.TTLEditor.debugInit()","mm_value_text":"API: android.preference.PreferenceManager|method: null|()"},{"mm_value":0,"mm_metric":"androidapi","mm_method":"org.segin.ttleditor.TTLEditor.debugInit()","mm_value_text":"API: android.content.res.Resources|method: res|()"},{"mm_value":0,"mm_metric":"androidapi","mm_method":"org.segin.ttleditor.TTLEditor.debugInit()","mm_value_text":"API: android.content.res.Resources|method: null|()"},{"mm_value":0,"mm_metric":"javaapi","mm_method":"org.segin.ttleditor.TTLEditor.debugInit()","mm_value_text":"API: String|method: null|()"}],"method_non_acc_mod":"","method_args":"","method_class":"0984fc1b-cb37-49b3-be5c-f6e56709568e#org.segin.ttleditor.TTLEditor"},{"method_declared_vars":[{"var_type":"AlertDialog.Builder","var_array":false,"var_name":"alertDialogBuilder"},{"var_type":"AlertDialog","var_array":false,"var_name":"alertDialog"}],"method_name":"buildDialog","method_acc_modifier":"private","method_id":"org.segin.ttleditor.TTLEditor.buildDialog()","method_metrics":[{"mm_value":13,"mm_metric":"loc","mm_method":"org.segin.ttleditor.TTLEditor.buildDialog()","mm_value_text":""},{"mm_value":1,"mm_metric":"cc","mm_method":"org.segin.ttleditor.TTLEditor.buildDialog()","mm_value_text":""},{"mm_value":0,"mm_metric":"nr_args","mm_method":"org.segin.ttleditor.TTLEditor.buildDialog()","mm_value_text":""},{"mm_value":0,"mm_metric":"externalapi","mm_method":"org.segin.ttleditor.TTLEditor.buildDialog()","mm_value_text":"API: android.R.string|method: null|()"},{"mm_value":0,"mm_metric":"externalapi","mm_method":"org.segin.ttleditor.TTLEditor.buildDialog()","mm_value_text":"API: AlertDialog.Builder|method: alertDialogBuilder.setMessage(getString(R.string.dialog_text))|()"},{"mm_value":0,"mm_metric":"externalapi","mm_method":"org.segin.ttleditor.TTLEditor.buildDialog()","mm_value_text":"API: alertDialogBuilder.setMessage(getString(R.string.dialog_text))|method: setCancelable|()"},{"mm_value":0,"mm_metric":"externalapi","mm_method":"org.segin.ttleditor.TTLEditor.buildDialog()","mm_value_text":"API: alertDialogBuilder.setMessage(getString(R.string.dialog_text)).setCancelable(false).setPositiveButton(getString(android.R.string.yes)|method: setNegativeButton|()"},{"mm_value":0,"mm_metric":"externalapi","mm_method":"org.segin.ttleditor.TTLEditor.buildDialog()","mm_value_text":"API: Builder|method: null|()"},{"mm_value":0,"mm_metric":"externalapi","mm_method":"org.segin.ttleditor.TTLEditor.buildDialog()","mm_value_text":"API: AlertDialog.Builder|method: null|()"},{"mm_value":0,"mm_metric":"externalapi","mm_method":"org.segin.ttleditor.TTLEditor.buildDialog()","mm_value_text":"API: AlertDialog.Builder|method: alertDialogBuilder.setMessage(getString(R.string.dialog_text)).setCancelable(false)|()"},{"mm_value":0,"mm_metric":"externalapi","mm_method":"org.segin.ttleditor.TTLEditor.buildDialog()","mm_value_text":"API: AlertDialog.Builder|method: alertDialogBuilder|()"},{"mm_value":0,"mm_metric":"externalapi","mm_method":"org.segin.ttleditor.TTLEditor.buildDialog()","mm_value_text":"API: AlertDialog.Builder|method: alertDialogBuilder.setMessage(getString(R.string.dialog_text)).setCancelable(false).setPositiveButton(getString(android.R.string.yes), new  DialogInterface.OnClickListener() {\n\n    public void onClick(DialogInterface dialog, int id) {\n        changeTTL();\n    }\n})|()"},{"mm_value":0,"mm_metric":"externalapi","mm_method":"org.segin.ttleditor.TTLEditor.buildDialog()","mm_value_text":"API: AlertDialog.Builder|method: create|()"},{"mm_value":0,"mm_metric":"externalapi","mm_method":"org.segin.ttleditor.TTLEditor.buildDialog()","mm_value_text":"API: AlertDialog.Builder|method: setMessage|()"},{"mm_value":0,"mm_metric":"externalapi","mm_method":"org.segin.ttleditor.TTLEditor.buildDialog()","mm_value_text":"API: newDialogInterface.OnClickListener(){\n\npublicvoidonClick(DialogInterfacedialog|method: setNegativeButton|()"},{"mm_value":0,"mm_metric":"externalapi","mm_method":"org.segin.ttleditor.TTLEditor.buildDialog()","mm_value_text":"API: R.string|method: null|()"},{"mm_value":0,"mm_metric":"externalapi","mm_method":"org.segin.ttleditor.TTLEditor.buildDialog()","mm_value_text":"API: intid){\nchangeTTL();\n}\n})|method: setNegativeButton|()"},{"mm_value":0,"mm_metric":"externalapi","mm_method":"org.segin.ttleditor.TTLEditor.buildDialog()","mm_value_text":"API: AlertDialog.Builder|method: setTitle|()"},{"mm_value":0,"mm_metric":"externalapi","mm_method":"org.segin.ttleditor.TTLEditor.buildDialog()","mm_value_text":"API: alertDialogBuilder.setMessage(getString(R.string.dialog_text)).setCancelable(false)|method: setPositiveButton|()"},{"mm_value":0,"mm_metric":"androidapi","mm_method":"org.segin.ttleditor.TTLEditor.buildDialog()","mm_value_text":"API: android.app.AlertDialog|method: null|()"},{"mm_value":0,"mm_metric":"androidapi","mm_method":"org.segin.ttleditor.TTLEditor.buildDialog()","mm_value_text":"API: android.app.AlertDialog|method: show|()"},{"mm_value":0,"mm_metric":"androidapi","mm_method":"org.segin.ttleditor.TTLEditor.buildDialog()","mm_value_text":"API: android.app.AlertDialog|method: alertDialog|()"},{"mm_value":0,"mm_metric":"androidapi","mm_method":"org.segin.ttleditor.TTLEditor.buildDialog()","mm_value_text":"API: android.view.View.OnClickListener|method: null|()"}],"method_non_acc_mod":"","method_args":"","method_class":"0984fc1b-cb37-49b3-be5c-f6e56709568e#org.segin.ttleditor.TTLEditor"},{"method_declared_vars":[],"method_name":"onResume","method_acc_modifier":"public","method_id":"org.segin.ttleditor.TTLEditor.onResume()","method_metrics":[{"mm_value":2,"mm_metric":"loc","mm_method":"org.segin.ttleditor.TTLEditor.onResume()","mm_value_text":""},{"mm_value":1,"mm_metric":"cc","mm_method":"org.segin.ttleditor.TTLEditor.onResume()","mm_value_text":""},{"mm_value":0,"mm_metric":"nr_args","mm_method":"org.segin.ttleditor.TTLEditor.onResume()","mm_value_text":""},{"mm_value":0,"mm_metric":"androidapi","mm_method":"org.segin.ttleditor.TTLEditor.onResume()","mm_value_text":"API: android.app.Activity|method: super|()"},{"mm_value":0,"mm_metric":"androidapi","mm_method":"org.segin.ttleditor.TTLEditor.onResume()","mm_value_text":"API: android.app.Activity|method: null|()"},{"mm_value":0,"mm_metric":"androidapi","mm_method":"org.segin.ttleditor.TTLEditor.onResume()","mm_value_text":"API: android.app.Activity|method: onResume|()"}],"method_non_acc_mod":"","method_args":"","method_class":"0984fc1b-cb37-49b3-be5c-f6e56709568e#org.segin.ttleditor.TTLEditor"},{"method_declared_vars":[{"var_type":"Intent","var_array":false,"var_name":"i"},{"var_type":"int","var_array":false,"var_name":"id"}],"method_name":"onOptionsItemSelected","method_acc_modifier":"public","method_id":"org.segin.ttleditor.TTLEditor.onOptionsItemSelected(#MenuItem)","method_metrics":[{"mm_value":10,"mm_metric":"loc","mm_method":"org.segin.ttleditor.TTLEditor.onOptionsItemSelected(#MenuItem)","mm_value_text":""},{"mm_value":4,"mm_metric":"cc","mm_method":"org.segin.ttleditor.TTLEditor.onOptionsItemSelected(#MenuItem)","mm_value_text":""},{"mm_value":1,"mm_metric":"nr_args","mm_method":"org.segin.ttleditor.TTLEditor.onOptionsItemSelected(#MenuItem)","mm_value_text":""},{"mm_value":0,"mm_metric":"externalapi","mm_method":"org.segin.ttleditor.TTLEditor.onOptionsItemSelected(#MenuItem)","mm_value_text":"API: TTLEditor.this|method: TTLEditor.this|()"},{"mm_value":0,"mm_metric":"externalapi","mm_method":"org.segin.ttleditor.TTLEditor.onOptionsItemSelected(#MenuItem)","mm_value_text":"API: TTLEditor.this|method: startActivity|()"},{"mm_value":0,"mm_metric":"androidapi","mm_method":"org.segin.ttleditor.TTLEditor.onOptionsItemSelected(#MenuItem)","mm_value_text":"API: android.app.Activity|method: onOptionsItemSelected|()"},{"mm_value":0,"mm_metric":"androidapi","mm_method":"org.segin.ttleditor.TTLEditor.onOptionsItemSelected(#MenuItem)","mm_value_text":"API: android.app.Activity|method: super|()"},{"mm_value":0,"mm_metric":"androidapi","mm_method":"org.segin.ttleditor.TTLEditor.onOptionsItemSelected(#MenuItem)","mm_value_text":"API: android.view.MenuItem|method: getItemId|()"},{"mm_value":0,"mm_metric":"androidapi","mm_method":"org.segin.ttleditor.TTLEditor.onOptionsItemSelected(#MenuItem)","mm_value_text":"API: android.content.Intent|method: null|()"},{"mm_value":0,"mm_metric":"androidapi","mm_method":"org.segin.ttleditor.TTLEditor.onOptionsItemSelected(#MenuItem)","mm_value_text":"API: android.view.MenuItem|method: item|()"},{"mm_value":0,"mm_metric":"androidapi","mm_method":"org.segin.ttleditor.TTLEditor.onOptionsItemSelected(#MenuItem)","mm_value_text":"API: android.app.Activity|method: null|()"},{"mm_value":0,"mm_metric":"androidapi","mm_method":"org.segin.ttleditor.TTLEditor.onOptionsItemSelected(#MenuItem)","mm_value_text":"API: android.view.MenuItem|method: null|()"}],"method_non_acc_mod":"","method_args":"MenuItem#","method_class":"0984fc1b-cb37-49b3-be5c-f6e56709568e#org.segin.ttleditor.TTLEditor"},{"method_declared_vars":[],"method_name":"doToast","method_acc_modifier":"public","method_id":"org.segin.ttleditor.TTLEditor.doToast(#String#Context)","method_metrics":[{"mm_value":1,"mm_metric":"loc","mm_method":"org.segin.ttleditor.TTLEditor.doToast(#String#Context)","mm_value_text":""},{"mm_value":1,"mm_metric":"cc","mm_method":"org.segin.ttleditor.TTLEditor.doToast(#String#Context)","mm_value_text":""},{"mm_value":2,"mm_metric":"nr_args","mm_method":"org.segin.ttleditor.TTLEditor.doToast(#String#Context)","mm_value_text":""},{"mm_value":0,"mm_metric":"externalapi","mm_method":"org.segin.ttleditor.TTLEditor.doToast(#String#Context)","mm_value_text":"API: Toast.makeText(context|method: show|()"},{"mm_value":0,"mm_metric":"externalapi","mm_method":"org.segin.ttleditor.TTLEditor.doToast(#String#Context)","mm_value_text":"API: Toast.LENGTH_SHORT)|method: show|()"},{"mm_value":0,"mm_metric":"externalapi","mm_method":"org.segin.ttleditor.TTLEditor.doToast(#String#Context)","mm_value_text":"API: msg|method: show|()"},{"mm_value":0,"mm_metric":"androidapi","mm_method":"org.segin.ttleditor.TTLEditor.doToast(#String#Context)","mm_value_text":"API: android.content.Context|method: null|()"},{"mm_value":0,"mm_metric":"androidapi","mm_method":"org.segin.ttleditor.TTLEditor.doToast(#String#Context)","mm_value_text":"API: android.widget.Toast|method: makeText|()"},{"mm_value":0,"mm_metric":"androidapi","mm_method":"org.segin.ttleditor.TTLEditor.doToast(#String#Context)","mm_value_text":"API: android.widget.Toast|method: Toast.makeText(context, msg, Toast.LENGTH_SHORT)|()"},{"mm_value":0,"mm_metric":"androidapi","mm_method":"org.segin.ttleditor.TTLEditor.doToast(#String#Context)","mm_value_text":"API: android.widget.Toast|method: null|()"},{"mm_value":0,"mm_metric":"androidapi","mm_method":"org.segin.ttleditor.TTLEditor.doToast(#String#Context)","mm_value_text":"API: android.widget.Toast|method: Toast|()"},{"mm_value":0,"mm_metric":"javaapi","mm_method":"org.segin.ttleditor.TTLEditor.doToast(#String#Context)","mm_value_text":"API: String|method: null|()"}],"method_non_acc_mod":"#static","method_args":"String#Context#","method_class":"0984fc1b-cb37-49b3-be5c-f6e56709568e#org.segin.ttleditor.TTLEditor"},{"method_declared_vars":[{"var_type":"AlertDialog.Builder","var_array":false,"var_name":"alertDialogBuilder"},{"var_type":"AlertDialog","var_array":false,"var_name":"alertDialog"}],"method_name":"buildAboutDialog","method_acc_modifier":"private","method_id":"org.segin.ttleditor.TTLEditor.buildAboutDialog()","method_metrics":[{"mm_value":9,"mm_metric":"loc","mm_method":"org.segin.ttleditor.TTLEditor.buildAboutDialog()","mm_value_text":""},{"mm_value":1,"mm_metric":"cc","mm_method":"org.segin.ttleditor.TTLEditor.buildAboutDialog()","mm_value_text":""},{"mm_value":0,"mm_metric":"nr_args","mm_method":"org.segin.ttleditor.TTLEditor.buildAboutDialog()","mm_value_text":""},{"mm_value":0,"mm_metric":"externalapi","mm_method":"org.segin.ttleditor.TTLEditor.buildAboutDialog()","mm_value_text":"API: alertDialogBuilder.setMessage(getString(R.string.about_text))|method: setCancelable|()"},{"mm_value":0,"mm_metric":"externalapi","mm_method":"org.segin.ttleditor.TTLEditor.buildAboutDialog()","mm_value_text":"API: android.R.string|method: null|()"},{"mm_value":0,"mm_metric":"externalapi","mm_method":"org.segin.ttleditor.TTLEditor.buildAboutDialog()","mm_value_text":"API: AlertDialog.Builder|method: alertDialogBuilder.setMessage(getString(R.string.about_text))|()"},{"mm_value":0,"mm_metric":"externalapi","mm_method":"org.segin.ttleditor.TTLEditor.buildAboutDialog()","mm_value_text":"API: AlertDialog.Builder|method: alertDialogBuilder|()"},{"mm_value":0,"mm_metric":"externalapi","mm_method":"org.segin.ttleditor.TTLEditor.buildAboutDialog()","mm_value_text":"API: AlertDialog.Builder|method: alertDialogBuilder.setMessage(getString(R.string.about_text)).setCancelable(true)|()"},{"mm_value":0,"mm_metric":"externalapi","mm_method":"org.segin.ttleditor.TTLEditor.buildAboutDialog()","mm_value_text":"API: AlertDialog.Builder|method: create|()"},{"mm_value":0,"mm_metric":"externalapi","mm_method":"org.segin.ttleditor.TTLEditor.buildAboutDialog()","mm_value_text":"API: AlertDialog.Builder|method: setMessage|()"},{"mm_value":0,"mm_metric":"externalapi","mm_method":"org.segin.ttleditor.TTLEditor.buildAboutDialog()","mm_value_text":"API: Builder|method: null|()"},{"mm_value":0,"mm_metric":"externalapi","mm_method":"org.segin.ttleditor.TTLEditor.buildAboutDialog()","mm_value_text":"API: alertDialogBuilder.setMessage(getString(R.string.about_text)).setCancelable(true)|method: setNegativeButton|()"},{"mm_value":0,"mm_metric":"externalapi","mm_method":"org.segin.ttleditor.TTLEditor.buildAboutDialog()","mm_value_text":"API: AlertDialog.Builder|method: null|()"},{"mm_value":0,"mm_metric":"externalapi","mm_method":"org.segin.ttleditor.TTLEditor.buildAboutDialog()","mm_value_text":"API: R.string|method: null|()"},{"mm_value":0,"mm_metric":"externalapi","mm_method":"org.segin.ttleditor.TTLEditor.buildAboutDialog()","mm_value_text":"API: AlertDialog.Builder|method: setTitle|()"},{"mm_value":0,"mm_metric":"androidapi","mm_method":"org.segin.ttleditor.TTLEditor.buildAboutDialog()","mm_value_text":"API: android.app.AlertDialog|method: null|()"},{"mm_value":0,"mm_metric":"androidapi","mm_method":"org.segin.ttleditor.TTLEditor.buildAboutDialog()","mm_value_text":"API: android.app.AlertDialog|method: show|()"},{"mm_value":0,"mm_metric":"androidapi","mm_method":"org.segin.ttleditor.TTLEditor.buildAboutDialog()","mm_value_text":"API: android.app.AlertDialog|method: alertDialog|()"},{"mm_value":0,"mm_metric":"androidapi","mm_method":"org.segin.ttleditor.TTLEditor.buildAboutDialog()","mm_value_text":"API: android.view.View.OnClickListener|method: null|()"}],"method_non_acc_mod":"","method_args":"","method_class":"0984fc1b-cb37-49b3-be5c-f6e56709568e#org.segin.ttleditor.TTLEditor"},{"method_declared_vars":[],"method_name":"makeSpinnerDoStuff","method_acc_modifier":"private","method_id":"org.segin.ttleditor.TTLEditor.makeSpinnerDoStuff()","method_metrics":[{"mm_value":11,"mm_metric":"loc","mm_method":"org.segin.ttleditor.TTLEditor.makeSpinnerDoStuff()","mm_value_text":""},{"mm_value":2,"mm_metric":"cc","mm_method":"org.segin.ttleditor.TTLEditor.makeSpinnerDoStuff()","mm_value_text":""},{"mm_value":0,"mm_metric":"nr_args","mm_method":"org.segin.ttleditor.TTLEditor.makeSpinnerDoStuff()","mm_value_text":""},{"mm_value":0,"mm_metric":"externalapi","mm_method":"org.segin.ttleditor.TTLEditor.makeSpinnerDoStuff()","mm_value_text":"API: R.id|method: null|()"},{"mm_value":0,"mm_metric":"externalapi","mm_method":"org.segin.ttleditor.TTLEditor.makeSpinnerDoStuff()","mm_value_text":"API: OnItemSelectedListener|method: null|()"},{"mm_value":0,"mm_metric":"androidapi","mm_method":"org.segin.ttleditor.TTLEditor.makeSpinnerDoStuff()","mm_value_text":"API: android.widget.Spinner|method: setOnItemSelectedListener|()"},{"mm_value":0,"mm_metric":"androidapi","mm_method":"org.segin.ttleditor.TTLEditor.makeSpinnerDoStuff()","mm_value_text":"API: android.widget.Spinner|method: null|()"},{"mm_value":0,"mm_metric":"androidapi","mm_method":"org.segin.ttleditor.TTLEditor.makeSpinnerDoStuff()","mm_value_text":"API: android.widget.Spinner|method: spinner|()"}],"method_non_acc_mod":"","method_args":"","method_class":"0984fc1b-cb37-49b3-be5c-f6e56709568e#org.segin.ttleditor.TTLEditor"},{"method_declared_vars":[{"var_type":"NetworkInterface","var_array":false,"var_name":"iface"},{"var_type":"List<InetAddress>","var_array":false,"var_name":"addresses"}],"method_name":"updateIPAddress","method_acc_modifier":"private","method_id":"org.segin.ttleditor.TTLEditor.updateIPAddress()","method_metrics":[{"mm_value":23,"mm_metric":"loc","mm_method":"org.segin.ttleditor.TTLEditor.updateIPAddress()","mm_value_text":""},{"mm_value":3,"mm_metric":"cc","mm_method":"org.segin.ttleditor.TTLEditor.updateIPAddress()","mm_value_text":""},{"mm_value":0,"mm_metric":"nr_args","mm_method":"org.segin.ttleditor.TTLEditor.updateIPAddress()","mm_value_text":""},{"mm_value":0,"mm_metric":"externalapi","mm_method":"org.segin.ttleditor.TTLEditor.updateIPAddress()","mm_value_text":"API: R.id|method: null|()"},{"mm_value":0,"mm_metric":"androidapi","mm_method":"org.segin.ttleditor.TTLEditor.updateIPAddress()","mm_value_text":"API: android.widget.TextView|method: null|()"},{"mm_value":0,"mm_metric":"androidapi","mm_method":"org.segin.ttleditor.TTLEditor.updateIPAddress()","mm_value_text":"API: android.widget.Spinner|method: null|()"},{"mm_value":0,"mm_metric":"javaapi","mm_method":"org.segin.ttleditor.TTLEditor.updateIPAddress()","mm_value_text":"API: java.net.InetAddress|method: null|()"},{"mm_value":0,"mm_metric":"javaapi","mm_method":"org.segin.ttleditor.TTLEditor.updateIPAddress()","mm_value_text":"API: java.util.List|method: null|()"},{"mm_value":0,"mm_metric":"javaapi","mm_method":"org.segin.ttleditor.TTLEditor.updateIPAddress()","mm_value_text":"API: java.net.NetworkInterface|method: null|()"}],"method_non_acc_mod":"","method_args":"","method_class":"0984fc1b-cb37-49b3-be5c-f6e56709568e#org.segin.ttleditor.TTLEditor"},{"method_declared_vars":[],"method_name":"makeButtonDoStuff","method_acc_modifier":"private","method_id":"org.segin.ttleditor.TTLEditor.makeButtonDoStuff()","method_metrics":[{"mm_value":8,"mm_metric":"loc","mm_method":"org.segin.ttleditor.TTLEditor.makeButtonDoStuff()","mm_value_text":""},{"mm_value":2,"mm_metric":"cc","mm_method":"org.segin.ttleditor.TTLEditor.makeButtonDoStuff()","mm_value_text":""},{"mm_value":0,"mm_metric":"nr_args","mm_method":"org.segin.ttleditor.TTLEditor.makeButtonDoStuff()","mm_value_text":""},{"mm_value":0,"mm_metric":"externalapi","mm_method":"org.segin.ttleditor.TTLEditor.makeButtonDoStuff()","mm_value_text":"API: R.id|method: null|()"},{"mm_value":0,"mm_metric":"androidapi","mm_method":"org.segin.ttleditor.TTLEditor.makeButtonDoStuff()","mm_value_text":"API: android.widget.Button|method: setOnClickListener|()"},{"mm_value":0,"mm_metric":"androidapi","mm_method":"org.segin.ttleditor.TTLEditor.makeButtonDoStuff()","mm_value_text":"API: android.widget.Button|method: null|()"},{"mm_value":0,"mm_metric":"androidapi","mm_method":"org.segin.ttleditor.TTLEditor.makeButtonDoStuff()","mm_value_text":"API: android.widget.Button|method: btnSubmit|()"},{"mm_value":0,"mm_metric":"androidapi","mm_method":"org.segin.ttleditor.TTLEditor.makeButtonDoStuff()","mm_value_text":"API: android.view.View.OnClickListener|method: null|()"}],"method_non_acc_mod":"","method_args":"","method_class":"0984fc1b-cb37-49b3-be5c-f6e56709568e#org.segin.ttleditor.TTLEditor"},{"method_declared_vars":[],"method_name":"onCreateOptionsMenu","method_acc_modifier":"public","method_id":"org.segin.ttleditor.TTLEditor.onCreateOptionsMenu(#Menu)","method_metrics":[{"mm_value":2,"mm_metric":"loc","mm_method":"org.segin.ttleditor.TTLEditor.onCreateOptionsMenu(#Menu)","mm_value_text":""},{"mm_value":1,"mm_metric":"cc","mm_method":"org.segin.ttleditor.TTLEditor.onCreateOptionsMenu(#Menu)","mm_value_text":""},{"mm_value":1,"mm_metric":"nr_args","mm_method":"org.segin.ttleditor.TTLEditor.onCreateOptionsMenu(#Menu)","mm_value_text":""},{"mm_value":0,"mm_metric":"externalapi","mm_method":"org.segin.ttleditor.TTLEditor.onCreateOptionsMenu(#Menu)","mm_value_text":"API: R.menu|method: null|()"},{"mm_value":0,"mm_metric":"externalapi","mm_method":"org.segin.ttleditor.TTLEditor.onCreateOptionsMenu(#Menu)","mm_value_text":"API: getMenuInflater()|method: getMenuInflater()|()"},{"mm_value":0,"mm_metric":"externalapi","mm_method":"org.segin.ttleditor.TTLEditor.onCreateOptionsMenu(#Menu)","mm_value_text":"API: getMenuInflater()|method: inflate|()"},{"mm_value":0,"mm_metric":"androidapi","mm_method":"org.segin.ttleditor.TTLEditor.onCreateOptionsMenu(#Menu)","mm_value_text":"API: android.view.Menu|method: null|()"}],"method_non_acc_mod":"","method_args":"Menu#","method_class":"0984fc1b-cb37-49b3-be5c-f6e56709568e#org.segin.ttleditor.TTLEditor"}]},{"class_vars":[],"class_is_interface":false,"class_superclass":"IntentService","class_id":"0984fc1b-cb37-49b3-be5c-f6e56709568e#org.segin.ttleditor.BootService","class_app":"0984fc1b-cb37-49b3-be5c-f6e56709568e#org.segin.ttleditor","class_package":"org.segin.ttleditor","class_imports":[{"import_name":"android.preference.name","import_class":"0984fc1b-cb37-49b3-be5c-f6e56709568e#org.segin.ttleditor.BootService"},{"import_name":"android.content.name","import_class":"0984fc1b-cb37-49b3-be5c-f6e56709568e#org.segin.ttleditor.BootService"},{"import_name":"android.app.name","import_class":"0984fc1b-cb37-49b3-be5c-f6e56709568e#org.segin.ttleditor.BootService"},{"import_name":"android.content.name","import_class":"0984fc1b-cb37-49b3-be5c-f6e56709568e#org.segin.ttleditor.BootService"}],"class_implemented_ifaces":"","class_acc_modifier":"public","class_non_acc_mod":"","class_name":"BootService","class_methods":[{"method_declared_vars":[{"var_type":"String","var_array":false,"var_name":"iface"},{"var_type":"SharedPreferences","var_array":false,"var_name":"myPreference"},{"var_type":"String","var_array":false,"var_name":"ttl"}],"method_name":"onHandleIntent","method_acc_modifier":"protected","method_id":"org.segin.ttleditor.BootService.onHandleIntent(#Intent)","method_metrics":[{"mm_value":6,"mm_metric":"loc","mm_method":"org.segin.ttleditor.BootService.onHandleIntent(#Intent)","mm_value_text":""},{"mm_value":2,"mm_metric":"cc","mm_method":"org.segin.ttleditor.BootService.onHandleIntent(#Intent)","mm_value_text":""},{"mm_value":1,"mm_metric":"nr_args","mm_method":"org.segin.ttleditor.BootService.onHandleIntent(#Intent)","mm_value_text":""},{"mm_value":0,"mm_metric":"externalapi","mm_method":"org.segin.ttleditor.BootService.onHandleIntent(#Intent)","mm_value_text":"API: this|method: this|()"},{"mm_value":0,"mm_metric":"externalapi","mm_method":"org.segin.ttleditor.BootService.onHandleIntent(#Intent)","mm_value_text":"API: TTLEditor|method: TTLEditor|()"},{"mm_value":0,"mm_metric":"externalapi","mm_method":"org.segin.ttleditor.BootService.onHandleIntent(#Intent)","mm_value_text":"API: TTLEditor|method: null|()"},{"mm_value":0,"mm_metric":"externalapi","mm_method":"org.segin.ttleditor.BootService.onHandleIntent(#Intent)","mm_value_text":"API: TTLEditor|method: changeTTL|()"},{"mm_value":0,"mm_metric":"externalapi","mm_method":"org.segin.ttleditor.BootService.onHandleIntent(#Intent)","mm_value_text":"API: this|method: getApplicationContext|()"},{"mm_value":0,"mm_metric":"androidapi","mm_method":"org.segin.ttleditor.BootService.onHandleIntent(#Intent)","mm_value_text":"API: android.content.SharedPreferences|method: myPreference|()"},{"mm_value":0,"mm_metric":"androidapi","mm_method":"org.segin.ttleditor.BootService.onHandleIntent(#Intent)","mm_value_text":"API: android.preference.PreferenceManager|method: PreferenceManager|()"},{"mm_value":0,"mm_metric":"androidapi","mm_method":"org.segin.ttleditor.BootService.onHandleIntent(#Intent)","mm_value_text":"API: android.preference.PreferenceManager|method: getDefaultSharedPreferences|()"},{"mm_value":0,"mm_metric":"androidapi","mm_method":"org.segin.ttleditor.BootService.onHandleIntent(#Intent)","mm_value_text":"API: android.content.SharedPreferences|method: null|()"},{"mm_value":0,"mm_metric":"androidapi","mm_method":"org.segin.ttleditor.BootService.onHandleIntent(#Intent)","mm_value_text":"API: android.preference.PreferenceManager|method: null|()"},{"mm_value":0,"mm_metric":"androidapi","mm_method":"org.segin.ttleditor.BootService.onHandleIntent(#Intent)","mm_value_text":"API: android.content.SharedPreferences|method: getString|()"},{"mm_value":0,"mm_metric":"javaapi","mm_method":"org.segin.ttleditor.BootService.onHandleIntent(#Intent)","mm_value_text":"API: String|method: null|()"}],"method_non_acc_mod":"","method_args":"Intent#","method_class":"0984fc1b-cb37-49b3-be5c-f6e56709568e#org.segin.ttleditor.BootService"},{"method_declared_vars":[],"method_name":"BootService","method_acc_modifier":"public","method_id":"org.segin.ttleditor.BootService.BootService()","method_metrics":[{"mm_value":1,"mm_metric":"loc","mm_method":"org.segin.ttleditor.BootService.BootService()","mm_value_text":""},{"mm_value":1,"mm_metric":"cc","mm_method":"org.segin.ttleditor.BootService.BootService()","mm_value_text":""},{"mm_value":0,"mm_metric":"nr_args","mm_method":"org.segin.ttleditor.BootService.BootService()","mm_value_text":""}],"method_non_acc_mod":"","method_args":"","method_class":"0984fc1b-cb37-49b3-be5c-f6e56709568e#org.segin.ttleditor.BootService"}]},{"class_vars":[{"var_type":"boolean","var_isTransient":false,"var_isVolatile":false,"var_isFinal":false,"var_array":false,"var_isStatic":false},{"var_type":"Preference.OnPreferenceChangeListener","var_isTransient":false,"var_isVolatile":false,"var_isFinal":false,"var_array":false,"var_isStatic":false}],"class_is_interface":false,"class_superclass":"PreferenceActivity","class_id":"0984fc1b-cb37-49b3-be5c-f6e56709568e#org.segin.ttleditor.SettingsActivity","class_app":"0984fc1b-cb37-49b3-be5c-f6e56709568e#org.segin.ttleditor","class_package":"org.segin.ttleditor","class_imports":[{"import_name":"android.content.name","import_class":"0984fc1b-cb37-49b3-be5c-f6e56709568e#org.segin.ttleditor.SettingsActivity"},{"import_name":"android.preference.name","import_class":"0984fc1b-cb37-49b3-be5c-f6e56709568e#org.segin.ttleditor.SettingsActivity"},{"import_name":"android.preference.name","import_class":"0984fc1b-cb37-49b3-be5c-f6e56709568e#org.segin.ttleditor.SettingsActivity"},{"import_name":"android.content.res.name","import_class":"0984fc1b-cb37-49b3-be5c-f6e56709568e#org.segin.ttleditor.SettingsActivity"},{"import_name":"android.preference.name","import_class":"0984fc1b-cb37-49b3-be5c-f6e56709568e#org.segin.ttleditor.SettingsActivity"},{"import_name":"android.os.name","import_class":"0984fc1b-cb37-49b3-be5c-f6e56709568e#org.segin.ttleditor.SettingsActivity"},{"import_name":"android.view.name","import_class":"0984fc1b-cb37-49b3-be5c-f6e56709568e#org.segin.ttleditor.SettingsActivity"},{"import_name":"android.annotation.name","import_class":"0984fc1b-cb37-49b3-be5c-f6e56709568e#org.segin.ttleditor.SettingsActivity"},{"import_name":"android.content.name","import_class":"0984fc1b-cb37-49b3-be5c-f6e56709568e#org.segin.ttleditor.SettingsActivity"},{"import_name":"java.util.name","import_class":"0984fc1b-cb37-49b3-be5c-f6e56709568e#org.segin.ttleditor.SettingsActivity"},{"import_name":"android.preference.name","import_class":"0984fc1b-cb37-49b3-be5c-f6e56709568e#org.segin.ttleditor.SettingsActivity"},{"import_name":"android.support.v4.app.name","import_class":"0984fc1b-cb37-49b3-be5c-f6e56709568e#org.segin.ttleditor.SettingsActivity"},{"import_name":"android.preference.name","import_class":"0984fc1b-cb37-49b3-be5c-f6e56709568e#org.segin.ttleditor.SettingsActivity"},{"import_name":"android.app.name","import_class":"0984fc1b-cb37-49b3-be5c-f6e56709568e#org.segin.ttleditor.SettingsActivity"},{"import_name":"android.os.name","import_class":"0984fc1b-cb37-49b3-be5c-f6e56709568e#org.segin.ttleditor.SettingsActivity"}],"class_implemented_ifaces":"","class_acc_modifier":"private","class_non_acc_mod":"","class_name":"SettingsActivity","class_methods":[{"method_declared_vars":[],"method_name":"onCreate","method_acc_modifier":"protected","method_id":"org.segin.ttleditor.SettingsActivity.onCreate(#Bundle)","method_metrics":[{"mm_value":2,"mm_metric":"loc","mm_method":"org.segin.ttleditor.SettingsActivity.onCreate(#Bundle)","mm_value_text":""},{"mm_value":1,"mm_metric":"cc","mm_method":"org.segin.ttleditor.SettingsActivity.onCreate(#Bundle)","mm_value_text":""},{"mm_value":1,"mm_metric":"nr_args","mm_method":"org.segin.ttleditor.SettingsActivity.onCreate(#Bundle)","mm_value_text":""},{"mm_value":0,"mm_metric":"androidapi","mm_method":"org.segin.ttleditor.SettingsActivity.onCreate(#Bundle)","mm_value_text":"API: android.os.Bundle|method: null|()"},{"mm_value":0,"mm_metric":"androidapi","mm_method":"org.segin.ttleditor.SettingsActivity.onCreate(#Bundle)","mm_value_text":"API: android.preference.PreferenceActivity|method: onCreate|()"},{"mm_value":0,"mm_metric":"androidapi","mm_method":"org.segin.ttleditor.SettingsActivity.onCreate(#Bundle)","mm_value_text":"API: android.preference.PreferenceActivity|method: super|()"},{"mm_value":0,"mm_metric":"androidapi","mm_method":"org.segin.ttleditor.SettingsActivity.onCreate(#Bundle)","mm_value_text":"API: android.preference.PreferenceActivity|method: null|()"}],"method_non_acc_mod":"","method_args":"Bundle#","method_class":"0984fc1b-cb37-49b3-be5c-f6e56709568e#org.segin.ttleditor.SettingsActivity"},{"method_declared_vars":[],"method_name":"onIsMultiPane","method_acc_modifier":"public","method_id":"org.segin.ttleditor.SettingsActivity.onIsMultiPane()","method_metrics":[{"mm_value":1,"mm_metric":"loc","mm_method":"org.segin.ttleditor.SettingsActivity.onIsMultiPane()","mm_value_text":""},{"mm_value":1,"mm_metric":"cc","mm_method":"org.segin.ttleditor.SettingsActivity.onIsMultiPane()","mm_value_text":""},{"mm_value":0,"mm_metric":"nr_args","mm_method":"org.segin.ttleditor.SettingsActivity.onIsMultiPane()","mm_value_text":""}],"method_non_acc_mod":"","method_args":"","method_class":"0984fc1b-cb37-49b3-be5c-f6e56709568e#org.segin.ttleditor.SettingsActivity"},{"method_declared_vars":[],"method_name":"isXLargeTablet","method_acc_modifier":"private","method_id":"org.segin.ttleditor.SettingsActivity.isXLargeTablet(#Context)","method_metrics":[{"mm_value":1,"mm_metric":"loc","mm_method":"org.segin.ttleditor.SettingsActivity.isXLargeTablet(#Context)","mm_value_text":""},{"mm_value":1,"mm_metric":"cc","mm_method":"org.segin.ttleditor.SettingsActivity.isXLargeTablet(#Context)","mm_value_text":""},{"mm_value":1,"mm_metric":"nr_args","mm_method":"org.segin.ttleditor.SettingsActivity.isXLargeTablet(#Context)","mm_value_text":""}],"method_non_acc_mod":"#static","method_args":"Context#","method_class":"0984fc1b-cb37-49b3-be5c-f6e56709568e#org.segin.ttleditor.SettingsActivity"},{"method_declared_vars":[],"method_name":"onPostCreate","method_acc_modifier":"protected","method_id":"org.segin.ttleditor.SettingsActivity.onPostCreate(#Bundle)","method_metrics":[{"mm_value":2,"mm_metric":"loc","mm_method":"org.segin.ttleditor.SettingsActivity.onPostCreate(#Bundle)","mm_value_text":""},{"mm_value":1,"mm_metric":"cc","mm_method":"org.segin.ttleditor.SettingsActivity.onPostCreate(#Bundle)","mm_value_text":""},{"mm_value":1,"mm_metric":"nr_args","mm_method":"org.segin.ttleditor.SettingsActivity.onPostCreate(#Bundle)","mm_value_text":""},{"mm_value":0,"mm_metric":"androidapi","mm_method":"org.segin.ttleditor.SettingsActivity.onPostCreate(#Bundle)","mm_value_text":"API: android.os.Bundle|method: null|()"},{"mm_value":0,"mm_metric":"androidapi","mm_method":"org.segin.ttleditor.SettingsActivity.onPostCreate(#Bundle)","mm_value_text":"API: android.preference.PreferenceActivity|method: super|()"},{"mm_value":0,"mm_metric":"androidapi","mm_method":"org.segin.ttleditor.SettingsActivity.onPostCreate(#Bundle)","mm_value_text":"API: android.preference.PreferenceActivity|method: onPostCreate|()"},{"mm_value":0,"mm_metric":"androidapi","mm_method":"org.segin.ttleditor.SettingsActivity.onPostCreate(#Bundle)","mm_value_text":"API: android.preference.PreferenceActivity|method: null|()"}],"method_non_acc_mod":"","method_args":"Bundle#","method_class":"0984fc1b-cb37-49b3-be5c-f6e56709568e#org.segin.ttleditor.SettingsActivity"},{"method_declared_vars":[],"method_name":"isValidFragment","method_acc_modifier":"protected","method_id":"org.segin.ttleditor.SettingsActivity.isValidFragment(#String)","method_metrics":[{"mm_value":3,"mm_metric":"loc","mm_method":"org.segin.ttleditor.SettingsActivity.isValidFragment(#String)","mm_value_text":""},{"mm_value":3,"mm_metric":"cc","mm_method":"org.segin.ttleditor.SettingsActivity.isValidFragment(#String)","mm_value_text":""},{"mm_value":1,"mm_metric":"nr_args","mm_method":"org.segin.ttleditor.SettingsActivity.isValidFragment(#String)","mm_value_text":""}],"method_non_acc_mod":"","method_args":"String#","method_class":"0984fc1b-cb37-49b3-be5c-f6e56709568e#org.segin.ttleditor.SettingsActivity"},{"method_declared_vars":[{"var_type":"Preference","var_array":false,"var_name":"sharePref"},{"var_type":"ActionBar","var_array":false,"var_name":"actionBar"},{"var_type":"PreferenceCategory","var_array":false,"var_name":"fakeHeader"}],"method_name":"setupSimplePreferencesScreen","method_acc_modifier":"private","method_id":"org.segin.ttleditor.SettingsActivity.setupSimplePreferencesScreen()","method_metrics":[{"mm_value":29,"mm_metric":"loc","mm_method":"org.segin.ttleditor.SettingsActivity.setupSimplePreferencesScreen()","mm_value_text":""},{"mm_value":3,"mm_metric":"cc","mm_method":"org.segin.ttleditor.SettingsActivity.setupSimplePreferencesScreen()","mm_value_text":""},{"mm_value":0,"mm_metric":"nr_args","mm_method":"org.segin.ttleditor.SettingsActivity.setupSimplePreferencesScreen()","mm_value_text":""},{"mm_value":0,"mm_metric":"externalapi","mm_method":"org.segin.ttleditor.SettingsActivity.setupSimplePreferencesScreen()","mm_value_text":"API: OnPreferenceClickListener|method: null|()"},{"mm_value":0,"mm_metric":"externalapi","mm_method":"org.segin.ttleditor.SettingsActivity.setupSimplePreferencesScreen()","mm_value_text":"API: R.xml|method: null|()"},{"mm_value":0,"mm_metric":"externalapi","mm_method":"org.segin.ttleditor.SettingsActivity.setupSimplePreferencesScreen()","mm_value_text":"API: getPreferenceScreen()|method: addPreference|()"},{"mm_value":0,"mm_metric":"externalapi","mm_method":"org.segin.ttleditor.SettingsActivity.setupSimplePreferencesScreen()","mm_value_text":"API: R.string|method: null|()"},{"mm_value":0,"mm_metric":"externalapi","mm_method":"org.segin.ttleditor.SettingsActivity.setupSimplePreferencesScreen()","mm_value_text":"API: getPreferenceScreen()|method: getPreferenceScreen()|()"},{"mm_value":0,"mm_metric":"androidapi","mm_method":"org.segin.ttleditor.SettingsActivity.setupSimplePreferencesScreen()","mm_value_text":"API: android.app.ActionBar|method: null|()"},{"mm_value":0,"mm_metric":"androidapi","mm_method":"org.segin.ttleditor.SettingsActivity.setupSimplePreferencesScreen()","mm_value_text":"API: android.preference.PreferenceCategory|method: null|()"},{"mm_value":0,"mm_metric":"androidapi","mm_method":"org.segin.ttleditor.SettingsActivity.setupSimplePreferencesScreen()","mm_value_text":"API: android.preference.Preference|method: null|()"},{"mm_value":0,"mm_metric":"androidapi","mm_method":"org.segin.ttleditor.SettingsActivity.setupSimplePreferencesScreen()","mm_value_text":"API: android.preference.PreferenceCategory|method: fakeHeader|()"},{"mm_value":0,"mm_metric":"androidapi","mm_method":"org.segin.ttleditor.SettingsActivity.setupSimplePreferencesScreen()","mm_value_text":"API: android.preference.Preference|method: setOnPreferenceClickListener|()"},{"mm_value":0,"mm_metric":"androidapi","mm_method":"org.segin.ttleditor.SettingsActivity.setupSimplePreferencesScreen()","mm_value_text":"API: android.preference.PreferenceCategory|method: setTitle|()"},{"mm_value":0,"mm_metric":"androidapi","mm_method":"org.segin.ttleditor.SettingsActivity.setupSimplePreferencesScreen()","mm_value_text":"API: android.preference.Preference|method: sharePref|()"}],"method_non_acc_mod":"","method_args":"","method_class":"0984fc1b-cb37-49b3-be5c-f6e56709568e#org.segin.ttleditor.SettingsActivity"},{"method_declared_vars":[],"method_name":"onBuildHeaders","method_acc_modifier":"public","method_id":"org.segin.ttleditor.SettingsActivity.onBuildHeaders(#List<Header>)","method_metrics":[{"mm_value":3,"mm_metric":"loc","mm_method":"org.segin.ttleditor.SettingsActivity.onBuildHeaders(#List<Header>)","mm_value_text":""},{"mm_value":2,"mm_metric":"cc","mm_method":"org.segin.ttleditor.SettingsActivity.onBuildHeaders(#List<Header>)","mm_value_text":""},{"mm_value":1,"mm_metric":"nr_args","mm_method":"org.segin.ttleditor.SettingsActivity.onBuildHeaders(#List<Header>)","mm_value_text":""},{"mm_value":0,"mm_metric":"externalapi","mm_method":"org.segin.ttleditor.SettingsActivity.onBuildHeaders(#List<Header>)","mm_value_text":"API: R.xml|method: null|()"},{"mm_value":0,"mm_metric":"externalapi","mm_method":"org.segin.ttleditor.SettingsActivity.onBuildHeaders(#List<Header>)","mm_value_text":"API: Header|method: null|()"},{"mm_value":0,"mm_metric":"javaapi","mm_method":"org.segin.ttleditor.SettingsActivity.onBuildHeaders(#List<Header>)","mm_value_text":"API: java.util.List|method: null|()"}],"method_non_acc_mod":"","method_args":"List<Header>#","method_class":"0984fc1b-cb37-49b3-be5c-f6e56709568e#org.segin.ttleditor.SettingsActivity"},{"method_declared_vars":[],"method_name":"bindPreferenceSummaryToValue","method_acc_modifier":"private","method_id":"org.segin.ttleditor.SettingsActivity.bindPreferenceSummaryToValue(#Preference)","method_metrics":[{"mm_value":2,"mm_metric":"loc","mm_method":"org.segin.ttleditor.SettingsActivity.bindPreferenceSummaryToValue(#Preference)","mm_value_text":""},{"mm_value":1,"mm_metric":"cc","mm_method":"org.segin.ttleditor.SettingsActivity.bindPreferenceSummaryToValue(#Preference)","mm_value_text":""},{"mm_value":1,"mm_metric":"nr_args","mm_method":"org.segin.ttleditor.SettingsActivity.bindPreferenceSummaryToValue(#Preference)","mm_value_text":""},{"mm_value":0,"mm_metric":"externalapi","mm_method":"org.segin.ttleditor.SettingsActivity.bindPreferenceSummaryToValue(#Preference)","mm_value_text":"API: Preference.OnPreferenceChangeListener|method: sBindPreferenceSummaryToValueListener|()"},{"mm_value":0,"mm_metric":"externalapi","mm_method":"org.segin.ttleditor.SettingsActivity.bindPreferenceSummaryToValue(#Preference)","mm_value_text":"API: Preference.OnPreferenceChangeListener|method: onPreferenceChange|()"},{"mm_value":0,"mm_metric":"externalapi","mm_method":"org.segin.ttleditor.SettingsActivity.bindPreferenceSummaryToValue(#Preference)","mm_value_text":"API: PreferenceManager.getDefaultSharedPreferences(preference.getContext())|method: getString|()"},{"mm_value":0,"mm_metric":"externalapi","mm_method":"org.segin.ttleditor.SettingsActivity.bindPreferenceSummaryToValue(#Preference)","mm_value_text":"API: Preference.OnPreferenceChangeListener|method: null|()"},{"mm_value":0,"mm_metric":"androidapi","mm_method":"org.segin.ttleditor.SettingsActivity.bindPreferenceSummaryToValue(#Preference)","mm_value_text":"API: android.preference.PreferenceManager|method: PreferenceManager|()"},{"mm_value":0,"mm_metric":"androidapi","mm_method":"org.segin.ttleditor.SettingsActivity.bindPreferenceSummaryToValue(#Preference)","mm_value_text":"API: android.preference.PreferenceManager|method: getDefaultSharedPreferences|()"},{"mm_value":0,"mm_metric":"androidapi","mm_method":"org.segin.ttleditor.SettingsActivity.bindPreferenceSummaryToValue(#Preference)","mm_value_text":"API: android.preference.Preference|method: getContext|()"},{"mm_value":0,"mm_metric":"androidapi","mm_method":"org.segin.ttleditor.SettingsActivity.bindPreferenceSummaryToValue(#Preference)","mm_value_text":"API: android.preference.Preference|method: null|()"},{"mm_value":0,"mm_metric":"androidapi","mm_method":"org.segin.ttleditor.SettingsActivity.bindPreferenceSummaryToValue(#Preference)","mm_value_text":"API: android.preference.PreferenceManager|method: PreferenceManager.getDefaultSharedPreferences(preference.getContext())|()"},{"mm_value":0,"mm_metric":"androidapi","mm_method":"org.segin.ttleditor.SettingsActivity.bindPreferenceSummaryToValue(#Preference)","mm_value_text":"API: android.preference.Preference|method: setOnPreferenceChangeListener|()"},{"mm_value":0,"mm_metric":"androidapi","mm_method":"org.segin.ttleditor.SettingsActivity.bindPreferenceSummaryToValue(#Preference)","mm_value_text":"API: android.preference.Preference|method: getKey|()"},{"mm_value":0,"mm_metric":"androidapi","mm_method":"org.segin.ttleditor.SettingsActivity.bindPreferenceSummaryToValue(#Preference)","mm_value_text":"API: android.preference.PreferenceManager|method: null|()"},{"mm_value":0,"mm_metric":"androidapi","mm_method":"org.segin.ttleditor.SettingsActivity.bindPreferenceSummaryToValue(#Preference)","mm_value_text":"API: android.preference.Preference|method: preference|()"}],"method_non_acc_mod":"#static","method_args":"Preference#","method_class":"0984fc1b-cb37-49b3-be5c-f6e56709568e#org.segin.ttleditor.SettingsActivity"},{"method_declared_vars":[],"method_name":"isSimplePreferences","method_acc_modifier":"private","method_id":"org.segin.ttleditor.SettingsActivity.isSimplePreferences(#Context)","method_metrics":[{"mm_value":1,"mm_metric":"loc","mm_method":"org.segin.ttleditor.SettingsActivity.isSimplePreferences(#Context)","mm_value_text":""},{"mm_value":1,"mm_metric":"cc","mm_method":"org.segin.ttleditor.SettingsActivity.isSimplePreferences(#Context)","mm_value_text":""},{"mm_value":1,"mm_metric":"nr_args","mm_method":"org.segin.ttleditor.SettingsActivity.isSimplePreferences(#Context)","mm_value_text":""}],"method_non_acc_mod":"#static","method_args":"Context#","method_class":"0984fc1b-cb37-49b3-be5c-f6e56709568e#org.segin.ttleditor.SettingsActivity"},{"method_declared_vars":[],"method_name":"setupActionBar","method_acc_modifier":"private","method_id":"org.segin.ttleditor.SettingsActivity.setupActionBar()","method_metrics":[{"mm_value":3,"mm_metric":"loc","mm_method":"org.segin.ttleditor.SettingsActivity.setupActionBar()","mm_value_text":""},{"mm_value":2,"mm_metric":"cc","mm_method":"org.segin.ttleditor.SettingsActivity.setupActionBar()","mm_value_text":""},{"mm_value":0,"mm_metric":"nr_args","mm_method":"org.segin.ttleditor.SettingsActivity.setupActionBar()","mm_value_text":""},{"mm_value":0,"mm_metric":"externalapi","mm_method":"org.segin.ttleditor.SettingsActivity.setupActionBar()","mm_value_text":"API: getActionBar()|method: getActionBar()|()"},{"mm_value":0,"mm_metric":"externalapi","mm_method":"org.segin.ttleditor.SettingsActivity.setupActionBar()","mm_value_text":"API: getActionBar()|method: setDisplayHomeAsUpEnabled|()"}],"method_non_acc_mod":"","method_args":"","method_class":"0984fc1b-cb37-49b3-be5c-f6e56709568e#org.segin.ttleditor.SettingsActivity"},{"method_declared_vars":[{"var_type":"int","var_array":false,"var_name":"id"}],"method_name":"onOptionsItemSelected","method_acc_modifier":"public","method_id":"org.segin.ttleditor.SettingsActivity.onOptionsItemSelected(#MenuItem)","method_metrics":[{"mm_value":6,"mm_metric":"loc","mm_method":"org.segin.ttleditor.SettingsActivity.onOptionsItemSelected(#MenuItem)","mm_value_text":""},{"mm_value":3,"mm_metric":"cc","mm_method":"org.segin.ttleditor.SettingsActivity.onOptionsItemSelected(#MenuItem)","mm_value_text":""},{"mm_value":1,"mm_metric":"nr_args","mm_method":"org.segin.ttleditor.SettingsActivity.onOptionsItemSelected(#MenuItem)","mm_value_text":""},{"mm_value":0,"mm_metric":"androidapi","mm_method":"org.segin.ttleditor.SettingsActivity.onOptionsItemSelected(#MenuItem)","mm_value_text":"API: android.support.v4.app.NavUtils|method: NavUtils|()"},{"mm_value":0,"mm_metric":"androidapi","mm_method":"org.segin.ttleditor.SettingsActivity.onOptionsItemSelected(#MenuItem)","mm_value_text":"API: android.preference.PreferenceActivity|method: super|()"},{"mm_value":0,"mm_metric":"androidapi","mm_method":"org.segin.ttleditor.SettingsActivity.onOptionsItemSelected(#MenuItem)","mm_value_text":"API: android.view.MenuItem|method: getItemId|()"},{"mm_value":0,"mm_metric":"androidapi","mm_method":"org.segin.ttleditor.SettingsActivity.onOptionsItemSelected(#MenuItem)","mm_value_text":"API: android.view.MenuItem|method: item|()"},{"mm_value":0,"mm_metric":"androidapi","mm_method":"org.segin.ttleditor.SettingsActivity.onOptionsItemSelected(#MenuItem)","mm_value_text":"API: android.preference.PreferenceActivity|method: null|()"},{"mm_value":0,"mm_metric":"androidapi","mm_method":"org.segin.ttleditor.SettingsActivity.onOptionsItemSelected(#MenuItem)","mm_value_text":"API: android.support.v4.app.NavUtils|method: navigateUpFromSameTask|()"},{"mm_value":0,"mm_metric":"androidapi","mm_method":"org.segin.ttleditor.SettingsActivity.onOptionsItemSelected(#MenuItem)","mm_value_text":"API: android.preference.PreferenceActivity|method: onOptionsItemSelected|()"},{"mm_value":0,"mm_metric":"androidapi","mm_method":"org.segin.ttleditor.SettingsActivity.onOptionsItemSelected(#MenuItem)","mm_value_text":"API: android.support.v4.app.NavUtils|method: null|()"},{"mm_value":0,"mm_metric":"androidapi","mm_method":"org.segin.ttleditor.SettingsActivity.onOptionsItemSelected(#MenuItem)","mm_value_text":"API: android.view.MenuItem|method: null|()"}],"method_non_acc_mod":"","method_args":"MenuItem#","method_class":"0984fc1b-cb37-49b3-be5c-f6e56709568e#org.segin.ttleditor.SettingsActivity"}]}],"app_version":0.0,"app_location":"\/Users\/ruirua\/Documents\/Tese\/resultados\/relevantApps\/0984fc1b-cb37-49b3-be5c-f6e56709568e\/","app_flavor":null,"app_permissions":[],"app_id":"0984fc1b-cb37-49b3-be5c-f6e56709568e#org.segin.ttleditor","app_description":null}],"project_description":"","project_id":"0984fc1b-cb37-49b3-be5c-f6e56709568e","project_packages":[{"package":"org.segin.ttleditor"}],"project_build_tool":"gradle"}