[{"androidAPIS":[],"javaAPIS":[],"unknownAPIS":[],"methodName":"calculateCameraDisplayOrientation","externalAPI":[{"method":null,"class":"android.hardware.Camera.CameraInfo"},{"method":"getWindowManager().getDefaultDisplay()","class":"getWindowManager()"},{"method":"getDefaultDisplay","class":"getWindowManager()"},{"method":"android.hardware.Camera","class":"android"},{"method":null,"class":"android.hardware"},{"method":"getWindowManager()","class":"getWindowManager()"},{"method":"getRotation","class":"getWindowManager().getDefaultDisplay()"},{"method":null,"class":"CameraInfo"}]},{"androidAPIS":[{"method":null,"class":"android.hardware.Camera.Size"}],"javaAPIS":[{"method":null,"class":"Double"},{"method":null,"class":"java.util.List"}],"unknownAPIS":[],"methodName":"getOptimalPreviewSize","externalAPI":[{"method":"Math","class":"Math"},{"method":null,"class":"size"},{"method":null,"class":"Math"},{"method":"abs","class":"Math"}]},{"androidAPIS":[],"javaAPIS":[],"unknownAPIS":[],"methodName":"","externalAPI":[]},{"androidAPIS":[],"javaAPIS":[],"unknownAPIS":[],"methodName":"onDraw","externalAPI":[{"method":null,"class":"box"},{"method":null,"class":"Canvas"}]},{"androidAPIS":[{"method":null,"class":"android.media.MediaPlayer"},{"method":"setAudioStreamType","class":"android.media.MediaPlayer"},{"method":null,"class":"android.content.res.Resources"}],"javaAPIS":[],"unknownAPIS":[],"methodName":"initBeep","externalAPI":[]},{"androidAPIS":[],"javaAPIS":[],"unknownAPIS":[],"methodName":"setScanning","externalAPI":[{"method":"vincodeView","class":"RotatableTextView"},{"method":"setVisibility","class":"RotatableTextView"},{"method":"finderView","class":"ViewFinder"},{"method":null,"class":"ViewFinder"},{"method":null,"class":"RotatableTextView"},{"method":"setRunning","class":"ViewFinder"},{"method":null,"class":"View"}]},{"androidAPIS":[],"javaAPIS":[{"method":null,"class":"java.util.List"}],"unknownAPIS":[],"methodName":"configureFrameRate","externalAPI":[{"method":null,"class":"Camera.Parameters"},{"method":null,"class":"int[]"},{"method":"setPreviewFpsRange","class":"Camera.Parameters"},{"method":"params","class":"Camera.Parameters"},{"method":"setPreviewFrameRate","class":"Camera.Parameters"},{"method":"getSupportedPreviewFpsRange","class":"Camera.Parameters"}]},{"androidAPIS":[{"method":"Log","class":"android.util.Log"},{"method":"cancel","class":"android.widget.Toast"},{"method":null,"class":"android.widget.Toast"},{"method":"release","class":"android.hardware.Camera"},{"method":"setPreviewCallback","class":"android.hardware.Camera"},{"method":"i","class":"android.util.Log"},{"method":"stopPreview","class":"android.hardware.Camera"},{"method":null,"class":"android.app.Activity"},{"method":null,"class":"android.util.Log"},{"method":null,"class":"android.hardware.Camera"}],"javaAPIS":[{"method":null,"class":"String"}],"unknownAPIS":[],"methodName":"onPause","externalAPI":[{"method":"super","class":"super"},{"method":null,"class":"OrientationEventListener"},{"method":"cameraThread","class":"CameraThread"},{"method":"torchControl","class":"TorchControl"},{"method":null,"class":"TorchControl"},{"method":null,"class":"Handler"},{"method":null,"class":"Runnable"},{"method":"orientationListener","class":"OrientationEventListener"},{"method":"handler","class":"Handler"},{"method":"onPause","class":"super"},{"method":null,"class":"CameraThread"},{"method":"removeCallbacks","class":"Handler"},{"method":"torch","class":"TorchControl"},{"method":"finish","class":"CameraThread"},{"method":"disable","class":"OrientationEventListener"}]},{"androidAPIS":[],"javaAPIS":[],"unknownAPIS":[],"methodName":"drawWithHorizontalOrientation","externalAPI":[{"method":"set","class":"android.graphics.Rect"},{"method":"paint","class":"android.graphics.Paint"},{"method":null,"class":"android.graphics.Rect"},{"method":"drawRect","class":"Canvas"},{"method":null,"class":"Canvas"},{"method":"setColor","class":"android.graphics.Paint"},{"method":"box","class":"android.graphics.Rect"},{"method":"canvas","class":"Canvas"},{"method":null,"class":"android.graphics.Paint"}]},{"androidAPIS":[{"method":"setPreviewCallback","class":"android.hardware.Camera"},{"method":"stopPreview","class":"android.hardware.Camera"},{"method":null,"class":"android.hardware.Camera"}],"javaAPIS":[],"unknownAPIS":[],"methodName":"cameraStopPreview","externalAPI":[]},{"androidAPIS":[],"javaAPIS":[],"unknownAPIS":[],"methodName":"setContentOrientation","externalAPI":[{"method":null,"class":"ContentOrientation"},{"method":null,"class":"this"}]},{"androidAPIS":[],"javaAPIS":[],"unknownAPIS":[],"methodName":"getRotatedBitmapForDrawable","externalAPI":[{"method":"decodeResource","class":"BitmapFactory"},{"method":null,"class":"Bitmap"},{"method":null,"class":"BitmapFactory"},{"method":"BitmapFactory","class":"BitmapFactory"}]},{"androidAPIS":[],"javaAPIS":[],"unknownAPIS":[],"methodName":"setRunning","externalAPI":[{"method":null,"class":"this"}]},{"androidAPIS":[],"javaAPIS":[],"unknownAPIS":[],"methodName":"","externalAPI":[]},{"androidAPIS":[],"javaAPIS":[],"unknownAPIS":[],"methodName":"changeScanningDirection","externalAPI":[{"method":"setContentOrientation","class":"ViewFinder"},{"method":null,"class":"ViewFinder.ContentOrientation"},{"method":"finderView","class":"ViewFinder"},{"method":null,"class":"ViewFinder"}]},{"androidAPIS":[],"javaAPIS":[],"unknownAPIS":[],"methodName":"surfaceDestroyed","externalAPI":[{"method":null,"class":"this"}]},{"androidAPIS":[],"javaAPIS":[],"unknownAPIS":[],"methodName":"surfaceChanged","externalAPI":[]},{"androidAPIS":[{"method":null,"class":"android.widget.ImageButton"},{"method":"open","class":"android.hardware.Camera"},{"method":"setImageBitmap","class":"android.widget.ImageButton"},{"method":"Camera","class":"android.hardware.Camera"},{"method":null,"class":"android.app.Activity"},{"method":null,"class":"android.hardware.Camera"}],"javaAPIS":[{"method":null,"class":"java.util.concurrent.CountDownLatch"}],"unknownAPIS":[],"methodName":"onResume","externalAPI":[{"method":"watchdog","class":"Runnable"},{"method":"run","class":"Runnable"},{"method":"getIdentifier","class":"getApplication().getResources()"},{"method":null,"class":"OrientationEventListener"},{"method":"getWidth","class":"SurfaceView"},{"method":"enable","class":"OrientationEventListener"},{"method":"getPackageName","class":"getApplication()"},{"method":"setType","class":"SurfaceHolder"},{"method":null,"class":"SurfaceHolder"},{"method":"getApplication()","class":"getApplication()"},{"method":null,"class":"PixelFormat"},{"method":"getResources","class":"getApplication()"},{"method":"addFlags","class":"getWindow()"},{"method":null,"class":"CameraThread"},{"method":null,"class":"SurfaceView"},{"method":"getHolder","class":"SurfaceView"},{"method":"super","class":"super"},{"method":"cameraThread","class":"CameraThread"},{"method":"surfaceHolder","class":"SurfaceHolder"},{"method":"onResume","class":"super"},{"method":"addCallback","class":"SurfaceHolder"},{"method":"getApplication().getResources()","class":"getApplication()"},{"method":"start","class":"CameraThread"},{"method":"getWindow()","class":"getWindow()"},{"method":"view","class":"SurfaceView"},{"method":"getHeight","class":"SurfaceView"},{"method":null,"class":"Runnable"},{"method":"orientationListener","class":"OrientationEventListener"}]},{"androidAPIS":[],"javaAPIS":[],"unknownAPIS":[],"methodName":"","externalAPI":[]},{"androidAPIS":[],"javaAPIS":[],"unknownAPIS":[],"methodName":"","externalAPI":[]},{"androidAPIS":[{"method":"Log","class":"android.util.Log"},{"method":"i","class":"android.util.Log"},{"method":null,"class":"android.util.Log"}],"javaAPIS":[{"method":null,"class":"String"}],"unknownAPIS":[],"methodName":"cameraStartPreview","externalAPI":[]},{"androidAPIS":[],"javaAPIS":[],"unknownAPIS":[],"methodName":"drawWithVerticalOrientation","externalAPI":[{"method":"set","class":"android.graphics.Rect"},{"method":"paint","class":"android.graphics.Paint"},{"method":null,"class":"android.graphics.Rect"},{"method":"drawRect","class":"Canvas"},{"method":null,"class":"Canvas"},{"method":"setColor","class":"android.graphics.Paint"},{"method":"box","class":"android.graphics.Rect"},{"method":"canvas","class":"Canvas"},{"method":null,"class":"android.graphics.Paint"}]},{"androidAPIS":[],"javaAPIS":[],"unknownAPIS":[],"methodName":"surfaceCreated","externalAPI":[{"method":null,"class":"SurfaceHolder"},{"method":null,"class":"this"}]},{"androidAPIS":[],"javaAPIS":[],"unknownAPIS":[],"methodName":"isScanning","externalAPI":[]},{"androidAPIS":[],"javaAPIS":[],"unknownAPIS":[],"methodName":"","externalAPI":[]},{"androidAPIS":[],"javaAPIS":[],"unknownAPIS":[],"methodName":"torch","externalAPI":[]},{"androidAPIS":[],"javaAPIS":[],"unknownAPIS":[],"methodName":"rotateBitmapForCurrentOrientation","externalAPI":[{"method":"createBitmap","class":"Bitmap"},{"method":"getHeight","class":"Bitmap"},{"method":"matrix","class":"Matrix"},{"method":null,"class":"Bitmap"},{"method":null,"class":"Matrix"},{"method":"source","class":"Bitmap"},{"method":"postRotate","class":"Matrix"},{"method":"Bitmap","class":"Bitmap"},{"method":"getWidth","class":"Bitmap"}]},{"androidAPIS":[{"method":"setOneShotPreviewCallback","class":"android.hardware.Camera"},{"method":null,"class":"android.hardware.Camera"}],"javaAPIS":[{"method":null,"class":"String"},{"method":"subSequence","class":"String"},{"method":"length","class":"String"}],"unknownAPIS":[],"methodName":"decode","externalAPI":[{"method":null,"class":"previewSize"},{"method":null,"class":"byte[]"},{"method":null,"class":"B4HScanner"},{"method":null,"class":"Camera.PreviewCallback"},{"method":"b4HScanner","class":"B4HScanner"},{"method":null,"class":"Message"},{"method":"sendMessageDelayed","class":"Handler"},{"method":null,"class":"Handler"},{"method":"parse","class":"B4HScanner"},{"method":"handler","class":"Handler"},{"method":"obtainMessage","class":"Handler"}]},{"androidAPIS":[],"javaAPIS":[],"unknownAPIS":[],"methodName":"rotateCameraImage","externalAPI":[{"method":null,"class":"byte[]"}]},{"androidAPIS":[{"method":"setOnClickListener","class":"android.widget.ImageButton"},{"method":null,"class":"android.widget.ImageButton"},{"method":null,"class":"android.widget.ImageView"},{"method":null,"class":"android.app.Activity"},{"method":null,"class":"android.view.View.OnClickListener"}],"javaAPIS":[{"method":null,"class":"String"}],"unknownAPIS":[],"methodName":"onCreate","externalAPI":[{"method":"super","class":"super"},{"method":null,"class":"Window"},{"method":"findViewById","class":"this"},{"method":"getIdentifier","class":"getApplication().getResources()"},{"method":null,"class":"ViewFinder"},{"method":null,"class":"OrientationEventListener"},{"method":null,"class":"Bundle"},{"method":"getBooleanExtra","class":"getIntent()"},{"method":null,"class":"SupportedOrientations"},{"method":null,"class":"RotatableTextView"},{"method":"getPackageName","class":"getApplication()"},{"method":"getApplication().getResources()","class":"getApplication()"},{"method":"this","class":"this"},{"method":"onCreate","class":"super"},{"method":"getWindow()","class":"getWindow()"},{"method":"getIntent()","class":"getIntent()"},{"method":null,"class":"ScannerOrientationListener"},{"method":"getApplication()","class":"getApplication()"},{"method":null,"class":"WindowManager.LayoutParams"},{"method":"getResources","class":"getApplication()"},{"method":"addFlags","class":"getWindow()"}]},{"androidAPIS":[{"method":null,"class":"android.app.Activity"}],"javaAPIS":[],"unknownAPIS":[],"methodName":"onKeyDown","externalAPI":[{"method":"super","class":"super"},{"method":null,"class":"KeyEvent"},{"method":"onKeyDown","class":"super"}]}]