Class,Method,Times invoked,CC,LoC,AndroidAPIs,N args
com.github.lassana.recorder.AudioRecorder,setStatus,484,0,1,0,0
com.github.lassana.continuous_audiorecorder.RecorderApplication,createRecorder,293,0,1,0,1
com.github.lassana.recorder.Mp4ParserWrapper,append,96,0,1,0,1
com.github.lassana.continuous_audiorecorder.activity.MainActivity,onCreate,295,0,1,0,1
com.github.lassana.recorder.AudioRecorder,start,527,0,1,0,0
com.github.lassana.recorder.AudioRecorder,onPostExecute,484,0,1,0,0
com.github.lassana.recorder.AudioRecorder,getStatus,751,0,1,0,0
com.github.lassana.continuous_audiorecorder.fragment.MainFragment,pause,147,0,1,0,0
com.github.lassana.continuous_audiorecorder.fragment.MainFragment,onViewCreated,293,0,1,0,0
com.github.lassana.continuous_audiorecorder.fragment.MainFragment,getNextFileName,293,0,1,0,0
com.github.lassana.recorder.AudioRecorder,build,585,0,1,0,0
com.github.lassana.continuous_audiorecorder.RecorderApplication,onCreate,295,0,1,0,1
com.github.lassana.continuous_audiorecorder.fragment.MainFragment,onClick,688,0,1,0,0
com.github.lassana.recorder.Mp4ParserWrapper,copyFile,96,0,1,0,1
com.github.lassana.continuous_audiorecorder.fragment.MainFragment,invalidateButtons,771,0,1,0,0
com.github.lassana.recorder.AudioRecorder,pause,147,0,1,0,0
com.github.lassana.recorder.Mp4ParserWrapper,copy,96,0,1,0,1
com.github.lassana.recorder.AudioRecorder,getTemporaryFileName,616,0,1,0,0
com.github.lassana.continuous_audiorecorder.RecorderApplication,getApplication,293,0,1,0,1
com.github.lassana.continuous_audiorecorder.fragment.MainFragment,start,527,0,1,0,0
com.github.lassana.continuous_audiorecorder.fragment.MainFragment,onCreateView,293,0,1,0,0
com.github.lassana.continuous_audiorecorder.fragment.MainFragment,play,16,0,1,0,0
com.github.lassana.recorder.AudioRecorder,appendToFile,96,0,1,0,0
com.github.lassana.recorder.AudioRecorder,doInBackground,667,0,1,0,0
