{"project_apps":[{"app_build_type":null,"app_project":"0931412f-7a30-4424-b39d-e130c37959f6","app_classes":[{"class_vars":[{"var_type":"TextView","var_isTransient":false,"var_isVolatile":false,"var_isFinal":false,"var_array":false,"var_isStatic":false},{"var_type":"Button","var_isTransient":false,"var_isVolatile":false,"var_isFinal":false,"var_array":false,"var_isStatic":false},{"var_type":"EditText","var_isTransient":false,"var_isVolatile":false,"var_isFinal":false,"var_array":false,"var_isStatic":false},{"var_type":"ArrayList","var_isTransient":false,"var_isVolatile":false,"var_isFinal":false,"var_array":false,"var_isStatic":false},{"var_type":"ListView","var_isTransient":false,"var_isVolatile":false,"var_isFinal":false,"var_array":false,"var_isStatic":false},{"var_type":"ArrayAdapter","var_isTransient":false,"var_isVolatile":false,"var_isFinal":false,"var_array":false,"var_isStatic":false}],"class_is_interface":false,"class_superclass":"Activity","class_id":"0931412f-7a30-4424-b39d-e130c37959f6#com.android.bryan.omgandroid.MainActivity","class_app":"0931412f-7a30-4424-b39d-e130c37959f6#com.android.bryan.omgandroid","class_package":"com.android.bryan.omgandroid","class_imports":[{"import_name":"android.widget.name","import_class":"0931412f-7a30-4424-b39d-e130c37959f6#com.android.bryan.omgandroid.MainActivity"},{"import_name":"android.widget.name","import_class":"0931412f-7a30-4424-b39d-e130c37959f6#com.android.bryan.omgandroid.MainActivity"},{"import_name":"android.os.name","import_class":"0931412f-7a30-4424-b39d-e130c37959f6#com.android.bryan.omgandroid.MainActivity"},{"import_name":"android.view.name","import_class":"0931412f-7a30-4424-b39d-e130c37959f6#com.android.bryan.omgandroid.MainActivity"},{"import_name":"android.app.name","import_class":"0931412f-7a30-4424-b39d-e130c37959f6#com.android.bryan.omgandroid.MainActivity"},{"import_name":"android.widget.name","import_class":"0931412f-7a30-4424-b39d-e130c37959f6#com.android.bryan.omgandroid.MainActivity"},{"import_name":"android.util.name","import_class":"0931412f-7a30-4424-b39d-e130c37959f6#com.android.bryan.omgandroid.MainActivity"},{"import_name":"android.widget.name","import_class":"0931412f-7a30-4424-b39d-e130c37959f6#com.android.bryan.omgandroid.MainActivity"},{"import_name":"java.util.name","import_class":"0931412f-7a30-4424-b39d-e130c37959f6#com.android.bryan.omgandroid.MainActivity"},{"import_name":"android.view.name","import_class":"0931412f-7a30-4424-b39d-e130c37959f6#com.android.bryan.omgandroid.MainActivity"},{"import_name":"android.view.name","import_class":"0931412f-7a30-4424-b39d-e130c37959f6#com.android.bryan.omgandroid.MainActivity"},{"import_name":"android.widget.name","import_class":"0931412f-7a30-4424-b39d-e130c37959f6#com.android.bryan.omgandroid.MainActivity"},{"import_name":"android.widget.name","import_class":"0931412f-7a30-4424-b39d-e130c37959f6#com.android.bryan.omgandroid.MainActivity"}],"class_implemented_ifaces":"android.view.OnClickListener#android.widget.OnItemClickListener#","class_acc_modifier":"","class_non_acc_mod":"","class_name":"MainActivity","class_methods":[{"method_declared_vars":[],"method_name":"onCreate","method_acc_modifier":"protected","method_id":"com.android.bryan.omgandroid.MainActivity.onCreate(#Bundle)","method_metrics":[{"mm_value":11,"mm_metric":"loc","mm_method":"com.android.bryan.omgandroid.MainActivity.onCreate(#Bundle)","mm_value_text":""},{"mm_value":1,"mm_metric":"cc","mm_method":"com.android.bryan.omgandroid.MainActivity.onCreate(#Bundle)","mm_value_text":""},{"mm_value":1,"mm_metric":"nr_args","mm_method":"com.android.bryan.omgandroid.MainActivity.onCreate(#Bundle)","mm_value_text":""},{"mm_value":0,"mm_metric":"externalapi","mm_method":"com.android.bryan.omgandroid.MainActivity.onCreate(#Bundle)","mm_value_text":"API: R.id|method: null|()"},{"mm_value":0,"mm_metric":"externalapi","mm_method":"com.android.bryan.omgandroid.MainActivity.onCreate(#Bundle)","mm_value_text":"API: android.R.layout|method: null|()"},{"mm_value":0,"mm_metric":"externalapi","mm_method":"com.android.bryan.omgandroid.MainActivity.onCreate(#Bundle)","mm_value_text":"API: R.layout|method: null|()"},{"mm_value":0,"mm_metric":"androidapi","mm_method":"com.android.bryan.omgandroid.MainActivity.onCreate(#Bundle)","mm_value_text":"API: android.widget.TextView|method: mainTextView|()"},{"mm_value":0,"mm_metric":"androidapi","mm_method":"com.android.bryan.omgandroid.MainActivity.onCreate(#Bundle)","mm_value_text":"API: android.os.Bundle|method: null|()"},{"mm_value":0,"mm_metric":"androidapi","mm_method":"com.android.bryan.omgandroid.MainActivity.onCreate(#Bundle)","mm_value_text":"API: android.app.Activity|method: super|()"},{"mm_value":0,"mm_metric":"androidapi","mm_method":"com.android.bryan.omgandroid.MainActivity.onCreate(#Bundle)","mm_value_text":"API: android.widget.Button|method: mainButton|()"},{"mm_value":0,"mm_metric":"androidapi","mm_method":"com.android.bryan.omgandroid.MainActivity.onCreate(#Bundle)","mm_value_text":"API: android.widget.ArrayAdapter|method: null|()"},{"mm_value":0,"mm_metric":"androidapi","mm_method":"com.android.bryan.omgandroid.MainActivity.onCreate(#Bundle)","mm_value_text":"API: android.widget.ListView|method: mainListView|()"},{"mm_value":0,"mm_metric":"androidapi","mm_method":"com.android.bryan.omgandroid.MainActivity.onCreate(#Bundle)","mm_value_text":"API: android.widget.ListView|method: setOnItemClickListener|()"},{"mm_value":0,"mm_metric":"androidapi","mm_method":"com.android.bryan.omgandroid.MainActivity.onCreate(#Bundle)","mm_value_text":"API: android.widget.TextView|method: setText|()"},{"mm_value":0,"mm_metric":"androidapi","mm_method":"com.android.bryan.omgandroid.MainActivity.onCreate(#Bundle)","mm_value_text":"API: android.widget.TextView|method: null|()"},{"mm_value":0,"mm_metric":"androidapi","mm_method":"com.android.bryan.omgandroid.MainActivity.onCreate(#Bundle)","mm_value_text":"API: android.widget.Button|method: setOnClickListener|()"},{"mm_value":0,"mm_metric":"androidapi","mm_method":"com.android.bryan.omgandroid.MainActivity.onCreate(#Bundle)","mm_value_text":"API: android.app.Activity|method: onCreate|()"},{"mm_value":0,"mm_metric":"androidapi","mm_method":"com.android.bryan.omgandroid.MainActivity.onCreate(#Bundle)","mm_value_text":"API: android.widget.Button|method: null|()"},{"mm_value":0,"mm_metric":"androidapi","mm_method":"com.android.bryan.omgandroid.MainActivity.onCreate(#Bundle)","mm_value_text":"API: android.widget.ListView|method: setAdapter|()"},{"mm_value":0,"mm_metric":"androidapi","mm_method":"com.android.bryan.omgandroid.MainActivity.onCreate(#Bundle)","mm_value_text":"API: android.widget.ListView|method: null|()"},{"mm_value":0,"mm_metric":"androidapi","mm_method":"com.android.bryan.omgandroid.MainActivity.onCreate(#Bundle)","mm_value_text":"API: android.app.Activity|method: null|()"},{"mm_value":0,"mm_metric":"androidapi","mm_method":"com.android.bryan.omgandroid.MainActivity.onCreate(#Bundle)","mm_value_text":"API: android.widget.EditText|method: null|()"},{"mm_value":0,"mm_metric":"javaapi","mm_method":"com.android.bryan.omgandroid.MainActivity.onCreate(#Bundle)","mm_value_text":"API: java.util.ArrayList|method: null|()"}],"method_non_acc_mod":"","method_args":"Bundle#","method_class":"0931412f-7a30-4424-b39d-e130c37959f6#com.android.bryan.omgandroid.MainActivity"},{"method_declared_vars":[],"method_name":"onClick","method_acc_modifier":"public","method_id":"com.android.bryan.omgandroid.MainActivity.onClick(#View)","method_metrics":[{"mm_value":3,"mm_metric":"loc","mm_method":"com.android.bryan.omgandroid.MainActivity.onClick(#View)","mm_value_text":""},{"mm_value":1,"mm_metric":"cc","mm_method":"com.android.bryan.omgandroid.MainActivity.onClick(#View)","mm_value_text":""},{"mm_value":1,"mm_metric":"nr_args","mm_method":"com.android.bryan.omgandroid.MainActivity.onClick(#View)","mm_value_text":""},{"mm_value":0,"mm_metric":"externalapi","mm_method":"com.android.bryan.omgandroid.MainActivity.onClick(#View)","mm_value_text":"API: mainEditText.getText()|method: toString|()"},{"mm_value":0,"mm_metric":"androidapi","mm_method":"com.android.bryan.omgandroid.MainActivity.onClick(#View)","mm_value_text":"API: android.widget.ArrayAdapter|method: notifyDataSetChanged|()"},{"mm_value":0,"mm_metric":"androidapi","mm_method":"com.android.bryan.omgandroid.MainActivity.onClick(#View)","mm_value_text":"API: android.widget.TextView|method: mainTextView|()"},{"mm_value":0,"mm_metric":"androidapi","mm_method":"com.android.bryan.omgandroid.MainActivity.onClick(#View)","mm_value_text":"API: android.widget.ArrayAdapter|method: null|()"},{"mm_value":0,"mm_metric":"androidapi","mm_method":"com.android.bryan.omgandroid.MainActivity.onClick(#View)","mm_value_text":"API: android.widget.TextView|method: setText|()"},{"mm_value":0,"mm_metric":"androidapi","mm_method":"com.android.bryan.omgandroid.MainActivity.onClick(#View)","mm_value_text":"API: android.widget.TextView|method: null|()"},{"mm_value":0,"mm_metric":"androidapi","mm_method":"com.android.bryan.omgandroid.MainActivity.onClick(#View)","mm_value_text":"API: android.widget.EditText|method: mainEditText|()"},{"mm_value":0,"mm_metric":"androidapi","mm_method":"com.android.bryan.omgandroid.MainActivity.onClick(#View)","mm_value_text":"API: android.widget.EditText|method: getText|()"},{"mm_value":0,"mm_metric":"androidapi","mm_method":"com.android.bryan.omgandroid.MainActivity.onClick(#View)","mm_value_text":"API: android.widget.ArrayAdapter|method: mArrayAdpater|()"},{"mm_value":0,"mm_metric":"androidapi","mm_method":"com.android.bryan.omgandroid.MainActivity.onClick(#View)","mm_value_text":"API: android.widget.EditText|method: null|()"},{"mm_value":0,"mm_metric":"androidapi","mm_method":"com.android.bryan.omgandroid.MainActivity.onClick(#View)","mm_value_text":"API: android.widget.EditText|method: mainEditText.getText()|()"},{"mm_value":0,"mm_metric":"javaapi","mm_method":"com.android.bryan.omgandroid.MainActivity.onClick(#View)","mm_value_text":"API: java.util.ArrayList|method: add|()"},{"mm_value":0,"mm_metric":"javaapi","mm_method":"com.android.bryan.omgandroid.MainActivity.onClick(#View)","mm_value_text":"API: java.util.ArrayList|method: mNameList|()"},{"mm_value":0,"mm_metric":"javaapi","mm_method":"com.android.bryan.omgandroid.MainActivity.onClick(#View)","mm_value_text":"API: java.util.ArrayList|method: null|()"}],"method_non_acc_mod":"","method_args":"View#","method_class":"0931412f-7a30-4424-b39d-e130c37959f6#com.android.bryan.omgandroid.MainActivity"},{"method_declared_vars":[],"method_name":"onItemClick","method_acc_modifier":"public","method_id":"com.android.bryan.omgandroid.MainActivity.onItemClick(#AdapterView#View#int#long)","method_metrics":[{"mm_value":1,"mm_metric":"loc","mm_method":"com.android.bryan.omgandroid.MainActivity.onItemClick(#AdapterView#View#int#long)","mm_value_text":""},{"mm_value":1,"mm_metric":"cc","mm_method":"com.android.bryan.omgandroid.MainActivity.onItemClick(#AdapterView#View#int#long)","mm_value_text":""},{"mm_value":4,"mm_metric":"nr_args","mm_method":"com.android.bryan.omgandroid.MainActivity.onItemClick(#AdapterView#View#int#long)","mm_value_text":""},{"mm_value":0,"mm_metric":"androidapi","mm_method":"com.android.bryan.omgandroid.MainActivity.onItemClick(#AdapterView#View#int#long)","mm_value_text":"API: android.util.Log|method: Log|()"},{"mm_value":0,"mm_metric":"androidapi","mm_method":"com.android.bryan.omgandroid.MainActivity.onItemClick(#AdapterView#View#int#long)","mm_value_text":"API: android.util.Log|method: d|()"},{"mm_value":0,"mm_metric":"androidapi","mm_method":"com.android.bryan.omgandroid.MainActivity.onItemClick(#AdapterView#View#int#long)","mm_value_text":"API: android.util.Log|method: null|()"}],"method_non_acc_mod":"","method_args":"AdapterView#View#int#long#","method_class":"0931412f-7a30-4424-b39d-e130c37959f6#com.android.bryan.omgandroid.MainActivity"},{"method_declared_vars":[],"method_name":"onCreateOptionsMenu","method_acc_modifier":"public","method_id":"com.android.bryan.omgandroid.MainActivity.onCreateOptionsMenu(#Menu)","method_metrics":[{"mm_value":2,"mm_metric":"loc","mm_method":"com.android.bryan.omgandroid.MainActivity.onCreateOptionsMenu(#Menu)","mm_value_text":""},{"mm_value":1,"mm_metric":"cc","mm_method":"com.android.bryan.omgandroid.MainActivity.onCreateOptionsMenu(#Menu)","mm_value_text":""},{"mm_value":1,"mm_metric":"nr_args","mm_method":"com.android.bryan.omgandroid.MainActivity.onCreateOptionsMenu(#Menu)","mm_value_text":""},{"mm_value":0,"mm_metric":"externalapi","mm_method":"com.android.bryan.omgandroid.MainActivity.onCreateOptionsMenu(#Menu)","mm_value_text":"API: R.menu|method: null|()"},{"mm_value":0,"mm_metric":"externalapi","mm_method":"com.android.bryan.omgandroid.MainActivity.onCreateOptionsMenu(#Menu)","mm_value_text":"API: getMenuInflater()|method: getMenuInflater()|()"},{"mm_value":0,"mm_metric":"externalapi","mm_method":"com.android.bryan.omgandroid.MainActivity.onCreateOptionsMenu(#Menu)","mm_value_text":"API: getMenuInflater()|method: inflate|()"},{"mm_value":0,"mm_metric":"androidapi","mm_method":"com.android.bryan.omgandroid.MainActivity.onCreateOptionsMenu(#Menu)","mm_value_text":"API: android.view.Menu|method: null|()"}],"method_non_acc_mod":"","method_args":"Menu#","method_class":"0931412f-7a30-4424-b39d-e130c37959f6#com.android.bryan.omgandroid.MainActivity"},{"method_declared_vars":[{"var_type":"int","var_array":false,"var_name":"id"}],"method_name":"onOptionsItemSelected","method_acc_modifier":"public","method_id":"com.android.bryan.omgandroid.MainActivity.onOptionsItemSelected(#MenuItem)","method_metrics":[{"mm_value":5,"mm_metric":"loc","mm_method":"com.android.bryan.omgandroid.MainActivity.onOptionsItemSelected(#MenuItem)","mm_value_text":""},{"mm_value":3,"mm_metric":"cc","mm_method":"com.android.bryan.omgandroid.MainActivity.onOptionsItemSelected(#MenuItem)","mm_value_text":""},{"mm_value":1,"mm_metric":"nr_args","mm_method":"com.android.bryan.omgandroid.MainActivity.onOptionsItemSelected(#MenuItem)","mm_value_text":""},{"mm_value":0,"mm_metric":"androidapi","mm_method":"com.android.bryan.omgandroid.MainActivity.onOptionsItemSelected(#MenuItem)","mm_value_text":"API: android.app.Activity|method: onOptionsItemSelected|()"},{"mm_value":0,"mm_metric":"androidapi","mm_method":"com.android.bryan.omgandroid.MainActivity.onOptionsItemSelected(#MenuItem)","mm_value_text":"API: android.app.Activity|method: super|()"},{"mm_value":0,"mm_metric":"androidapi","mm_method":"com.android.bryan.omgandroid.MainActivity.onOptionsItemSelected(#MenuItem)","mm_value_text":"API: android.view.MenuItem|method: getItemId|()"},{"mm_value":0,"mm_metric":"androidapi","mm_method":"com.android.bryan.omgandroid.MainActivity.onOptionsItemSelected(#MenuItem)","mm_value_text":"API: android.view.MenuItem|method: item|()"},{"mm_value":0,"mm_metric":"androidapi","mm_method":"com.android.bryan.omgandroid.MainActivity.onOptionsItemSelected(#MenuItem)","mm_value_text":"API: android.app.Activity|method: null|()"},{"mm_value":0,"mm_metric":"androidapi","mm_method":"com.android.bryan.omgandroid.MainActivity.onOptionsItemSelected(#MenuItem)","mm_value_text":"API: android.view.MenuItem|method: null|()"}],"method_non_acc_mod":"","method_args":"MenuItem#","method_class":"0931412f-7a30-4424-b39d-e130c37959f6#com.android.bryan.omgandroid.MainActivity"}]}],"app_version":0.0,"app_location":"\/Users\/ruirua\/Documents\/Tese\/resultados\/relevantApps\/0931412f-7a30-4424-b39d-e130c37959f6\/","app_flavor":null,"app_permissions":[],"app_id":"0931412f-7a30-4424-b39d-e130c37959f6#com.android.bryan.omgandroid","app_description":null}],"project_description":"","project_id":"0931412f-7a30-4424-b39d-e130c37959f6","project_packages":[{"package":"com.android.bryan.omgandroid"}],"project_build_tool":"gradle"}