[{"androidAPIS":[{"method":null,"class":"android.graphics.PointF"}],"javaAPIS":[],"unknownAPIS":[],"methodName":"getP1c2","externalAPI":[]},{"androidAPIS":[],"javaAPIS":[],"unknownAPIS":[],"methodName":"onTouchEvent","externalAPI":[]},{"androidAPIS":[],"javaAPIS":[],"unknownAPIS":[],"methodName":"onTouchEvent","externalAPI":[]},{"androidAPIS":[],"javaAPIS":[],"unknownAPIS":[],"methodName":"onTouchEvent","externalAPI":[]},{"androidAPIS":[],"javaAPIS":[],"unknownAPIS":[],"methodName":"","externalAPI":[]},{"androidAPIS":[{"method":"setAntiAlias","class":"android.graphics.Paint"},{"method":"setStrokeJoin","class":"android.graphics.Paint"},{"method":"setColor","class":"android.graphics.Paint"},{"method":"setStrokeCap","class":"android.graphics.Paint"},{"method":null,"class":"android.graphics.Paint"},{"method":"setShadowLayer","class":"android.graphics.Paint"},{"method":"setStyle","class":"android.graphics.Paint"}],"javaAPIS":[],"unknownAPIS":[],"methodName":"init","externalAPI":[{"method":null,"class":"Paint.Style"},{"method":null,"class":"Paint.Cap"},{"method":null,"class":"Paint.Join"},{"method":null,"class":"Cloud"}]},{"androidAPIS":[{"method":null,"class":"android.app.Activity"},{"method":null,"class":"android.os.Bundle"}],"javaAPIS":[],"unknownAPIS":[],"methodName":"onCreate","externalAPI":[{"method":"super","class":"super"},{"method":null,"class":"R.layout"},{"method":"onCreate","class":"super"}]},{"androidAPIS":[{"method":null,"class":"android.view.View"}],"javaAPIS":[],"unknownAPIS":[],"methodName":"onSizeChanged","externalAPI":[{"method":"super","class":"super"},{"method":"onSizeChanged","class":"super"}]},{"androidAPIS":[],"javaAPIS":[],"unknownAPIS":[],"methodName":"","externalAPI":[]},{"androidAPIS":[],"javaAPIS":[],"unknownAPIS":[],"methodName":"onTouchEvent","externalAPI":[]},{"androidAPIS":[{"method":null,"class":"android.app.Activity"},{"method":null,"class":"android.os.Bundle"}],"javaAPIS":[],"unknownAPIS":[],"methodName":"onCreate","externalAPI":[{"method":"super","class":"super"},{"method":null,"class":"R.layout"},{"method":"onCreate","class":"super"}]},{"androidAPIS":[],"javaAPIS":[],"unknownAPIS":[],"methodName":"","externalAPI":[]},{"androidAPIS":[{"method":null,"class":"android.graphics.PathMeasure"},{"method":null,"class":"android.graphics.Path"},{"method":"getLength","class":"android.graphics.PathMeasure"},{"method":"getPosTan","class":"android.graphics.PathMeasure"}],"javaAPIS":[],"unknownAPIS":[],"methodName":"getPoints","externalAPI":[{"method":null,"class":"PathPoints[]"},{"method":null,"class":"PathPoints"},{"method":null,"class":"float[]"}]},{"androidAPIS":[{"method":null,"class":"android.app.Activity"},{"method":null,"class":"android.os.Bundle"}],"javaAPIS":[],"unknownAPIS":[],"methodName":"onCreate","externalAPI":[{"method":"super","class":"super"},{"method":null,"class":"R.layout"},{"method":"onCreate","class":"super"}]},{"androidAPIS":[{"method":null,"class":"android.graphics.Color"},{"method":"setAntiAlias","class":"android.graphics.Paint"},{"method":"setStrokeJoin","class":"android.graphics.Paint"},{"method":"setColor","class":"android.graphics.Paint"},{"method":"setStrokeCap","class":"android.graphics.Paint"},{"method":"setShadowLayer","class":"android.graphics.Paint"},{"method":null,"class":"android.graphics.Paint"},{"method":"setStyle","class":"android.graphics.Paint"}],"javaAPIS":[{"method":null,"class":"Boolean"}],"unknownAPIS":[],"methodName":"init","externalAPI":[{"method":null,"class":"Paint.Style"},{"method":null,"class":"Paint.Cap"},{"method":null,"class":"Paint.Join"},{"method":null,"class":"Cloud"}]},{"androidAPIS":[{"method":null,"class":"android.os.Bundle"},{"method":"setOnClickListener","class":"android.widget.Button"},{"method":null,"class":"android.widget.Button"},{"method":null,"class":"android.app.Activity"}],"javaAPIS":[],"unknownAPIS":[],"methodName":"onCreate","externalAPI":[{"method":"super","class":"super"},{"method":null,"class":"R.id"},{"method":null,"class":"OnClickListener"},{"method":"onCreate","class":"super"},{"method":null,"class":"R.layout"}]},{"androidAPIS":[{"method":"setColor","class":"android.graphics.Paint"},{"method":"setAntiAlias","class":"android.graphics.Paint"},{"method":"setStrokeCap","class":"android.graphics.Paint"},{"method":null,"class":"android.graphics.Paint"},{"method":"setStyle","class":"android.graphics.Paint"}],"javaAPIS":[],"unknownAPIS":[],"methodName":"init","externalAPI":[{"method":null,"class":"Paint.Style"},{"method":null,"class":"Paint.Cap"}]},{"androidAPIS":[{"method":null,"class":"android.graphics.Path"},{"method":null,"class":"android.view.View"},{"method":"moveTo","class":"android.graphics.Path"}],"javaAPIS":[],"unknownAPIS":[],"methodName":"onSizeChanged","externalAPI":[{"method":"super","class":"super"},{"method":"onSizeChanged","class":"super"}]},{"androidAPIS":[{"method":null,"class":"android.app.Activity"},{"method":null,"class":"android.os.Bundle"}],"javaAPIS":[],"unknownAPIS":[],"methodName":"onCreate","externalAPI":[{"method":"super","class":"super"},{"method":null,"class":"R.layout"},{"method":"onCreate","class":"super"}]},{"androidAPIS":[{"method":null,"class":"android.graphics.PointF"}],"javaAPIS":[],"unknownAPIS":[],"methodName":"calculateTriangle","externalAPI":[{"method":null,"class":"result"}]},{"androidAPIS":[{"method":null,"class":"android.app.Activity"},{"method":null,"class":"android.os.Bundle"}],"javaAPIS":[],"unknownAPIS":[],"methodName":"onCreate","externalAPI":[{"method":"super","class":"super"},{"method":null,"class":"R.layout"},{"method":"onCreate","class":"super"}]},{"androidAPIS":[{"method":null,"class":"android.graphics.PointF"}],"javaAPIS":[],"unknownAPIS":[],"methodName":"getP1c1","externalAPI":[]},{"androidAPIS":[{"method":null,"class":"android.graphics.PointF"}],"javaAPIS":[],"unknownAPIS":[],"methodName":"getP2c2","externalAPI":[]},{"androidAPIS":[{"method":null,"class":"android.graphics.Color"},{"method":null,"class":"android.graphics.Path"},{"method":"setAntiAlias","class":"android.graphics.Paint"},{"method":"setStrokeJoin","class":"android.graphics.Paint"},{"method":"setColor","class":"android.graphics.Paint"},{"method":"setStrokeCap","class":"android.graphics.Paint"},{"method":null,"class":"android.graphics.Paint"},{"method":"setShadowLayer","class":"android.graphics.Paint"},{"method":"setStyle","class":"android.graphics.Paint"}],"javaAPIS":[],"unknownAPIS":[],"methodName":"init","externalAPI":[{"method":null,"class":"Paint.Style"},{"method":null,"class":"Paint.Join"},{"method":null,"class":"Paint.Cap"}]},{"androidAPIS":[],"javaAPIS":[],"unknownAPIS":[],"methodName":"onTouchEvent","externalAPI":[]},{"androidAPIS":[{"method":null,"class":"android.graphics.PathMeasure"},{"method":null,"class":"android.graphics.Path"},{"method":"getLength","class":"android.graphics.PathMeasure"},{"method":"getPosTan","class":"android.graphics.PathMeasure"}],"javaAPIS":[],"unknownAPIS":[],"methodName":"getPoints","externalAPI":[{"method":null,"class":"PathPoints[]"},{"method":null,"class":"PathPoints"},{"method":null,"class":"float[]"}]},{"androidAPIS":[{"method":null,"class":"android.view.View"}],"javaAPIS":[],"unknownAPIS":[],"methodName":"onSizeChanged","externalAPI":[{"method":"super","class":"super"},{"method":"onSizeChanged","class":"super"},{"method":null,"class":"Cloud"}]},{"androidAPIS":[{"method":null,"class":"android.graphics.PointF"}],"javaAPIS":[],"unknownAPIS":[],"methodName":"cubic2Points","externalAPI":[{"method":null,"class":"result"}]},{"androidAPIS":[],"javaAPIS":[],"unknownAPIS":[],"methodName":"","externalAPI":[]},{"androidAPIS":[],"javaAPIS":[],"unknownAPIS":[],"methodName":"onTouchEvent","externalAPI":[]},{"androidAPIS":[{"method":null,"class":"android.view.View"}],"javaAPIS":[],"unknownAPIS":[],"methodName":"onSizeChanged","externalAPI":[{"method":"super","class":"super"},{"method":"onSizeChanged","class":"super"}]},{"androidAPIS":[],"javaAPIS":[],"unknownAPIS":[],"methodName":"","externalAPI":[]},{"androidAPIS":[{"method":null,"class":"android.graphics.PointF"}],"javaAPIS":[],"unknownAPIS":[],"methodName":"getP5c1","externalAPI":[]},{"androidAPIS":[{"method":null,"class":"android.graphics.Path"},{"method":null,"class":"android.graphics.PointF"},{"method":"drawColor","class":"android.graphics.Canvas"},{"method":"setColor","class":"android.graphics.Paint"},{"method":"setStrokeWidth","class":"android.graphics.Paint"},{"method":"moveTo","class":"android.graphics.Path"},{"method":"canvas","class":"android.graphics.Canvas"},{"method":"lineTo","class":"android.graphics.Path"},{"method":null,"class":"android.view.View"},{"method":null,"class":"android.graphics.Paint"},{"method":null,"class":"android.graphics.Canvas"},{"method":"drawPath","class":"android.graphics.Canvas"},{"method":"setStyle","class":"android.graphics.Paint"}],"javaAPIS":[{"method":"compare","class":"Double"},{"method":null,"class":"Double"},{"method":"Double","class":"Double"}],"unknownAPIS":[],"methodName":"onDraw","externalAPI":[{"method":"super","class":"super"},{"method":"cloud","class":"Cloud"},{"method":"getCloud","class":"Cloud"},{"method":null,"class":"P2c2"},{"method":null,"class":"P1c2"},{"method":null,"class":"Cloud"},{"method":null,"class":"Paint.Style"},{"method":"onDraw","class":"super"},{"method":"getP2c2","class":"Cloud"},{"method":"getP1c1","class":"Cloud"},{"method":"getP1c2","class":"Cloud"}]},{"androidAPIS":[{"method":null,"class":"android.graphics.PointF"}],"javaAPIS":[],"unknownAPIS":[],"methodName":"calculateTriangle","externalAPI":[{"method":null,"class":"result"}]},{"androidAPIS":[{"method":null,"class":"android.view.View"}],"javaAPIS":[],"unknownAPIS":[],"methodName":"onSizeChanged","externalAPI":[{"method":"super","class":"super"},{"method":"onSizeChanged","class":"super"}]},{"androidAPIS":[{"method":null,"class":"android.app.Activity"},{"method":null,"class":"android.os.Bundle"}],"javaAPIS":[],"unknownAPIS":[],"methodName":"onCreate","externalAPI":[{"method":"super","class":"super"},{"method":null,"class":"R.layout"},{"method":"onCreate","class":"super"}]},{"androidAPIS":[{"method":"drawColor","class":"android.graphics.Canvas"},{"method":"canvas","class":"android.graphics.Canvas"},{"method":null,"class":"android.view.View"},{"method":null,"class":"android.graphics.Paint"},{"method":null,"class":"android.graphics.Canvas"},{"method":"setStrokeWidth","class":"android.graphics.Paint"},{"method":"drawPath","class":"android.graphics.Canvas"}],"javaAPIS":[{"method":"compare","class":"Double"},{"method":null,"class":"Double"},{"method":"Double","class":"Double"}],"unknownAPIS":[],"methodName":"onDraw","externalAPI":[{"method":"super","class":"super"},{"method":"getCloud","class":"Cloud"},{"method":"onDraw","class":"super"},{"method":"c","class":"Cloud"},{"method":null,"class":"Cloud"}]},{"androidAPIS":[],"javaAPIS":[],"unknownAPIS":[],"methodName":"","externalAPI":[]},{"androidAPIS":[{"method":null,"class":"android.graphics.Path"},{"method":"drawColor","class":"android.graphics.Canvas"},{"method":"setStrokeWidth","class":"android.graphics.Paint"},{"method":"moveTo","class":"android.graphics.Path"},{"method":"canvas","class":"android.graphics.Canvas"},{"method":"lineTo","class":"android.graphics.Path"},{"method":"addCircle","class":"android.graphics.Path"},{"method":null,"class":"android.view.View"},{"method":null,"class":"android.graphics.Paint"},{"method":null,"class":"android.graphics.Canvas"},{"method":"drawPath","class":"android.graphics.Canvas"}],"javaAPIS":[{"method":"compare","class":"Double"},{"method":null,"class":"Double"},{"method":"Double","class":"Double"}],"unknownAPIS":[],"methodName":"onDraw","externalAPI":[{"method":"super","class":"super"},{"method":null,"class":"Path.Direction"},{"method":"onDraw","class":"super"}]},{"androidAPIS":[{"method":null,"class":"android.graphics.Path"},{"method":null,"class":"android.graphics.PointF"},{"method":"setColor","class":"android.graphics.Paint"},{"method":"setStrokeWidth","class":"android.graphics.Paint"},{"method":"lineTo","class":"android.graphics.Path"},{"method":null,"class":"android.view.View"},{"method":null,"class":"android.graphics.Canvas"},{"method":"drawPath","class":"android.graphics.Canvas"},{"method":"setStyle","class":"android.graphics.Paint"},{"method":"cubicTo","class":"android.graphics.Path"},{"method":"drawColor","class":"android.graphics.Canvas"},{"method":"reset","class":"android.graphics.Path"},{"method":"moveTo","class":"android.graphics.Path"},{"method":"canvas","class":"android.graphics.Canvas"},{"method":"addCircle","class":"android.graphics.Path"},{"method":null,"class":"android.graphics.Paint"}],"javaAPIS":[{"method":"compare","class":"Double"},{"method":null,"class":"Double"},{"method":"Double","class":"Double"}],"unknownAPIS":[],"methodName":"onDraw","externalAPI":[{"method":"getX","class":"pointsCircle12[a]"},{"method":"pointsCircle21[c]","class":"pointsCircle21[c]"},{"method":"getY","class":"pointsCircle12[a]"},{"method":"pointsCircle22[b]","class":"pointsCircle22[b]"},{"method":null,"class":"PathPoints[]"},{"method":"pointsCircle21[a]","class":"pointsCircle21[a]"},{"method":"getY","class":"pointsCircle22[a]"},{"method":"getX","class":"pointsCircle22[a]"},{"method":"onDraw","class":"super"},{"method":"getP2c2","class":"Cloud"},{"method":"getP2c1","class":"Cloud"},{"method":"getY","class":"pointsCircle12[b]"},{"method":"getX","class":"pointsCircle12[b]"},{"method":"getX","class":"pointsCircle11[a]"},{"method":"getY","class":"pointsCircle11[a]"},{"method":"getY","class":"pathPoints12[x]"},{"method":"getX","class":"pathPoints12[x]"},{"method":"getY","class":"pathPoints22[n]"},{"method":"getX","class":"pathPoints22[n]"},{"method":"getY","class":"pathPoints21[m]"},{"method":"pointsCircle12[c]","class":"pointsCircle12[c]"},{"method":"getX","class":"pathPoints21[m]"},{"method":"pointsCircle11[b]","class":"pointsCircle11[b]"},{"method":"pointsCircle12[a]","class":"pointsCircle12[a]"},{"method":"pathPoints12[x]","class":"pathPoints12[x]"},{"method":"getCloud","class":"Cloud"},{"method":"getX","class":"pointsCircle21[a]"},{"method":"getY","class":"pointsCircle22[b]"},{"method":"getX","class":"pointsCircle22[b]"},{"method":"getY","class":"pointsCircle21[a]"},{"method":"getY","class":"pointsCircle12[c]"},{"method":"getX","class":"pointsCircle11[b]"},{"method":"pointsCircle22[c]","class":"pointsCircle22[c]"},{"method":"cloud","class":"Cloud"},{"method":"getY","class":"pointsCircle11[b]"},{"method":"getX","class":"pointsCircle12[c]"},{"method":"pointsCircle21[b]","class":"pointsCircle21[b]"},{"method":"pointsCircle22[a]","class":"pointsCircle22[a]"},{"method":"getX","class":"pointsCircle21[b]"},{"method":"getY","class":"pointsCircle21[b]"},{"method":"pathPoints22[y]","class":"pathPoints22[y]"},{"method":null,"class":"Path.Direction"},{"method":"getY","class":"pointsCircle22[c]"},{"method":"getX","class":"pointsCircle22[c]"},{"method":"pathPoints11[m]","class":"pathPoints11[m]"},{"method":"getY","class":"pathPoints11[m]"},{"method":null,"class":"Paint.Style"},{"method":"getX","class":"pathPoints11[m]"},{"method":"getY","class":"pathPoints12[n]"},{"method":"getP1c1","class":"Cloud"},{"method":"getX","class":"pathPoints12[n]"},{"method":"getP1c2","class":"Cloud"},{"method":"pathPoints12[n]","class":"pathPoints12[n]"},{"method":"pointsCircle11[a]","class":"pointsCircle11[a]"},{"method":"super","class":"super"},{"method":"getX","class":"pointsCircle11[c]"},{"method":"getY","class":"pointsCircle11[c]"},{"method":"pointsCircle11[c]","class":"pointsCircle11[c]"},{"method":"pointsCircle12[b]","class":"pointsCircle12[b]"},{"method":"pathPoints21[m]","class":"pathPoints21[m]"},{"method":"getY","class":"pointsCircle21[c]"},{"method":"getX","class":"pathPoints22[y]"},{"method":"getX","class":"pointsCircle21[c]"},{"method":null,"class":"Cloud"},{"method":"getY","class":"pathPoints22[y]"},{"method":"pathPoints22[n]","class":"pathPoints22[n]"}]},{"androidAPIS":[{"method":null,"class":"android.graphics.Path"},{"method":"setAntiAlias","class":"android.graphics.Paint"},{"method":"setStrokeJoin","class":"android.graphics.Paint"},{"method":"setColor","class":"android.graphics.Paint"},{"method":"setStrokeCap","class":"android.graphics.Paint"},{"method":"setShadowLayer","class":"android.graphics.Paint"},{"method":null,"class":"android.graphics.Paint"},{"method":"setStyle","class":"android.graphics.Paint"}],"javaAPIS":[],"unknownAPIS":[],"methodName":"init","externalAPI":[{"method":null,"class":"Paint.Style"},{"method":null,"class":"Paint.Cap"},{"method":null,"class":"Paint.Join"},{"method":null,"class":"Cloud"}]},{"androidAPIS":[{"method":null,"class":"android.graphics.PointF"}],"javaAPIS":[],"unknownAPIS":[],"methodName":"getP2c1","externalAPI":[]},{"androidAPIS":[{"method":null,"class":"android.view.View"}],"javaAPIS":[],"unknownAPIS":[],"methodName":"onSizeChanged","externalAPI":[{"method":"super","class":"super"},{"method":"onSizeChanged","class":"super"}]},{"androidAPIS":[{"method":null,"class":"android.graphics.Color"},{"method":null,"class":"android.graphics.Path"},{"method":"setAntiAlias","class":"android.graphics.Paint"},{"method":"setStrokeJoin","class":"android.graphics.Paint"},{"method":"setColor","class":"android.graphics.Paint"},{"method":"setStrokeCap","class":"android.graphics.Paint"},{"method":null,"class":"android.graphics.Paint"},{"method":"setShadowLayer","class":"android.graphics.Paint"},{"method":"setStrokeWidth","class":"android.graphics.Paint"},{"method":"setStyle","class":"android.graphics.Paint"}],"javaAPIS":[{"method":null,"class":"Boolean"}],"unknownAPIS":[],"methodName":"init","externalAPI":[{"method":null,"class":"Paint.Style"},{"method":null,"class":"Paint.Cap"},{"method":null,"class":"Paint.Join"},{"method":null,"class":"Cloud"}]},{"androidAPIS":[{"method":null,"class":"android.view.View"}],"javaAPIS":[],"unknownAPIS":[],"methodName":"onSizeChanged","externalAPI":[{"method":"super","class":"super"},{"method":"onSizeChanged","class":"super"}]},{"androidAPIS":[{"method":null,"class":"android.graphics.RectF"},{"method":null,"class":"android.graphics.Path"},{"method":null,"class":"android.graphics.PointF"},{"method":"drawColor","class":"android.graphics.Canvas"},{"method":"addArc","class":"android.graphics.Path"},{"method":"reset","class":"android.graphics.Path"},{"method":"setColor","class":"android.graphics.Paint"},{"method":"setStrokeWidth","class":"android.graphics.Paint"},{"method":"moveTo","class":"android.graphics.Path"},{"method":"close","class":"android.graphics.Path"},{"method":"canvas","class":"android.graphics.Canvas"},{"method":"lineTo","class":"android.graphics.Path"},{"method":null,"class":"android.view.View"},{"method":null,"class":"android.graphics.Paint"},{"method":null,"class":"android.graphics.Canvas"},{"method":"drawPath","class":"android.graphics.Canvas"},{"method":"setStyle","class":"android.graphics.Paint"}],"javaAPIS":[{"method":"compare","class":"Double"},{"method":null,"class":"Double"},{"method":"Double","class":"Double"}],"unknownAPIS":[],"methodName":"onDraw","externalAPI":[{"method":"super","class":"super"},{"method":"cloud","class":"Cloud"},{"method":"getCloud","class":"Cloud"},{"method":null,"class":"P2c2"},{"method":null,"class":"P1c2"},{"method":null,"class":"Cloud"},{"method":null,"class":"Paint.Style"},{"method":"onDraw","class":"super"},{"method":"getP2c2","class":"Cloud"},{"method":"getP1c2","class":"Cloud"}]},{"androidAPIS":[],"javaAPIS":[],"unknownAPIS":[],"methodName":"","externalAPI":[]},{"androidAPIS":[],"javaAPIS":[],"unknownAPIS":[],"methodName":"","externalAPI":[]},{"androidAPIS":[{"method":"cubicTo","class":"android.graphics.Path"},{"method":null,"class":"android.graphics.Path"},{"method":null,"class":"android.graphics.PointF"},{"method":"moveTo","class":"android.graphics.Path"}],"javaAPIS":[],"unknownAPIS":[],"methodName":"getCloud","externalAPI":[{"method":null,"class":"P5c2"},{"method":null,"class":"P2c2"},{"method":null,"class":"P3c1"},{"method":null,"class":"P1c2"},{"method":null,"class":"P2c1"},{"method":null,"class":"P4c2"},{"method":null,"class":"P5c1"},{"method":null,"class":"P3c2"},{"method":null,"class":"P4c1"},{"method":null,"class":"P1c1"}]},{"androidAPIS":[{"method":null,"class":"android.view.View"}],"javaAPIS":[],"unknownAPIS":[],"methodName":"onSizeChanged","externalAPI":[{"method":"super","class":"super"},{"method":"onSizeChanged","class":"super"}]},{"androidAPIS":[{"method":null,"class":"android.graphics.PathMeasure"},{"method":null,"class":"android.graphics.Path"},{"method":"getLength","class":"android.graphics.PathMeasure"},{"method":"getPosTan","class":"android.graphics.PathMeasure"}],"javaAPIS":[],"unknownAPIS":[],"methodName":"getPoints","externalAPI":[{"method":null,"class":"PathPoints[]"},{"method":null,"class":"PathPoints"},{"method":null,"class":"float[]"}]},{"androidAPIS":[{"method":null,"class":"android.graphics.PathMeasure"},{"method":null,"class":"android.graphics.Path"},{"method":"getLength","class":"android.graphics.PathMeasure"},{"method":"getPosTan","class":"android.graphics.PathMeasure"}],"javaAPIS":[],"unknownAPIS":[],"methodName":"getPoints","externalAPI":[{"method":null,"class":"PathPoints[]"},{"method":null,"class":"PathPoints"},{"method":null,"class":"float[]"}]},{"androidAPIS":[{"method":"setAntiAlias","class":"android.graphics.Paint"},{"method":"setStrokeJoin","class":"android.graphics.Paint"},{"method":"setColor","class":"android.graphics.Paint"},{"method":"setStrokeCap","class":"android.graphics.Paint"},{"method":null,"class":"android.graphics.Paint"},{"method":"setShadowLayer","class":"android.graphics.Paint"},{"method":"setStrokeWidth","class":"android.graphics.Paint"},{"method":"setStyle","class":"android.graphics.Paint"}],"javaAPIS":[],"unknownAPIS":[],"methodName":"init","externalAPI":[{"method":null,"class":"Paint.Style"},{"method":null,"class":"Paint.Cap"},{"method":null,"class":"Paint.Join"},{"method":null,"class":"Cloud"}]},{"androidAPIS":[{"method":null,"class":"android.view.View"}],"javaAPIS":[],"unknownAPIS":[],"methodName":"onSizeChanged","externalAPI":[{"method":"super","class":"super"},{"method":"onSizeChanged","class":"super"}]},{"androidAPIS":[{"method":null,"class":"android.graphics.PathMeasure"},{"method":null,"class":"android.graphics.Path"},{"method":"getLength","class":"android.graphics.PathMeasure"},{"method":"getPosTan","class":"android.graphics.PathMeasure"}],"javaAPIS":[],"unknownAPIS":[],"methodName":"getPoints","externalAPI":[{"method":null,"class":"PathPoints[]"},{"method":null,"class":"PathPoints"},{"method":null,"class":"float[]"}]},{"androidAPIS":[{"method":null,"class":"android.graphics.Path"},{"method":"setAntiAlias","class":"android.graphics.Paint"},{"method":"setStrokeJoin","class":"android.graphics.Paint"},{"method":"setColor","class":"android.graphics.Paint"},{"method":"setStrokeCap","class":"android.graphics.Paint"},{"method":null,"class":"android.graphics.Paint"},{"method":"setStrokeWidth","class":"android.graphics.Paint"},{"method":"setStyle","class":"android.graphics.Paint"}],"javaAPIS":[],"unknownAPIS":[],"methodName":"init","externalAPI":[{"method":null,"class":"Paint.Style"},{"method":null,"class":"Paint.Join"},{"method":null,"class":"Paint.Cap"}]},{"androidAPIS":[{"method":"setAntiAlias","class":"android.graphics.Paint"},{"method":"setStrokeJoin","class":"android.graphics.Paint"},{"method":"setColor","class":"android.graphics.Paint"},{"method":"setStrokeCap","class":"android.graphics.Paint"},{"method":null,"class":"android.graphics.Paint"},{"method":"setShadowLayer","class":"android.graphics.Paint"},{"method":"setStrokeWidth","class":"android.graphics.Paint"},{"method":"setStyle","class":"android.graphics.Paint"}],"javaAPIS":[],"unknownAPIS":[],"methodName":"init","externalAPI":[{"method":null,"class":"Paint.Style"},{"method":null,"class":"Paint.Cap"},{"method":null,"class":"Paint.Join"},{"method":null,"class":"Cloud"}]},{"androidAPIS":[{"method":null,"class":"android.app.Activity"},{"method":null,"class":"android.os.Bundle"}],"javaAPIS":[],"unknownAPIS":[],"methodName":"onCreate","externalAPI":[{"method":"super","class":"super"},{"method":null,"class":"R.layout"},{"method":"onCreate","class":"super"}]},{"androidAPIS":[{"method":null,"class":"android.graphics.Path"},{"method":null,"class":"android.graphics.PointF"},{"method":"drawColor","class":"android.graphics.Canvas"},{"method":"reset","class":"android.graphics.Path"},{"method":"setColor","class":"android.graphics.Paint"},{"method":"setStrokeWidth","class":"android.graphics.Paint"},{"method":"moveTo","class":"android.graphics.Path"},{"method":null,"class":"android.graphics.Color"},{"method":"canvas","class":"android.graphics.Canvas"},{"method":"lineTo","class":"android.graphics.Path"},{"method":null,"class":"android.view.View"},{"method":null,"class":"android.graphics.Paint"},{"method":null,"class":"android.graphics.Canvas"},{"method":"drawPath","class":"android.graphics.Canvas"},{"method":"setStyle","class":"android.graphics.Paint"}],"javaAPIS":[{"method":"Double","class":"Double"},{"method":null,"class":"Boolean"},{"method":"compare","class":"Double"},{"method":null,"class":"Double"}],"unknownAPIS":[],"methodName":"onDraw","externalAPI":[{"method":"super","class":"super"},{"method":"cloud","class":"Cloud"},{"method":"leftPoints[i]","class":"leftPoints[i]"},{"method":null,"class":"PathPoints[]"},{"method":"getY","class":"leftPoints[ctr]"},{"method":null,"class":"i"},{"method":"leftPoints[ctr]","class":"leftPoints[ctr]"},{"method":"getCloud","class":"Cloud"},{"method":"getX","class":"leftPoints[i]"},{"method":"getX","class":"leftPoints[0]"},{"method":"leftPoints[0]","class":"leftPoints[0]"},{"method":null,"class":"P2c1"},{"method":"getY","class":"leftPoints[0]"},{"method":"getX","class":"leftPoints[ctr]"},{"method":null,"class":"Cloud"},{"method":"leftPoints[ctr + 1]","class":"leftPoints[ctr + 1]"},{"method":null,"class":"Paint.Style"},{"method":"onDraw","class":"super"},{"method":"getY","class":"leftPoints[ctr + 1]"},{"method":"getY","class":"leftPoints[i]"},{"method":"getP2c1","class":"Cloud"},{"method":"getX","class":"leftPoints[ctr + 1]"}]},{"androidAPIS":[],"javaAPIS":[],"unknownAPIS":[],"methodName":"","externalAPI":[]},{"androidAPIS":[{"method":"cubicTo","class":"android.graphics.Path"},{"method":null,"class":"android.graphics.Path"},{"method":null,"class":"android.graphics.PointF"},{"method":"drawColor","class":"android.graphics.Canvas"},{"method":"setColor","class":"android.graphics.Paint"},{"method":"setStrokeWidth","class":"android.graphics.Paint"},{"method":"moveTo","class":"android.graphics.Path"},{"method":"canvas","class":"android.graphics.Canvas"},{"method":"lineTo","class":"android.graphics.Path"},{"method":null,"class":"android.view.View"},{"method":null,"class":"android.graphics.Paint"},{"method":null,"class":"android.graphics.Canvas"},{"method":"drawPath","class":"android.graphics.Canvas"},{"method":"setStyle","class":"android.graphics.Paint"}],"javaAPIS":[{"method":"compare","class":"Double"},{"method":null,"class":"Double"},{"method":"Double","class":"Double"}],"unknownAPIS":[],"methodName":"onDraw","externalAPI":[{"method":null,"class":"P21c2"},{"method":"super","class":"super"},{"method":null,"class":"P11c1"},{"method":null,"class":"P11c2"},{"method":null,"class":"P31c2"},{"method":null,"class":"P21c1"},{"method":null,"class":"P31c1"},{"method":"points[i]","class":"points[i]"},{"method":null,"class":"PathPoints[]"},{"method":null,"class":"i"},{"method":null,"class":"P1c1"},{"method":"getY","class":"points[i]"},{"method":"points[(int) (count)]","class":"points[(int) (count)]"},{"method":"getX","class":"points[i]"},{"method":"points[i + 1]","class":"points[i + 1]"},{"method":null,"class":"P1c2"},{"method":"getX","class":"points[i + 1]"},{"method":null,"class":"Paint.Style"},{"method":"getY","class":"points[i + 1]"},{"method":"onDraw","class":"super"},{"method":"getX","class":"points[(int) (count)]"},{"method":"getY","class":"points[(int) (count)]"}]},{"androidAPIS":[{"method":"cubicTo","class":"android.graphics.Path"},{"method":"set","class":"android.graphics.RectF"},{"method":null,"class":"android.graphics.RectF"},{"method":null,"class":"android.graphics.Path"},{"method":null,"class":"android.graphics.PointF"},{"method":"drawColor","class":"android.graphics.Canvas"},{"method":"addArc","class":"android.graphics.Path"},{"method":"setColor","class":"android.graphics.Paint"},{"method":"setStrokeWidth","class":"android.graphics.Paint"},{"method":"moveTo","class":"android.graphics.Path"},{"method":"canvas","class":"android.graphics.Canvas"},{"method":null,"class":"android.view.View"},{"method":null,"class":"android.graphics.Paint"},{"method":null,"class":"android.graphics.Canvas"},{"method":"drawPath","class":"android.graphics.Canvas"},{"method":"setStyle","class":"android.graphics.Paint"}],"javaAPIS":[{"method":"compare","class":"Double"},{"method":null,"class":"Double"},{"method":"Double","class":"Double"}],"unknownAPIS":[],"methodName":"onDraw","externalAPI":[{"method":"super","class":"super"},{"method":null,"class":"p1"},{"method":"cloud","class":"Cloud"},{"method":null,"class":"p2"},{"method":null,"class":"PathPoints[]"},{"method":"getY","class":"pathPoints[999]"},{"method":"getX","class":"pathPoints[0]"},{"method":"getY","class":"pathPoints[0]"},{"method":"pathPoints[999]","class":"pathPoints[999]"},{"method":"getX","class":"pathPoints[999]"},{"method":"getCloud","class":"Cloud"},{"method":"pathPoints[0]","class":"pathPoints[0]"},{"method":null,"class":"P5c1"},{"method":null,"class":"Cloud"},{"method":"getP5c1","class":"Cloud"},{"method":null,"class":"Paint.Style"},{"method":"onDraw","class":"super"}]},{"androidAPIS":[{"method":null,"class":"android.graphics.Path"},{"method":null,"class":"android.graphics.PointF"},{"method":"drawColor","class":"android.graphics.Canvas"},{"method":"setColor","class":"android.graphics.Paint"},{"method":"setStrokeWidth","class":"android.graphics.Paint"},{"method":"moveTo","class":"android.graphics.Path"},{"method":"canvas","class":"android.graphics.Canvas"},{"method":"addCircle","class":"android.graphics.Path"},{"method":"lineTo","class":"android.graphics.Path"},{"method":null,"class":"android.view.View"},{"method":null,"class":"android.graphics.Paint"},{"method":null,"class":"android.graphics.Canvas"},{"method":"drawPath","class":"android.graphics.Canvas"},{"method":"setStyle","class":"android.graphics.Paint"}],"javaAPIS":[{"method":"compare","class":"Double"},{"method":null,"class":"Double"},{"method":"Double","class":"Double"}],"unknownAPIS":[],"methodName":"onDraw","externalAPI":[{"method":"super","class":"super"},{"method":"cloud","class":"Cloud"},{"method":"getCloud","class":"Cloud"},{"method":null,"class":"Path.Direction"},{"method":null,"class":"P5c1"},{"method":null,"class":"Cloud"},{"method":"getP5c1","class":"Cloud"},{"method":null,"class":"Paint.Style"},{"method":"onDraw","class":"super"}]},{"androidAPIS":[{"method":null,"class":"android.graphics.Path"},{"method":null,"class":"android.graphics.PointF"},{"method":"drawColor","class":"android.graphics.Canvas"},{"method":"reset","class":"android.graphics.Path"},{"method":"setStrokeWidth","class":"android.graphics.Paint"},{"method":"moveTo","class":"android.graphics.Path"},{"method":"canvas","class":"android.graphics.Canvas"},{"method":"lineTo","class":"android.graphics.Path"},{"method":null,"class":"android.view.View"},{"method":null,"class":"android.graphics.Paint"},{"method":null,"class":"android.graphics.Canvas"},{"method":"drawPath","class":"android.graphics.Canvas"}],"javaAPIS":[{"method":"compare","class":"Double"},{"method":null,"class":"Double"},{"method":"Double","class":"Double"}],"unknownAPIS":[],"methodName":"onDraw","externalAPI":[{"method":"super","class":"super"},{"method":"cloud","class":"Cloud"},{"method":"getCloud","class":"Cloud"},{"method":"onDraw","class":"super"},{"method":"getP1c2","class":"Cloud"},{"method":null,"class":"Cloud"}]},{"androidAPIS":[{"method":null,"class":"android.graphics.Color"},{"method":"setAntiAlias","class":"android.graphics.Paint"},{"method":"setStrokeJoin","class":"android.graphics.Paint"},{"method":"setColor","class":"android.graphics.Paint"},{"method":"setStrokeCap","class":"android.graphics.Paint"},{"method":null,"class":"android.graphics.Paint"},{"method":"setShadowLayer","class":"android.graphics.Paint"},{"method":"setStrokeWidth","class":"android.graphics.Paint"},{"method":"setStyle","class":"android.graphics.Paint"}],"javaAPIS":[],"unknownAPIS":[],"methodName":"init","externalAPI":[{"method":null,"class":"Paint.Style"},{"method":null,"class":"Paint.Join"},{"method":null,"class":"Paint.Cap"}]},{"androidAPIS":[{"method":"cubicTo","class":"android.graphics.Path"},{"method":"set","class":"android.graphics.RectF"},{"method":null,"class":"android.graphics.RectF"},{"method":null,"class":"android.graphics.Path"},{"method":null,"class":"android.graphics.PointF"},{"method":"drawColor","class":"android.graphics.Canvas"},{"method":"addArc","class":"android.graphics.Path"},{"method":"setStrokeWidth","class":"android.graphics.Paint"},{"method":"moveTo","class":"android.graphics.Path"},{"method":"canvas","class":"android.graphics.Canvas"},{"method":null,"class":"android.view.View"},{"method":null,"class":"android.graphics.Paint"},{"method":null,"class":"android.graphics.Canvas"},{"method":"drawPath","class":"android.graphics.Canvas"}],"javaAPIS":[],"unknownAPIS":[],"methodName":"onDraw","externalAPI":[{"method":"super","class":"super"},{"method":"pathPoints[0]","class":"pathPoints[0]"},{"method":null,"class":"P1c2"},{"method":null,"class":"PathPoints[]"},{"method":"getY","class":"pathPoints[999]"},{"method":"getX","class":"pathPoints[0]"},{"method":"getY","class":"pathPoints[0]"},{"method":"onDraw","class":"super"},{"method":"pathPoints[999]","class":"pathPoints[999]"},{"method":null,"class":"P1c1"},{"method":"getX","class":"pathPoints[999]"}]},{"androidAPIS":[{"method":null,"class":"android.view.View"}],"javaAPIS":[],"unknownAPIS":[],"methodName":"onSizeChanged","externalAPI":[{"method":"super","class":"super"},{"method":"onSizeChanged","class":"super"}]},{"androidAPIS":[{"method":null,"class":"android.graphics.Path"},{"method":null,"class":"android.view.View"},{"method":"moveTo","class":"android.graphics.Path"}],"javaAPIS":[],"unknownAPIS":[],"methodName":"onSizeChanged","externalAPI":[{"method":"super","class":"super"},{"method":"onSizeChanged","class":"super"}]},{"androidAPIS":[],"javaAPIS":[],"unknownAPIS":[],"methodName":"","externalAPI":[]},{"androidAPIS":[],"javaAPIS":[],"unknownAPIS":[],"methodName":"onTouchEvent","externalAPI":[]},{"androidAPIS":[{"method":null,"class":"android.graphics.PointF"}],"javaAPIS":[],"unknownAPIS":[],"methodName":"cubic2Points","externalAPI":[{"method":null,"class":"result"}]},{"androidAPIS":[{"method":null,"class":"android.graphics.Color"},{"method":"setAntiAlias","class":"android.graphics.Paint"},{"method":"setStrokeJoin","class":"android.graphics.Paint"},{"method":"setColor","class":"android.graphics.Paint"},{"method":"setStrokeCap","class":"android.graphics.Paint"},{"method":null,"class":"android.graphics.Paint"},{"method":"setShadowLayer","class":"android.graphics.Paint"},{"method":"setStrokeWidth","class":"android.graphics.Paint"},{"method":"setStyle","class":"android.graphics.Paint"}],"javaAPIS":[],"unknownAPIS":[],"methodName":"init","externalAPI":[{"method":null,"class":"Paint.Style"},{"method":null,"class":"Paint.Cap"},{"method":null,"class":"Paint.Join"},{"method":null,"class":"Cloud"}]}]