[{"androidAPIS":[],"javaAPIS":[],"unknownAPIS":[],"methodName":"setMinLaunches","externalAPI":[]},{"androidAPIS":[],"javaAPIS":[],"unknownAPIS":[],"methodName":"onCreate","externalAPI":[]},{"androidAPIS":[],"javaAPIS":[],"unknownAPIS":[],"methodName":"setMinLaunches","externalAPI":[]},{"androidAPIS":[],"javaAPIS":[],"unknownAPIS":[],"methodName":"setMinLaunches","externalAPI":[]},{"androidAPIS":[],"javaAPIS":[],"unknownAPIS":[],"methodName":"setMinLaunches","externalAPI":[]},{"androidAPIS":[],"javaAPIS":[],"unknownAPIS":[],"methodName":"setMinLaunches","externalAPI":[]}]