Class,Method,Times invoked,CC,LoC,AndroidAPIs,N args
org.segin.ttleditor.TTLEditor,onResume,281,0,1,0,0
org.segin.ttleditor.TTLEditor,validateTTL,137,0,1,0,0
org.segin.ttleditor.TTLEditor,enumerateNetworkInterfaces,281,0,1,0,0
org.segin.ttleditor.TTLEditor,makeSpinnerDoStuff,281,0,1,0,0
org.segin.ttleditor.SettingsActivity,onPreferenceChange,195,0,1,0,1
org.segin.ttleditor.SettingsActivity,onCreate,93,0,1,0,1
org.segin.ttleditor.SettingsActivity,onPostCreate,93,0,1,0,1
org.segin.ttleditor.SettingsActivity,isSimplePreferences,185,0,1,0,1
org.segin.ttleditor.TTLEditor,debugInit,561,0,1,0,0
org.segin.ttleditor.SettingsActivity,setupActionBar,93,0,1,0,1
org.segin.ttleditor.SettingsActivity,onIsMultiPane,93,0,1,0,1
org.segin.ttleditor.SettingsActivity,bindPreferenceSummaryToValue,185,0,1,0,1
org.segin.ttleditor.SettingsActivity,onBuildHeaders,93,0,1,0,1
org.segin.ttleditor.TTLEditor,updateIPAddress,289,0,1,0,0
org.segin.ttleditor.TTLEditor,debug,7281,0,1,0,0
org.segin.ttleditor.TTLEditor,onCreateOptionsMenu,281,0,1,0,0
org.segin.ttleditor.TTLEditor,doToast,29,0,1,0,0
org.segin.ttleditor.TTLEditor,makeCheckboxDoStuff,281,0,1,0,0
org.segin.ttleditor.TTLEditor,onCreate,281,0,1,0,0
org.segin.ttleditor.TTLEditor,buildAboutDialog,25,0,1,0,0
org.segin.ttleditor.TTLEditor,makeButtonDoStuff,281,0,1,0,0
org.segin.ttleditor.TTLEditor,onOptionsItemSelected,117,0,1,0,0
org.segin.ttleditor.SettingsActivity,setupSimplePreferencesScreen,93,0,1,0,1
org.segin.ttleditor.TTLEditor,changeTTL,55,0,1,0,0
org.segin.ttleditor.SettingsActivity,isXLargeTablet,277,0,1,0,1
org.segin.ttleditor.TTLEditor,buildDialog,130,0,1,0,0
