[{"androidAPIS":[],"javaAPIS":[],"unknownAPIS":[],"methodName":"makeButtonDoStuff","externalAPI":[]},{"androidAPIS":[],"javaAPIS":[],"unknownAPIS":[],"methodName":"makeButtonDoStuff","externalAPI":[]},{"androidAPIS":[],"javaAPIS":[],"unknownAPIS":[],"methodName":"makeButtonDoStuff","externalAPI":[]},{"androidAPIS":[],"javaAPIS":[],"unknownAPIS":[],"methodName":"makeButtonDoStuff","externalAPI":[]},{"androidAPIS":[],"javaAPIS":[],"unknownAPIS":[],"methodName":"onOptionsItemSelected","externalAPI":[]},{"androidAPIS":[],"javaAPIS":[],"unknownAPIS":[],"methodName":"onOptionsItemSelected","externalAPI":[]},{"androidAPIS":[],"javaAPIS":[],"unknownAPIS":[],"methodName":"onOptionsItemSelected","externalAPI":[]},{"androidAPIS":[],"javaAPIS":[],"unknownAPIS":[],"methodName":"onOptionsItemSelected","externalAPI":[]},{"androidAPIS":[],"javaAPIS":[],"unknownAPIS":[],"methodName":"makeButtonDoStuff","externalAPI":[]},{"androidAPIS":[],"javaAPIS":[],"unknownAPIS":[],"methodName":"onOptionsItemSelected","externalAPI":[]},{"androidAPIS":[],"javaAPIS":[],"unknownAPIS":[],"methodName":"onOptionsItemSelected","externalAPI":[]},{"androidAPIS":[],"javaAPIS":[],"unknownAPIS":[],"methodName":"onOptionsItemSelected","externalAPI":[]},{"androidAPIS":[],"javaAPIS":[],"unknownAPIS":[],"methodName":"onOptionsItemSelected","externalAPI":[]},{"androidAPIS":[],"javaAPIS":[],"unknownAPIS":[],"methodName":"makeButtonDoStuff","externalAPI":[]},{"androidAPIS":[],"javaAPIS":[],"unknownAPIS":[],"methodName":"makeButtonDoStuff","externalAPI":[]},{"androidAPIS":[],"javaAPIS":[],"unknownAPIS":[],"methodName":"makeButtonDoStuff","externalAPI":[]},{"androidAPIS":[],"javaAPIS":[],"unknownAPIS":[],"methodName":"makeButtonDoStuff","externalAPI":[]},{"androidAPIS":[],"javaAPIS":[],"unknownAPIS":[],"methodName":"makeButtonDoStuff","externalAPI":[]},{"androidAPIS":[],"javaAPIS":[],"unknownAPIS":[],"methodName":"makeButtonDoStuff","externalAPI":[]},{"androidAPIS":[],"javaAPIS":[],"unknownAPIS":[],"methodName":"makeButtonDoStuff","externalAPI":[]},{"androidAPIS":[],"javaAPIS":[],"unknownAPIS":[],"methodName":"makeButtonDoStuff","externalAPI":[]},{"androidAPIS":[],"javaAPIS":[],"unknownAPIS":[],"methodName":"makeButtonDoStuff","externalAPI":[]},{"androidAPIS":[],"javaAPIS":[],"unknownAPIS":[],"methodName":"onOptionsItemSelected","externalAPI":[]},{"androidAPIS":[],"javaAPIS":[],"unknownAPIS":[],"methodName":"makeButtonDoStuff","externalAPI":[]},{"androidAPIS":[],"javaAPIS":[],"unknownAPIS":[],"methodName":"onOptionsItemSelected","externalAPI":[]},{"androidAPIS":[],"javaAPIS":[],"unknownAPIS":[],"methodName":"makeButtonDoStuff","externalAPI":[]}]